path,class_id,class_name,source,group_id,split
C:\Users\bhave\OneDrive\Desktop\Sem7\ComputerVision\Project\part2\dataset\archive\data\data\real\10\10.jpg,0,10_rupees,current_real,current_0_10,train
C:\Users\bhave\OneDrive\Desktop\Sem7\ComputerVision\Project\part2\dataset\archive\data\data\real\10\100.jpg,0,10_rupees,current_real,current_0_100,train
C:\Users\bhave\OneDrive\Desktop\Sem7\ComputerVision\Project\part2\dataset\archive\data\data\real\10\102.jpg,0,10_rupees,current_real,current_0_102,train
C:\Users\bhave\OneDrive\Desktop\Sem7\ComputerVision\Project\part2\dataset\archive\data\data\real\10\11.jpg,0,10_rupees,current_real,current_0_11,train
C:\Users\bhave\OneDrive\Desktop\Sem7\ComputerVision\Project\part2\dataset\archive\data\data\real\10\13.jpg,0,10_rupees,current_real,current_0_13,train
C:\Users\bhave\OneDrive\Desktop\Sem7\ComputerVision\Project\part2\dataset\archive\data\data\real\10\16.jpg,0,10_rupees,current_real,current_0_16,train
C:\Users\bhave\OneDrive\Desktop\Sem7\ComputerVision\Project\part2\dataset\archive\data\data\real\10\17.jpg,0,10_rupees,current_real,current_0_17,train
C:\Users\bhave\OneDrive\Desktop\Sem7\ComputerVision\Project\part2\dataset\archive\data\data\real\10\18.jpg,0,10_rupees,current_real,current_0_18,train
C:\Users\bhave\OneDrive\Desktop\Sem7\ComputerVision\Project\part2\dataset\archive\data\data\real\10\19.jpg,0,10_rupees,current_real,current_0_19,train
C:\Users\bhave\OneDrive\Desktop\Sem7\ComputerVision\Project\part2\dataset\archive\data\data\real\10\2.jpg,0,10_rupees,current_real,current_0_2,train
C:\Users\bhave\OneDrive\Desktop\Sem7\ComputerVision\Project\part2\dataset\archive\data\data\real\10\20.jpg,0,10_rupees,current_real,current_0_20,train
C:\Users\bhave\OneDrive\Desktop\Sem7\ComputerVision\Project\part2\dataset\archive\data\data\real\10\21.jpg,0,10_rupees,current_real,current_0_21,train
C:\Users\bhave\OneDrive\Desktop\Sem7\ComputerVision\Project\part2\dataset\archive\data\data\real\10\24.jpg,0,10_rupees,current_real,current_0_24,train
C:\Users\bhave\OneDrive\Desktop\Sem7\ComputerVision\Project\part2\dataset\archive\data\data\real\10\25.jpg,0,10_rupees,current_real,current_0_25,train
C:\Users\bhave\OneDrive\Desktop\Sem7\ComputerVision\Project\part2\dataset\archive\data\data\real\10\27.jpg,0,10_rupees,current_real,current_0_27,train
C:\Users\bhave\OneDrive\Desktop\Sem7\ComputerVision\Project\part2\dataset\archive\data\data\real\10\28.jpg,0,10_rupees,current_real,current_0_28,train
C:\Users\bhave\OneDrive\Desktop\Sem7\ComputerVision\Project\part2\dataset\archive\data\data\real\10\3.jpg,0,10_rupees,current_real,current_0_3,train
C:\Users\bhave\OneDrive\Desktop\Sem7\ComputerVision\Project\part2\dataset\archive\data\data\real\10\32.jpg,0,10_rupees,current_real,current_0_32,train
C:\Users\bhave\OneDrive\Desktop\Sem7\ComputerVision\Project\part2\dataset\archive\data\data\real\10\34.jpg,0,10_rupees,current_real,current_0_34,train
C:\Users\bhave\OneDrive\Desktop\Sem7\ComputerVision\Project\part2\dataset\archive\data\data\real\10\36.jpg,0,10_rupees,current_real,current_0_36,train
C:\Users\bhave\OneDrive\Desktop\Sem7\ComputerVision\Project\part2\dataset\archive\data\data\real\10\38.jpg,0,10_rupees,current_real,current_0_38,train
C:\Users\bhave\OneDrive\Desktop\Sem7\ComputerVision\Project\part2\dataset\archive\data\data\real\10\39.jpg,0,10_rupees,current_real,current_0_39,train
C:\Users\bhave\OneDrive\Desktop\Sem7\ComputerVision\Project\part2\dataset\archive\data\data\real\10\4.jpg,0,10_rupees,current_real,current_0_4,train
C:\Users\bhave\OneDrive\Desktop\Sem7\ComputerVision\Project\part2\dataset\archive\data\data\real\10\42.jpg,0,10_rupees,current_real,current_0_42,train
C:\Users\bhave\OneDrive\Desktop\Sem7\ComputerVision\Project\part2\dataset\archive\data\data\real\10\43.jpg,0,10_rupees,current_real,current_0_43,train
C:\Users\bhave\OneDrive\Desktop\Sem7\ComputerVision\Project\part2\dataset\archive\data\data\real\10\45.jpg,0,10_rupees,current_real,current_0_45,train
C:\Users\bhave\OneDrive\Desktop\Sem7\ComputerVision\Project\part2\dataset\archive\data\data\real\10\47.jpg,0,10_rupees,current_real,current_0_47,train
C:\Users\bhave\OneDrive\Desktop\Sem7\ComputerVision\Project\part2\dataset\archive\data\data\real\10\50.jpg,0,10_rupees,current_real,current_0_50,train
C:\Users\bhave\OneDrive\Desktop\Sem7\ComputerVision\Project\part2\dataset\archive\data\data\real\10\53.jpg,0,10_rupees,current_real,current_0_53,train
C:\Users\bhave\OneDrive\Desktop\Sem7\ComputerVision\Project\part2\dataset\archive\data\data\real\10\56.jpg,0,10_rupees,current_real,current_0_56,train
C:\Users\bhave\OneDrive\Desktop\Sem7\ComputerVision\Project\part2\dataset\archive\data\data\real\10\57.jpg,0,10_rupees,current_real,current_0_57,train
C:\Users\bhave\OneDrive\Desktop\Sem7\ComputerVision\Project\part2\dataset\archive\data\data\real\10\6.jpg,0,10_rupees,current_real,current_0_6,train
C:\Users\bhave\OneDrive\Desktop\Sem7\ComputerVision\Project\part2\dataset\archive\data\data\real\10\60.jpg,0,10_rupees,current_real,current_0_60,train
C:\Users\bhave\OneDrive\Desktop\Sem7\ComputerVision\Project\part2\dataset\archive\data\data\real\10\62.jpg,0,10_rupees,current_real,current_0_62,train
C:\Users\bhave\OneDrive\Desktop\Sem7\ComputerVision\Project\part2\dataset\archive\data\data\real\10\64.jpg,0,10_rupees,current_real,current_0_64,train
C:\Users\bhave\OneDrive\Desktop\Sem7\ComputerVision\Project\part2\dataset\archive\data\data\real\10\65.jpg,0,10_rupees,current_real,current_0_65,train
C:\Users\bhave\OneDrive\Desktop\Sem7\ComputerVision\Project\part2\dataset\archive\data\data\real\10\66.jpg,0,10_rupees,current_real,current_0_66,train
C:\Users\bhave\OneDrive\Desktop\Sem7\ComputerVision\Project\part2\dataset\archive\data\data\real\10\69.jpg,0,10_rupees,current_real,current_0_69,train
C:\Users\bhave\OneDrive\Desktop\Sem7\ComputerVision\Project\part2\dataset\archive\data\data\real\10\7.jpg,0,10_rupees,current_real,current_0_7,train
C:\Users\bhave\OneDrive\Desktop\Sem7\ComputerVision\Project\part2\dataset\archive\data\data\real\10\70.jpg,0,10_rupees,current_real,current_0_70,train
C:\Users\bhave\OneDrive\Desktop\Sem7\ComputerVision\Project\part2\dataset\archive\data\data\real\10\72.jpg,0,10_rupees,current_real,current_0_72,train
C:\Users\bhave\OneDrive\Desktop\Sem7\ComputerVision\Project\part2\dataset\archive\data\data\real\10\73.jpg,0,10_rupees,current_real,current_0_73,train
C:\Users\bhave\OneDrive\Desktop\Sem7\ComputerVision\Project\part2\dataset\archive\data\data\real\10\75.jpg,0,10_rupees,current_real,current_0_75,train
C:\Users\bhave\OneDrive\Desktop\Sem7\ComputerVision\Project\part2\dataset\archive\data\data\real\10\76.jpg,0,10_rupees,current_real,current_0_76,train
C:\Users\bhave\OneDrive\Desktop\Sem7\ComputerVision\Project\part2\dataset\archive\data\data\real\10\8.jpg,0,10_rupees,current_real,current_0_8,train
C:\Users\bhave\OneDrive\Desktop\Sem7\ComputerVision\Project\part2\dataset\archive\data\data\real\10\81.jpg,0,10_rupees,current_real,current_0_81,train
C:\Users\bhave\OneDrive\Desktop\Sem7\ComputerVision\Project\part2\dataset\archive\data\data\real\10\82.jpg,0,10_rupees,current_real,current_0_82,train
C:\Users\bhave\OneDrive\Desktop\Sem7\ComputerVision\Project\part2\dataset\archive\data\data\real\10\83.jpg,0,10_rupees,current_real,current_0_83,train
C:\Users\bhave\OneDrive\Desktop\Sem7\ComputerVision\Project\part2\dataset\archive\data\data\real\10\86.jpg,0,10_rupees,current_real,current_0_86,train
C:\Users\bhave\OneDrive\Desktop\Sem7\ComputerVision\Project\part2\dataset\archive\data\data\real\10\87.jpg,0,10_rupees,current_real,current_0_87,train
C:\Users\bhave\OneDrive\Desktop\Sem7\ComputerVision\Project\part2\dataset\archive\data\data\real\10\88.jpg,0,10_rupees,current_real,current_0_88,train
C:\Users\bhave\OneDrive\Desktop\Sem7\ComputerVision\Project\part2\dataset\archive\data\data\real\10\89.jpg,0,10_rupees,current_real,current_0_89,train
C:\Users\bhave\OneDrive\Desktop\Sem7\ComputerVision\Project\part2\dataset\archive\data\data\real\10\9.jpg,0,10_rupees,current_real,current_0_9,train
C:\Users\bhave\OneDrive\Desktop\Sem7\ComputerVision\Project\part2\dataset\archive\data\data\real\10\90.jpg,0,10_rupees,current_real,current_0_90,train
C:\Users\bhave\OneDrive\Desktop\Sem7\ComputerVision\Project\part2\dataset\archive\data\data\real\10\93.jpg,0,10_rupees,current_real,current_0_93,train
C:\Users\bhave\OneDrive\Desktop\Sem7\ComputerVision\Project\part2\dataset\archive\data\data\real\10\95.jpg,0,10_rupees,current_real,current_0_95,train
C:\Users\bhave\OneDrive\Desktop\Sem7\ComputerVision\Project\part2\dataset\archive\data\data\real\10\97.jpg,0,10_rupees,current_real,current_0_97,train
C:\Users\bhave\OneDrive\Desktop\Sem7\ComputerVision\Project\part2\dataset\archive\data\data\real\10\98.jpg,0,10_rupees,current_real,current_0_98,train
C:\Users\bhave\OneDrive\Desktop\Sem7\ComputerVision\Project\part2\dataset\archive\data\data\real\10\99.jpg,0,10_rupees,current_real,current_0_99,train
C:\Users\bhave\OneDrive\Desktop\Sem7\ComputerVision\Project\part2\dataset\archive\data\data\real\10\IMG20220901124146.jpg,0,10_rupees,current_real,current_0_img20220901124146,train
C:\Users\bhave\OneDrive\Desktop\Sem7\ComputerVision\Project\part2\dataset\archive\data\data\real\10\IMG20220901124241.jpg,0,10_rupees,current_real,current_0_img20220901124241,train
C:\Users\bhave\OneDrive\Desktop\Sem7\ComputerVision\Project\part2\dataset\archive\data\data\real\10\IMG20220901133340.jpg,0,10_rupees,current_real,current_0_img20220901133340,train
C:\Users\bhave\OneDrive\Desktop\Sem7\ComputerVision\Project\part2\dataset\archive\data\data\real\10\IMG20220901133343.jpg,0,10_rupees,current_real,current_0_img20220901133343,train
C:\Users\bhave\OneDrive\Desktop\Sem7\ComputerVision\Project\part2\dataset\archive\data\data\real\10\IMG20220901133350.jpg,0,10_rupees,current_real,current_0_img20220901133350,train
C:\Users\bhave\OneDrive\Desktop\Sem7\ComputerVision\Project\part2\dataset\archive\data\data\real\10\IMG20220901133401.jpg,0,10_rupees,current_real,current_0_img20220901133401,train
C:\Users\bhave\OneDrive\Desktop\Sem7\ComputerVision\Project\part2\dataset\archive\data\data\real\10\IMG20220901133405.jpg,0,10_rupees,current_real,current_0_img20220901133405,train
C:\Users\bhave\OneDrive\Desktop\Sem7\ComputerVision\Project\part2\dataset\archive\data\data\real\10\IMG20220901133408.jpg,0,10_rupees,current_real,current_0_img20220901133408,train
C:\Users\bhave\OneDrive\Desktop\Sem7\ComputerVision\Project\part2\dataset\archive\data\data\real\10\IMG20220901133410.jpg,0,10_rupees,current_real,current_0_img20220901133410,train
C:\Users\bhave\OneDrive\Desktop\Sem7\ComputerVision\Project\part2\dataset\archive\data\data\real\10\IMG20221025194539.jpg,0,10_rupees,current_real,current_0_img20221025194539,train
C:\Users\bhave\OneDrive\Desktop\Sem7\ComputerVision\Project\part2\dataset\archive\data\data\real\10\IMG20221025194542.jpg,0,10_rupees,current_real,current_0_img20221025194542,train
C:\Users\bhave\OneDrive\Desktop\Sem7\ComputerVision\Project\part2\dataset\archive\data\data\real\10\IMG20221025194548.jpg,0,10_rupees,current_real,current_0_img20221025194548,train
C:\Users\bhave\OneDrive\Desktop\Sem7\ComputerVision\Project\part2\dataset\archive\data\data\real\10\IMG20221025194554.jpg,0,10_rupees,current_real,current_0_img20221025194554,train
C:\Users\bhave\OneDrive\Desktop\Sem7\ComputerVision\Project\part2\dataset\archive\data\data\real\10\IMG20221025194605.jpg,0,10_rupees,current_real,current_0_img20221025194605,train
C:\Users\bhave\OneDrive\Desktop\Sem7\ComputerVision\Project\part2\dataset\archive\data\data\real\10\IMG20221025194615.jpg,0,10_rupees,current_real,current_0_img20221025194615,train
C:\Users\bhave\OneDrive\Desktop\Sem7\ComputerVision\Project\part2\dataset\archive\data\data\real\10\IMG20221025194618.jpg,0,10_rupees,current_real,current_0_img20221025194618,train
C:\Users\bhave\OneDrive\Desktop\Sem7\ComputerVision\Project\part2\dataset\archive\data\data\real\10\IMG20221025194619.jpg,0,10_rupees,current_real,current_0_img20221025194619,train
C:\Users\bhave\OneDrive\Desktop\Sem7\ComputerVision\Project\part2\dataset\archive\data\data\real\10\IMG20221025194620.jpg,0,10_rupees,current_real,current_0_img20221025194620,train
C:\Users\bhave\OneDrive\Desktop\Sem7\ComputerVision\Project\part2\dataset\archive\data\data\real\10\IMG20221025194633.jpg,0,10_rupees,current_real,current_0_img20221025194633,train
C:\Users\bhave\OneDrive\Desktop\Sem7\ComputerVision\Project\part2\dataset\archive\data\data\real\10\IMG20221025194636.jpg,0,10_rupees,current_real,current_0_img20221025194636,train
C:\Users\bhave\OneDrive\Desktop\Sem7\ComputerVision\Project\part2\dataset\archive\data\data\real\10\IMG20221025194638.jpg,0,10_rupees,current_real,current_0_img20221025194638,train
C:\Users\bhave\OneDrive\Desktop\Sem7\ComputerVision\Project\part2\dataset\archive\data\data\real\10\IMG20221025194640.jpg,0,10_rupees,current_real,current_0_img20221025194640,train
C:\Users\bhave\OneDrive\Desktop\Sem7\ComputerVision\Project\part2\dataset\archive\data\data\real\10\IMG20221025194642.jpg,0,10_rupees,current_real,current_0_img20221025194642,train
C:\Users\bhave\OneDrive\Desktop\Sem7\ComputerVision\Project\part2\dataset\archive\data\data\real\10\IMG20221025194647.jpg,0,10_rupees,current_real,current_0_img20221025194647,train
C:\Users\bhave\OneDrive\Desktop\Sem7\ComputerVision\Project\part2\dataset\archive\data\data\real\10\IMG20221025194649.jpg,0,10_rupees,current_real,current_0_img20221025194649,train
C:\Users\bhave\OneDrive\Desktop\Sem7\ComputerVision\Project\part2\dataset\archive\data\data\real\10\IMG20221025194651.jpg,0,10_rupees,current_real,current_0_img20221025194651,train
C:\Users\bhave\OneDrive\Desktop\Sem7\ComputerVision\Project\part2\dataset\archive\data\data\real\10\IMG20221025194652.jpg,0,10_rupees,current_real,current_0_img20221025194652,train
C:\Users\bhave\OneDrive\Desktop\Sem7\ComputerVision\Project\part2\dataset\archive\data\data\real\10\IMG20221025194654.jpg,0,10_rupees,current_real,current_0_img20221025194654,train
C:\Users\bhave\OneDrive\Desktop\Sem7\ComputerVision\Project\part2\dataset\archive\data\data\real\10\IMG20221025194704.jpg,0,10_rupees,current_real,current_0_img20221025194704,train
C:\Users\bhave\OneDrive\Desktop\Sem7\ComputerVision\Project\part2\dataset\archive\data\data\real\10\IMG20221025194706.jpg,0,10_rupees,current_real,current_0_img20221025194706,train
C:\Users\bhave\OneDrive\Desktop\Sem7\ComputerVision\Project\part2\dataset\archive\data\data\real\10\IMG20221025194708.jpg,0,10_rupees,current_real,current_0_img20221025194708,train
C:\Users\bhave\OneDrive\Desktop\Sem7\ComputerVision\Project\part2\dataset\archive\data\data\real\10\IMG20221025194714.jpg,0,10_rupees,current_real,current_0_img20221025194714,train
C:\Users\bhave\OneDrive\Desktop\Sem7\ComputerVision\Project\part2\dataset\archive\data\data\real\10\IMG20221025194716.jpg,0,10_rupees,current_real,current_0_img20221025194716,train
C:\Users\bhave\OneDrive\Desktop\Sem7\ComputerVision\Project\part2\dataset\archive\data\data\real\10\IMG20221025194717.jpg,0,10_rupees,current_real,current_0_img20221025194717,train
C:\Users\bhave\OneDrive\Desktop\Sem7\ComputerVision\Project\part2\dataset\archive\data\data\real\10\IMG20221025194725.jpg,0,10_rupees,current_real,current_0_img20221025194725,train
C:\Users\bhave\OneDrive\Desktop\Sem7\ComputerVision\Project\part2\dataset\archive\data\data\real\10\IMG20221025194735.jpg,0,10_rupees,current_real,current_0_img20221025194735,train
C:\Users\bhave\OneDrive\Desktop\Sem7\ComputerVision\Project\part2\dataset\archive\data\data\real\10\IMG20221025194741.jpg,0,10_rupees,current_real,current_0_img20221025194741,train
C:\Users\bhave\OneDrive\Desktop\Sem7\ComputerVision\Project\part2\dataset\archive\data\data\real\10\IMG20221025194744.jpg,0,10_rupees,current_real,current_0_img20221025194744,train
C:\Users\bhave\OneDrive\Desktop\Sem7\ComputerVision\Project\part2\dataset\archive\data\data\real\10\IMG20221025194747.jpg,0,10_rupees,current_real,current_0_img20221025194747,train
C:\Users\bhave\OneDrive\Desktop\Sem7\ComputerVision\Project\part2\dataset\archive\data\data\real\10\IMG20221025194751.jpg,0,10_rupees,current_real,current_0_img20221025194751,train
C:\Users\bhave\OneDrive\Desktop\Sem7\ComputerVision\Project\part2\dataset\archive\data\data\real\10\IMG20221025194800.jpg,0,10_rupees,current_real,current_0_img20221025194800,train
C:\Users\bhave\OneDrive\Desktop\Sem7\ComputerVision\Project\part2\dataset\archive\data\data\real\10\IMG20221025194808.jpg,0,10_rupees,current_real,current_0_img20221025194808,train
C:\Users\bhave\OneDrive\Desktop\Sem7\ComputerVision\Project\part2\dataset\archive\data\data\real\10\IMG20221025194809.jpg,0,10_rupees,current_real,current_0_img20221025194809,train
C:\Users\bhave\OneDrive\Desktop\Sem7\ComputerVision\Project\part2\dataset\archive\data\data\real\10\IMG20221025194817.jpg,0,10_rupees,current_real,current_0_img20221025194817,train
C:\Users\bhave\OneDrive\Desktop\Sem7\ComputerVision\Project\part2\dataset\archive\data\data\real\10\IMG20221025194819.jpg,0,10_rupees,current_real,current_0_img20221025194819,train
C:\Users\bhave\OneDrive\Desktop\Sem7\ComputerVision\Project\part2\dataset\archive\data\data\real\10\IMG20221025194822.jpg,0,10_rupees,current_real,current_0_img20221025194822,train
C:\Users\bhave\OneDrive\Desktop\Sem7\ComputerVision\Project\part2\dataset\archive\data\data\real\10\IMG20221025194823.jpg,0,10_rupees,current_real,current_0_img20221025194823,train
C:\Users\bhave\OneDrive\Desktop\Sem7\ComputerVision\Project\part2\dataset\archive\data\data\real\10\IMG20221025195534.jpg,0,10_rupees,current_real,current_0_img20221025195534,train
C:\Users\bhave\OneDrive\Desktop\Sem7\ComputerVision\Project\part2\dataset\archive\data\data\real\10\IMG20221025195541.jpg,0,10_rupees,current_real,current_0_img20221025195541,train
C:\Users\bhave\OneDrive\Desktop\Sem7\ComputerVision\Project\part2\dataset\archive\data\data\real\10\IMG20221025195550.jpg,0,10_rupees,current_real,current_0_img20221025195550,train
C:\Users\bhave\OneDrive\Desktop\Sem7\ComputerVision\Project\part2\dataset\archive\data\data\real\10\IMG20221025195554.jpg,0,10_rupees,current_real,current_0_img20221025195554,train
C:\Users\bhave\OneDrive\Desktop\Sem7\ComputerVision\Project\part2\dataset\archive\data\data\real\10\IMG20221025195558.jpg,0,10_rupees,current_real,current_0_img20221025195558,train
C:\Users\bhave\OneDrive\Desktop\Sem7\ComputerVision\Project\part2\dataset\archive\data\data\real\10\IMG20221025195604.jpg,0,10_rupees,current_real,current_0_img20221025195604,train
C:\Users\bhave\OneDrive\Desktop\Sem7\ComputerVision\Project\part2\dataset\archive\data\data\real\10\IMG20221025195607.jpg,0,10_rupees,current_real,current_0_img20221025195607,train
C:\Users\bhave\OneDrive\Desktop\Sem7\ComputerVision\Project\part2\dataset\archive\data\data\real\10\IMG20221025195609.jpg,0,10_rupees,current_real,current_0_img20221025195609,train
C:\Users\bhave\OneDrive\Desktop\Sem7\ComputerVision\Project\part2\dataset\archive\data\data\real\10\IMG20221025195611.jpg,0,10_rupees,current_real,current_0_img20221025195611,train
C:\Users\bhave\OneDrive\Desktop\Sem7\ComputerVision\Project\part2\dataset\archive\data\data\real\10\IMG20221025195614.jpg,0,10_rupees,current_real,current_0_img20221025195614,train
C:\Users\bhave\OneDrive\Desktop\Sem7\ComputerVision\Project\part2\dataset\archive\data\data\real\10\IMG20221025195638.jpg,0,10_rupees,current_real,current_0_img20221025195638,train
C:\Users\bhave\OneDrive\Desktop\Sem7\ComputerVision\Project\part2\dataset\archive\data\data\real\10\IMG20221025195640.jpg,0,10_rupees,current_real,current_0_img20221025195640,train
C:\Users\bhave\OneDrive\Desktop\Sem7\ComputerVision\Project\part2\dataset\archive\data\data\real\10\IMG20221025195641.jpg,0,10_rupees,current_real,current_0_img20221025195641,train
C:\Users\bhave\OneDrive\Desktop\Sem7\ComputerVision\Project\part2\dataset\archive\data\data\real\10\IMG20221025195643.jpg,0,10_rupees,current_real,current_0_img20221025195643,train
C:\Users\bhave\OneDrive\Desktop\Sem7\ComputerVision\Project\part2\dataset\archive\data\data\real\10\IMG20221025195646.jpg,0,10_rupees,current_real,current_0_img20221025195646,train
C:\Users\bhave\OneDrive\Desktop\Sem7\ComputerVision\Project\part2\dataset\archive\data\data\real\10\IMG20221025195648.jpg,0,10_rupees,current_real,current_0_img20221025195648,train
C:\Users\bhave\OneDrive\Desktop\Sem7\ComputerVision\Project\part2\dataset\archive\data\data\real\10\IMG20221025195652.jpg,0,10_rupees,current_real,current_0_img20221025195652,train
C:\Users\bhave\OneDrive\Desktop\Sem7\ComputerVision\Project\part2\dataset\archive\data\data\real\10\IMG20221025195655.jpg,0,10_rupees,current_real,current_0_img20221025195655,train
C:\Users\bhave\OneDrive\Desktop\Sem7\ComputerVision\Project\part2\dataset\archive\data\data\real\10\IMG20221025195657.jpg,0,10_rupees,current_real,current_0_img20221025195657,train
C:\Users\bhave\OneDrive\Desktop\Sem7\ComputerVision\Project\part2\dataset\archive\data\data\real\10\IMG20221025195701.jpg,0,10_rupees,current_real,current_0_img20221025195701,train
C:\Users\bhave\OneDrive\Desktop\Sem7\ComputerVision\Project\part2\dataset\archive\data\data\real\10\IMG20221025195707.jpg,0,10_rupees,current_real,current_0_img20221025195707,train
C:\Users\bhave\OneDrive\Desktop\Sem7\ComputerVision\Project\part2\dataset\archive\data\data\real\10\IMG20221025195721.jpg,0,10_rupees,current_real,current_0_img20221025195721,train
C:\Users\bhave\OneDrive\Desktop\Sem7\ComputerVision\Project\part2\dataset\archive\data\data\real\10\IMG20221025195722.jpg,0,10_rupees,current_real,current_0_img20221025195722,train
C:\Users\bhave\OneDrive\Desktop\Sem7\ComputerVision\Project\part2\dataset\archive\data\data\real\10\IMG20221025195724.jpg,0,10_rupees,current_real,current_0_img20221025195724,train
C:\Users\bhave\OneDrive\Desktop\Sem7\ComputerVision\Project\part2\dataset\archive\data\data\real\10\IMG20221025195732.jpg,0,10_rupees,current_real,current_0_img20221025195732,train
C:\Users\bhave\OneDrive\Desktop\Sem7\ComputerVision\Project\part2\dataset\archive\data\data\real\10\IMG20221025195733.jpg,0,10_rupees,current_real,current_0_img20221025195733,train
C:\Users\bhave\OneDrive\Desktop\Sem7\ComputerVision\Project\part2\dataset\archive\data\data\real\10\IMG20221025195737.jpg,0,10_rupees,current_real,current_0_img20221025195737,train
C:\Users\bhave\OneDrive\Desktop\Sem7\ComputerVision\Project\part2\dataset\archive\data\data\real\10\IMG20221025195738.jpg,0,10_rupees,current_real,current_0_img20221025195738,train
C:\Users\bhave\OneDrive\Desktop\Sem7\ComputerVision\Project\part2\dataset\archive\data\data\real\10\IMG20221025195741.jpg,0,10_rupees,current_real,current_0_img20221025195741,train
C:\Users\bhave\OneDrive\Desktop\Sem7\ComputerVision\Project\part2\dataset\archive\data\data\real\10\IMG20221025195742.jpg,0,10_rupees,current_real,current_0_img20221025195742,train
C:\Users\bhave\OneDrive\Desktop\Sem7\ComputerVision\Project\part2\dataset\archive\data\data\real\10\IMG20221025195743.jpg,0,10_rupees,current_real,current_0_img20221025195743,train
C:\Users\bhave\OneDrive\Desktop\Sem7\ComputerVision\Project\part2\dataset\archive\data\data\real\10\IMG20221025195745.jpg,0,10_rupees,current_real,current_0_img20221025195745,train
C:\Users\bhave\OneDrive\Desktop\Sem7\ComputerVision\Project\part2\dataset\archive\data\data\real\10\IMG20221025195746.jpg,0,10_rupees,current_real,current_0_img20221025195746,train
C:\Users\bhave\OneDrive\Desktop\Sem7\ComputerVision\Project\part2\dataset\archive\data\data\real\10\IMG20221025195748.jpg,0,10_rupees,current_real,current_0_img20221025195748,train
C:\Users\bhave\OneDrive\Desktop\Sem7\ComputerVision\Project\part2\dataset\archive\data\data\real\10\IMG20221025195749.jpg,0,10_rupees,current_real,current_0_img20221025195749,train
C:\Users\bhave\OneDrive\Desktop\Sem7\ComputerVision\Project\part2\dataset\archive\data\data\real\10\IMG_1666261430932.jpg,0,10_rupees,current_real,current_0_img_1666261430932,train
C:\Users\bhave\OneDrive\Desktop\Sem7\ComputerVision\Project\part2\dataset\archive\data\data\real\10\IMG_1666261436356.jpg,0,10_rupees,current_real,current_0_img_1666261436356,train
C:\Users\bhave\OneDrive\Desktop\Sem7\ComputerVision\Project\part2\dataset\archive\data\data\real\10\IMG_1666261461815.jpg,0,10_rupees,current_real,current_0_img_1666261461815,train
C:\Users\bhave\OneDrive\Desktop\Sem7\ComputerVision\Project\part2\dataset\archive\data\data\real\10\IMG_1666261510521.jpg,0,10_rupees,current_real,current_0_img_1666261510521,train
C:\Users\bhave\OneDrive\Desktop\Sem7\ComputerVision\Project\part2\dataset\archive\data\data\real\10\IMG_1666261522441.jpg,0,10_rupees,current_real,current_0_img_1666261522441,train
C:\Users\bhave\OneDrive\Desktop\Sem7\ComputerVision\Project\part2\dataset\archive\data\data\real\10\IMG_1666261535548.jpg,0,10_rupees,current_real,current_0_img_1666261535548,train
C:\Users\bhave\OneDrive\Desktop\Sem7\ComputerVision\Project\part2\dataset\archive\data\data\real\10\IMG_1666261569130.jpg,0,10_rupees,current_real,current_0_img_1666261569130,train
C:\Users\bhave\OneDrive\Desktop\Sem7\ComputerVision\Project\part2\dataset\archive\data\data\real\10\IMG_1666261575546.jpg,0,10_rupees,current_real,current_0_img_1666261575546,train
C:\Users\bhave\OneDrive\Desktop\Sem7\ComputerVision\Project\part2\dataset\archive\data\data\real\10\IMG_1666261606145.jpg,0,10_rupees,current_real,current_0_img_1666261606145,train
C:\Users\bhave\OneDrive\Desktop\Sem7\ComputerVision\Project\part2\dataset\archive\data\data\real\10\IMG_1666261613524.jpg,0,10_rupees,current_real,current_0_img_1666261613524,train
C:\Users\bhave\OneDrive\Desktop\Sem7\ComputerVision\Project\part2\dataset\archive\data\data\real\10\IMG_1666261629304.jpg,0,10_rupees,current_real,current_0_img_1666261629304,train
C:\Users\bhave\OneDrive\Desktop\Sem7\ComputerVision\Project\part2\dataset\archive\data\data\real\10\IMG_1666261635382.jpg,0,10_rupees,current_real,current_0_img_1666261635382,train
C:\Users\bhave\OneDrive\Desktop\Sem7\ComputerVision\Project\part2\dataset\archive\data\data\real\10\IMG_1666261644714.jpg,0,10_rupees,current_real,current_0_img_1666261644714,train
C:\Users\bhave\OneDrive\Desktop\Sem7\ComputerVision\Project\part2\dataset\archive\data\data\real\10\IMG_1666261655813.jpg,0,10_rupees,current_real,current_0_img_1666261655813,train
C:\Users\bhave\OneDrive\Desktop\Sem7\ComputerVision\Project\part2\dataset\archive\data\data\real\10\IMG_1666261671577.jpg,0,10_rupees,current_real,current_0_img_1666261671577,train
C:\Users\bhave\OneDrive\Desktop\Sem7\ComputerVision\Project\part2\dataset\archive\data\data\real\10\IMG_1666261692402.jpg,0,10_rupees,current_real,current_0_img_1666261692402,train
C:\Users\bhave\OneDrive\Desktop\Sem7\ComputerVision\Project\part2\dataset\archive\data\data\real\10\IMG_1666261710513.jpg,0,10_rupees,current_real,current_0_img_1666261710513,train
C:\Users\bhave\OneDrive\Desktop\Sem7\ComputerVision\Project\part2\dataset\archive\data\data\real\10\IMG_1666261728869.jpg,0,10_rupees,current_real,current_0_img_1666261728869,train
C:\Users\bhave\OneDrive\Desktop\Sem7\ComputerVision\Project\part2\dataset\archive\data\data\real\10\IMG_1666261741357.jpg,0,10_rupees,current_real,current_0_img_1666261741357,train
C:\Users\bhave\OneDrive\Desktop\Sem7\ComputerVision\Project\part2\dataset\archive\data\data\real\10\IMG_1666261746982.jpg,0,10_rupees,current_real,current_0_img_1666261746982,train
C:\Users\bhave\OneDrive\Desktop\Sem7\ComputerVision\Project\part2\dataset\archive\data\data\real\10\IMG_1666261781178.jpg,0,10_rupees,current_real,current_0_img_1666261781178,train
C:\Users\bhave\OneDrive\Desktop\Sem7\ComputerVision\Project\part2\dataset\archive\data\data\real\10\IMG_1666261789967.jpg,0,10_rupees,current_real,current_0_img_1666261789967,train
C:\Users\bhave\OneDrive\Desktop\Sem7\ComputerVision\Project\part2\dataset\archive\data\data\real\10\IMG_1666261844740.jpg,0,10_rupees,current_real,current_0_img_1666261844740,train
C:\Users\bhave\OneDrive\Desktop\Sem7\ComputerVision\Project\part2\dataset\archive\data\data\real\10\IMG_1666261868444.jpg,0,10_rupees,current_real,current_0_img_1666261868444,train
C:\Users\bhave\OneDrive\Desktop\Sem7\ComputerVision\Project\part2\dataset\archive\data\data\real\10\IMG_1666261914674.jpg,0,10_rupees,current_real,current_0_img_1666261914674,train
C:\Users\bhave\OneDrive\Desktop\Sem7\ComputerVision\Project\part2\dataset\archive\data\data\real\10\IMG_1666261933686.jpg,0,10_rupees,current_real,current_0_img_1666261933686,train
C:\Users\bhave\OneDrive\Desktop\Sem7\ComputerVision\Project\part2\dataset\archive\data\data\real\10\IMG_1666261976083.jpg,0,10_rupees,current_real,current_0_img_1666261976083,train
C:\Users\bhave\OneDrive\Desktop\Sem7\ComputerVision\Project\part2\dataset\archive\data\data\real\10\IMG_1666261996038.jpg,0,10_rupees,current_real,current_0_img_1666261996038,train
C:\Users\bhave\OneDrive\Desktop\Sem7\ComputerVision\Project\part2\dataset\archive\data\data\real\10\IMG_1666262001388.jpg,0,10_rupees,current_real,current_0_img_1666262001388,train
C:\Users\bhave\OneDrive\Desktop\Sem7\ComputerVision\Project\part2\dataset\archive\data\data\real\10\IMG_1666262005922.jpg,0,10_rupees,current_real,current_0_img_1666262005922,train
C:\Users\bhave\OneDrive\Desktop\Sem7\ComputerVision\Project\part2\dataset\archive\data\data\real\10\IMG_1666262021493.jpg,0,10_rupees,current_real,current_0_img_1666262021493,train
C:\Users\bhave\OneDrive\Desktop\Sem7\ComputerVision\Project\part2\dataset\archive\data\data\real\10\IMG_1666263537326.jpg,0,10_rupees,current_real,current_0_img_1666263537326,train
C:\Users\bhave\OneDrive\Desktop\Sem7\ComputerVision\Project\part2\dataset\archive\data\data\real\10\IMG_1666263542720.jpg,0,10_rupees,current_real,current_0_img_1666263542720,train
C:\Users\bhave\OneDrive\Desktop\Sem7\ComputerVision\Project\part2\dataset\archive\data\data\real\10\IMG_1666263552928.jpg,0,10_rupees,current_real,current_0_img_1666263552928,train
C:\Users\bhave\OneDrive\Desktop\Sem7\ComputerVision\Project\part2\dataset\archive\data\data\real\10\IMG_1666263557953.jpg,0,10_rupees,current_real,current_0_img_1666263557953,train
C:\Users\bhave\OneDrive\Desktop\Sem7\ComputerVision\Project\part2\dataset\archive\data\data\real\10\IMG_1666263577552.jpg,0,10_rupees,current_real,current_0_img_1666263577552,train
C:\Users\bhave\OneDrive\Desktop\Sem7\ComputerVision\Project\part2\dataset\archive\data\data\real\10\IMG_1666263584993.jpg,0,10_rupees,current_real,current_0_img_1666263584993,train
C:\Users\bhave\OneDrive\Desktop\Sem7\ComputerVision\Project\part2\dataset\archive\data\data\real\10\IMG_1666263610249.jpg,0,10_rupees,current_real,current_0_img_1666263610249,train
C:\Users\bhave\OneDrive\Desktop\Sem7\ComputerVision\Project\part2\dataset\archive\data\data\real\10\IMG_1666263616153.jpg,0,10_rupees,current_real,current_0_img_1666263616153,train
C:\Users\bhave\OneDrive\Desktop\Sem7\ComputerVision\Project\part2\dataset\archive\data\data\real\10\IMG_1666263622387.jpg,0,10_rupees,current_real,current_0_img_1666263622387,train
C:\Users\bhave\OneDrive\Desktop\Sem7\ComputerVision\Project\part2\dataset\archive\data\data\real\10\IMG_1666263632435.jpg,0,10_rupees,current_real,current_0_img_1666263632435,train
C:\Users\bhave\OneDrive\Desktop\Sem7\ComputerVision\Project\part2\dataset\archive\data\data\real\10\IMG_1666263647237.jpg,0,10_rupees,current_real,current_0_img_1666263647237,train
C:\Users\bhave\OneDrive\Desktop\Sem7\ComputerVision\Project\part2\dataset\archive\data\data\real\10\IMG_1666263652901.jpg,0,10_rupees,current_real,current_0_img_1666263652901,train
C:\Users\bhave\OneDrive\Desktop\Sem7\ComputerVision\Project\part2\dataset\archive\data\data\real\10\IMG_1666263714516.jpg,0,10_rupees,current_real,current_0_img_1666263714516,train
C:\Users\bhave\OneDrive\Desktop\Sem7\ComputerVision\Project\part2\dataset\archive\data\data\real\10\IMG_1666263785943.jpg,0,10_rupees,current_real,current_0_img_1666263785943,train
C:\Users\bhave\OneDrive\Desktop\Sem7\ComputerVision\Project\part2\dataset\archive\data\data\real\10\IMG_1666263795628.jpg,0,10_rupees,current_real,current_0_img_1666263795628,train
C:\Users\bhave\OneDrive\Desktop\Sem7\ComputerVision\Project\part2\dataset\archive\data\data\real\10\IMG_1666263873490.jpg,0,10_rupees,current_real,current_0_img_1666263873490,train
C:\Users\bhave\OneDrive\Desktop\Sem7\ComputerVision\Project\part2\dataset\archive\data\data\real\10\IMG_1666263921352.jpg,0,10_rupees,current_real,current_0_img_1666263921352,train
C:\Users\bhave\OneDrive\Desktop\Sem7\ComputerVision\Project\part2\dataset\archive\data\data\real\10\IMG_1666263927972.jpg,0,10_rupees,current_real,current_0_img_1666263927972,train
C:\Users\bhave\OneDrive\Desktop\Sem7\ComputerVision\Project\part2\dataset\archive\data\data\real\10\IMG_1666263993495.jpg,0,10_rupees,current_real,current_0_img_1666263993495,train
C:\Users\bhave\OneDrive\Desktop\Sem7\ComputerVision\Project\part2\dataset\archive\data\data\real\10\IMG_1666264045671.jpg,0,10_rupees,current_real,current_0_img_1666264045671,train
C:\Users\bhave\OneDrive\Desktop\Sem7\ComputerVision\Project\part2\dataset\archive\data\data\real\10\IMG_1666264075109.jpg,0,10_rupees,current_real,current_0_img_1666264075109,train
C:\Users\bhave\OneDrive\Desktop\Sem7\ComputerVision\Project\part2\dataset\archive\data\data\real\10\IMG_1666264140947.jpg,0,10_rupees,current_real,current_0_img_1666264140947,train
C:\Users\bhave\OneDrive\Desktop\Sem7\ComputerVision\Project\part2\dataset\archive\data\data\real\10\IMG_1666264175124.jpg,0,10_rupees,current_real,current_0_img_1666264175124,train
C:\Users\bhave\OneDrive\Desktop\Sem7\ComputerVision\Project\part2\dataset\archive\data\data\real\10\IMG_1666264199047.jpg,0,10_rupees,current_real,current_0_img_1666264199047,train
C:\Users\bhave\OneDrive\Desktop\Sem7\ComputerVision\Project\part2\dataset\archive\data\data\real\10\IMG_1666264264805.jpg,0,10_rupees,current_real,current_0_img_1666264264805,train
C:\Users\bhave\OneDrive\Desktop\Sem7\ComputerVision\Project\part2\dataset\archive\data\data\real\10\IMG_1666264366136.jpg,0,10_rupees,current_real,current_0_img_1666264366136,train
C:\Users\bhave\OneDrive\Desktop\Sem7\ComputerVision\Project\part2\dataset\archive\data\data\real\10\IMG_1666264529120.jpg,0,10_rupees,current_real,current_0_img_1666264529120,train
C:\Users\bhave\OneDrive\Desktop\Sem7\ComputerVision\Project\part2\dataset\archive\data\data\real\10\IMG_1666264643266.jpg,0,10_rupees,current_real,current_0_img_1666264643266,train
C:\Users\bhave\OneDrive\Desktop\Sem7\ComputerVision\Project\part2\dataset\archive\data\data\real\10\IMG_1666264716463.jpg,0,10_rupees,current_real,current_0_img_1666264716463,train
C:\Users\bhave\OneDrive\Desktop\Sem7\ComputerVision\Project\part2\dataset\archive\data\data\real\10\IMG_1667831455069.jpg,0,10_rupees,current_real,current_0_img_1667831455069,train
C:\Users\bhave\OneDrive\Desktop\Sem7\ComputerVision\Project\part2\dataset\archive\data\data\real\10\IMG_1667831459607.jpg,0,10_rupees,current_real,current_0_img_1667831459607,train
C:\Users\bhave\OneDrive\Desktop\Sem7\ComputerVision\Project\part2\dataset\archive\data\data\real\10\IMG_1667831483208.jpg,0,10_rupees,current_real,current_0_img_1667831483208,train
C:\Users\bhave\OneDrive\Desktop\Sem7\ComputerVision\Project\part2\dataset\archive\data\data\real\10\IMG_1667831492999.jpg,0,10_rupees,current_real,current_0_img_1667831492999,train
C:\Users\bhave\OneDrive\Desktop\Sem7\ComputerVision\Project\part2\dataset\archive\data\data\real\10\IMG_1667831496684.jpg,0,10_rupees,current_real,current_0_img_1667831496684,train
C:\Users\bhave\OneDrive\Desktop\Sem7\ComputerVision\Project\part2\dataset\archive\data\data\real\10\IMG_1667831506823.jpg,0,10_rupees,current_real,current_0_img_1667831506823,train
C:\Users\bhave\OneDrive\Desktop\Sem7\ComputerVision\Project\part2\dataset\archive\data\data\real\10\IMG_1667831517936.jpg,0,10_rupees,current_real,current_0_img_1667831517936,train
C:\Users\bhave\OneDrive\Desktop\Sem7\ComputerVision\Project\part2\dataset\archive\data\data\real\10\IMG_1667831523291.jpg,0,10_rupees,current_real,current_0_img_1667831523291,train
C:\Users\bhave\OneDrive\Desktop\Sem7\ComputerVision\Project\part2\dataset\archive\data\data\real\10\IMG_1667831528437.jpg,0,10_rupees,current_real,current_0_img_1667831528437,train
C:\Users\bhave\OneDrive\Desktop\Sem7\ComputerVision\Project\part2\dataset\archive\data\data\real\10\IMG_1667831533100.jpg,0,10_rupees,current_real,current_0_img_1667831533100,train
C:\Users\bhave\OneDrive\Desktop\Sem7\ComputerVision\Project\part2\dataset\archive\data\data\real\10\IMG_1667831536925.jpg,0,10_rupees,current_real,current_0_img_1667831536925,train
C:\Users\bhave\OneDrive\Desktop\Sem7\ComputerVision\Project\part2\dataset\archive\data\data\real\10\IMG_1667831546376.jpg,0,10_rupees,current_real,current_0_img_1667831546376,train
C:\Users\bhave\OneDrive\Desktop\Sem7\ComputerVision\Project\part2\dataset\archive\data\data\real\10\IMG_1667831557657.jpg,0,10_rupees,current_real,current_0_img_1667831557657,train
C:\Users\bhave\OneDrive\Desktop\Sem7\ComputerVision\Project\part2\dataset\archive\data\data\real\10\IMG_1667831584341.jpg,0,10_rupees,current_real,current_0_img_1667831584341,train
C:\Users\bhave\OneDrive\Desktop\Sem7\ComputerVision\Project\part2\dataset\archive\data\data\real\10\IMG_1667831588602.jpg,0,10_rupees,current_real,current_0_img_1667831588602,train
C:\Users\bhave\OneDrive\Desktop\Sem7\ComputerVision\Project\part2\dataset\archive\data\data\real\10\IMG_1667831592332.jpg,0,10_rupees,current_real,current_0_img_1667831592332,train
C:\Users\bhave\OneDrive\Desktop\Sem7\ComputerVision\Project\part2\dataset\archive\data\data\real\10\IMG_1667831601356.jpg,0,10_rupees,current_real,current_0_img_1667831601356,train
C:\Users\bhave\OneDrive\Desktop\Sem7\ComputerVision\Project\part2\dataset\archive\data\data\real\10\IMG_1667831613373.jpg,0,10_rupees,current_real,current_0_img_1667831613373,train
C:\Users\bhave\OneDrive\Desktop\Sem7\ComputerVision\Project\part2\dataset\archive\data\data\real\10\IMG_1667831628920.jpg,0,10_rupees,current_real,current_0_img_1667831628920,train
C:\Users\bhave\OneDrive\Desktop\Sem7\ComputerVision\Project\part2\dataset\archive\data\data\real\10\IMG_1667831637763.jpg,0,10_rupees,current_real,current_0_img_1667831637763,train
C:\Users\bhave\OneDrive\Desktop\Sem7\ComputerVision\Project\part2\dataset\archive\data\data\real\10\IMG_1667831659102.jpg,0,10_rupees,current_real,current_0_img_1667831659102,train
C:\Users\bhave\OneDrive\Desktop\Sem7\ComputerVision\Project\part2\dataset\archive\data\data\real\10\IMG_1667831664334.jpg,0,10_rupees,current_real,current_0_img_1667831664334,train
C:\Users\bhave\OneDrive\Desktop\Sem7\ComputerVision\Project\part2\dataset\archive\data\data\real\10\IMG_1667831692871.jpg,0,10_rupees,current_real,current_0_img_1667831692871,train
C:\Users\bhave\OneDrive\Desktop\Sem7\ComputerVision\Project\part2\dataset\archive\data\data\real\10\IMG_1667831805159.jpg,0,10_rupees,current_real,current_0_img_1667831805159,train
C:\Users\bhave\OneDrive\Desktop\Sem7\ComputerVision\Project\part2\dataset\archive\data\data\real\10\IMG_1667831813780.jpg,0,10_rupees,current_real,current_0_img_1667831813780,train
C:\Users\bhave\OneDrive\Desktop\Sem7\ComputerVision\Project\part2\dataset\archive\data\data\real\10\IMG_1667831833473.jpg,0,10_rupees,current_real,current_0_img_1667831833473,train
C:\Users\bhave\OneDrive\Desktop\Sem7\ComputerVision\Project\part2\dataset\archive\data\data\real\10\IMG_1667831849693.jpg,0,10_rupees,current_real,current_0_img_1667831849693,train
C:\Users\bhave\OneDrive\Desktop\Sem7\ComputerVision\Project\part2\dataset\archive\data\data\real\10\IMG_1667831854003.jpg,0,10_rupees,current_real,current_0_img_1667831854003,train
C:\Users\bhave\OneDrive\Desktop\Sem7\ComputerVision\Project\part2\dataset\archive\data\data\real\10\IMG_1667831863040.jpg,0,10_rupees,current_real,current_0_img_1667831863040,train
C:\Users\bhave\OneDrive\Desktop\Sem7\ComputerVision\Project\part2\dataset\archive\data\data\real\10\IMG_1667831873389.jpg,0,10_rupees,current_real,current_0_img_1667831873389,train
C:\Users\bhave\OneDrive\Desktop\Sem7\ComputerVision\Project\part2\dataset\archive\data\data\real\10\IMG_1667831878272.jpg,0,10_rupees,current_real,current_0_img_1667831878272,train
C:\Users\bhave\OneDrive\Desktop\Sem7\ComputerVision\Project\part2\dataset\archive\data\data\real\10\IMG_1667831882737.jpg,0,10_rupees,current_real,current_0_img_1667831882737,train
C:\Users\bhave\OneDrive\Desktop\Sem7\ComputerVision\Project\part2\dataset\archive\data\data\real\10\IMG_1667831922529.jpg,0,10_rupees,current_real,current_0_img_1667831922529,train
C:\Users\bhave\OneDrive\Desktop\Sem7\ComputerVision\Project\part2\dataset\archive\data\data\real\10\IMG_1667831928759.jpg,0,10_rupees,current_real,current_0_img_1667831928759,train
C:\Users\bhave\OneDrive\Desktop\Sem7\ComputerVision\Project\part2\dataset\archive\data\data\real\10\IMG_1667831935590.jpg,0,10_rupees,current_real,current_0_img_1667831935590,train
C:\Users\bhave\OneDrive\Desktop\Sem7\ComputerVision\Project\part2\dataset\archive\data\data\real\10\IMG_1667831954036.jpg,0,10_rupees,current_real,current_0_img_1667831954036,train
C:\Users\bhave\OneDrive\Desktop\Sem7\ComputerVision\Project\part2\dataset\archive\data\data\real\10\IMG_1667831959104.jpg,0,10_rupees,current_real,current_0_img_1667831959104,train
C:\Users\bhave\OneDrive\Desktop\Sem7\ComputerVision\Project\part2\dataset\archive\data\data\real\10\IMG_1667831963030.jpg,0,10_rupees,current_real,current_0_img_1667831963030,train
C:\Users\bhave\OneDrive\Desktop\Sem7\ComputerVision\Project\part2\dataset\archive\data\data\real\10\IMG_1667831966765.jpg,0,10_rupees,current_real,current_0_img_1667831966765,train
C:\Users\bhave\OneDrive\Desktop\Sem7\ComputerVision\Project\part2\dataset\archive\data\data\real\10\IMG_1667831985459.jpg,0,10_rupees,current_real,current_0_img_1667831985459,train
C:\Users\bhave\OneDrive\Desktop\Sem7\ComputerVision\Project\part2\dataset\archive\data\data\real\10\IMG_1667831998838.jpg,0,10_rupees,current_real,current_0_img_1667831998838,train
C:\Users\bhave\OneDrive\Desktop\Sem7\ComputerVision\Project\part2\dataset\archive\data\data\real\10\IMG_1667832012209.jpg,0,10_rupees,current_real,current_0_img_1667832012209,train
C:\Users\bhave\OneDrive\Desktop\Sem7\ComputerVision\Project\part2\dataset\archive\data\data\real\10\IMG_1667832015824.jpg,0,10_rupees,current_real,current_0_img_1667832015824,train
C:\Users\bhave\OneDrive\Desktop\Sem7\ComputerVision\Project\part2\dataset\archive\data\data\real\10\IMG_1667832022080.jpg,0,10_rupees,current_real,current_0_img_1667832022080,train
C:\Users\bhave\OneDrive\Desktop\Sem7\ComputerVision\Project\part2\dataset\archive\data\data\real\10\IMG_1667832026363.jpg,0,10_rupees,current_real,current_0_img_1667832026363,train
C:\Users\bhave\OneDrive\Desktop\Sem7\ComputerVision\Project\part2\dataset\archive\data\data\real\10\IMG_1667832209814.jpg,0,10_rupees,current_real,current_0_img_1667832209814,train
C:\Users\bhave\OneDrive\Desktop\Sem7\ComputerVision\Project\part2\dataset\archive\data\data\real\10\IMG_1667832215039.jpg,0,10_rupees,current_real,current_0_img_1667832215039,train
C:\Users\bhave\OneDrive\Desktop\Sem7\ComputerVision\Project\part2\dataset\archive\data\data\real\10\IMG_1667832225865.jpg,0,10_rupees,current_real,current_0_img_1667832225865,train
C:\Users\bhave\OneDrive\Desktop\Sem7\ComputerVision\Project\part2\dataset\archive\data\data\real\10\IMG_1667832233795.jpg,0,10_rupees,current_real,current_0_img_1667832233795,train
C:\Users\bhave\OneDrive\Desktop\Sem7\ComputerVision\Project\part2\dataset\archive\data\data\real\10\IMG_1667832251841.jpg,0,10_rupees,current_real,current_0_img_1667832251841,train
C:\Users\bhave\OneDrive\Desktop\Sem7\ComputerVision\Project\part2\dataset\archive\data\data\real\10\IMG_1667832262421.jpg,0,10_rupees,current_real,current_0_img_1667832262421,train
C:\Users\bhave\OneDrive\Desktop\Sem7\ComputerVision\Project\part2\dataset\archive\data\data\real\10\IMG_1667832266540.jpg,0,10_rupees,current_real,current_0_img_1667832266540,train
C:\Users\bhave\OneDrive\Desktop\Sem7\ComputerVision\Project\part2\dataset\archive\data\data\real\10\IMG_1667832272739.jpg,0,10_rupees,current_real,current_0_img_1667832272739,train
C:\Users\bhave\OneDrive\Desktop\Sem7\ComputerVision\Project\part2\dataset\archive\data\data\real\10\IMG_1667832279535.jpg,0,10_rupees,current_real,current_0_img_1667832279535,train
C:\Users\bhave\OneDrive\Desktop\Sem7\ComputerVision\Project\part2\dataset\archive\data\data\real\10\IMG_1667832297692.jpg,0,10_rupees,current_real,current_0_img_1667832297692,train
C:\Users\bhave\OneDrive\Desktop\Sem7\ComputerVision\Project\part2\dataset\archive\data\data\real\10\IMG_1667832301688.jpg,0,10_rupees,current_real,current_0_img_1667832301688,train
C:\Users\bhave\OneDrive\Desktop\Sem7\ComputerVision\Project\part2\dataset\archive\data\data\real\10\IMG_1667832317760.jpg,0,10_rupees,current_real,current_0_img_1667832317760,train
C:\Users\bhave\OneDrive\Desktop\Sem7\ComputerVision\Project\part2\dataset\archive\data\data\real\10\IMG_1667832355678.jpg,0,10_rupees,current_real,current_0_img_1667832355678,train
C:\Users\bhave\OneDrive\Desktop\Sem7\ComputerVision\Project\part2\dataset\archive\data\data\real\10\IMG_1667832360377.jpg,0,10_rupees,current_real,current_0_img_1667832360377,train
C:\Users\bhave\OneDrive\Desktop\Sem7\ComputerVision\Project\part2\dataset\archive\data\data\real\10\IMG_1667832373414.jpg,0,10_rupees,current_real,current_0_img_1667832373414,train
C:\Users\bhave\OneDrive\Desktop\Sem7\ComputerVision\Project\part2\dataset\archive\data\data\real\10\IMG_1667832379947.jpg,0,10_rupees,current_real,current_0_img_1667832379947,train
C:\Users\bhave\OneDrive\Desktop\Sem7\ComputerVision\Project\part2\dataset\archive\data\data\real\10\IMG_1667832396527.jpg,0,10_rupees,current_real,current_0_img_1667832396527,train
C:\Users\bhave\OneDrive\Desktop\Sem7\ComputerVision\Project\part2\dataset\archive\data\data\real\10\IMG_1667832423629.jpg,0,10_rupees,current_real,current_0_img_1667832423629,train
C:\Users\bhave\OneDrive\Desktop\Sem7\ComputerVision\Project\part2\dataset\archive\data\data\real\10\IMG_1667832440529.jpg,0,10_rupees,current_real,current_0_img_1667832440529,train
C:\Users\bhave\OneDrive\Desktop\Sem7\ComputerVision\Project\part2\dataset\archive\data\data\real\10\IMG_1667832459778.jpg,0,10_rupees,current_real,current_0_img_1667832459778,train
C:\Users\bhave\OneDrive\Desktop\Sem7\ComputerVision\Project\part2\dataset\archive\data\data\real\10\IMG_1667832466774.jpg,0,10_rupees,current_real,current_0_img_1667832466774,train
C:\Users\bhave\OneDrive\Desktop\Sem7\ComputerVision\Project\part2\dataset\archive\data\data\real\10\IMG_1667832475676.jpg,0,10_rupees,current_real,current_0_img_1667832475676,train
C:\Users\bhave\OneDrive\Desktop\Sem7\ComputerVision\Project\part2\dataset\archive\data\data\real\10\IMG_1667832501930.jpg,0,10_rupees,current_real,current_0_img_1667832501930,train
C:\Users\bhave\OneDrive\Desktop\Sem7\ComputerVision\Project\part2\dataset\archive\data\data\real\10\IMG_1667832527865.jpg,0,10_rupees,current_real,current_0_img_1667832527865,train
C:\Users\bhave\OneDrive\Desktop\Sem7\ComputerVision\Project\part2\dataset\archive\data\data\real\10\IMG_1667832533522.jpg,0,10_rupees,current_real,current_0_img_1667832533522,train
C:\Users\bhave\OneDrive\Desktop\Sem7\ComputerVision\Project\part2\dataset\archive\data\data\real\10\IMG_1667832552911.jpg,0,10_rupees,current_real,current_0_img_1667832552911,train
C:\Users\bhave\OneDrive\Desktop\Sem7\ComputerVision\Project\part2\dataset\archive\data\data\real\10\IMG_1667832588599.jpg,0,10_rupees,current_real,current_0_img_1667832588599,train
C:\Users\bhave\OneDrive\Desktop\Sem7\ComputerVision\Project\part2\dataset\archive\data\data\real\10\IMG_1667832595813.jpg,0,10_rupees,current_real,current_0_img_1667832595813,train
C:\Users\bhave\OneDrive\Desktop\Sem7\ComputerVision\Project\part2\dataset\archive\data\data\real\10\IMG_1667832603679.jpg,0,10_rupees,current_real,current_0_img_1667832603679,train
C:\Users\bhave\OneDrive\Desktop\Sem7\ComputerVision\Project\part2\dataset\archive\data\data\real\10\IMG_1667832641821.jpg,0,10_rupees,current_real,current_0_img_1667832641821,train
C:\Users\bhave\OneDrive\Desktop\Sem7\ComputerVision\Project\part2\dataset\archive\data\data\real\10\IMG_1667832648945.jpg,0,10_rupees,current_real,current_0_img_1667832648945,train
C:\Users\bhave\OneDrive\Desktop\Sem7\ComputerVision\Project\part2\dataset\archive\data\data\real\10\IMG_1667832655103.jpg,0,10_rupees,current_real,current_0_img_1667832655103,train
C:\Users\bhave\OneDrive\Desktop\Sem7\ComputerVision\Project\part2\dataset\archive\data\data\real\10\IMG_1667832662991.jpg,0,10_rupees,current_real,current_0_img_1667832662991,train
C:\Users\bhave\OneDrive\Desktop\Sem7\ComputerVision\Project\part2\dataset\archive\data\data\real\10\IMG_1667832668199.jpg,0,10_rupees,current_real,current_0_img_1667832668199,train
C:\Users\bhave\OneDrive\Desktop\Sem7\ComputerVision\Project\part2\dataset\archive\data\data\real\10\IMG_1667832672628.jpg,0,10_rupees,current_real,current_0_img_1667832672628,train
C:\Users\bhave\OneDrive\Desktop\Sem7\ComputerVision\Project\part2\dataset\archive\data\data\real\10\IMG_1667832677262.jpg,0,10_rupees,current_real,current_0_img_1667832677262,train
C:\Users\bhave\OneDrive\Desktop\Sem7\ComputerVision\Project\part2\dataset\archive\data\data\real\10\IMG_1667832681657.jpg,0,10_rupees,current_real,current_0_img_1667832681657,train
C:\Users\bhave\OneDrive\Desktop\Sem7\ComputerVision\Project\part2\dataset\archive\data\data\real\10\IMG_1667832685853.jpg,0,10_rupees,current_real,current_0_img_1667832685853,train
C:\Users\bhave\OneDrive\Desktop\Sem7\ComputerVision\Project\part2\dataset\archive\data\data\real\10\IMG_1667832691059.jpg,0,10_rupees,current_real,current_0_img_1667832691059,train
C:\Users\bhave\OneDrive\Desktop\Sem7\ComputerVision\Project\part2\dataset\archive\data\data\real\10\IMG_1667832696280.jpg,0,10_rupees,current_real,current_0_img_1667832696280,train
C:\Users\bhave\OneDrive\Desktop\Sem7\ComputerVision\Project\part2\dataset\archive\data\data\real\10\IMG_1667832711879.jpg,0,10_rupees,current_real,current_0_img_1667832711879,train
C:\Users\bhave\OneDrive\Desktop\Sem7\ComputerVision\Project\part2\dataset\archive\data\data\real\10\IMG_1667832718828.jpg,0,10_rupees,current_real,current_0_img_1667832718828,train
C:\Users\bhave\OneDrive\Desktop\Sem7\ComputerVision\Project\part2\dataset\archive\data\data\real\10\IMG_1667832752166.jpg,0,10_rupees,current_real,current_0_img_1667832752166,train
C:\Users\bhave\OneDrive\Desktop\Sem7\ComputerVision\Project\part2\dataset\archive\data\data\real\10\IMG_1667832758198.jpg,0,10_rupees,current_real,current_0_img_1667832758198,train
C:\Users\bhave\OneDrive\Desktop\Sem7\ComputerVision\Project\part2\dataset\archive\data\data\real\10\IMG_1667832765677.jpg,0,10_rupees,current_real,current_0_img_1667832765677,train
C:\Users\bhave\OneDrive\Desktop\Sem7\ComputerVision\Project\part2\dataset\archive\data\data\real\10\IMG_1667832770552.jpg,0,10_rupees,current_real,current_0_img_1667832770552,train
C:\Users\bhave\OneDrive\Desktop\Sem7\ComputerVision\Project\part2\dataset\archive\data\data\real\10\IMG_1667832777339.jpg,0,10_rupees,current_real,current_0_img_1667832777339,train
C:\Users\bhave\OneDrive\Desktop\Sem7\ComputerVision\Project\part2\dataset\archive\data\data\real\10\IMG_1667832782706.jpg,0,10_rupees,current_real,current_0_img_1667832782706,train
C:\Users\bhave\OneDrive\Desktop\Sem7\ComputerVision\Project\part2\dataset\archive\data\data\real\10\IMG_1667832814554.jpg,0,10_rupees,current_real,current_0_img_1667832814554,train
C:\Users\bhave\OneDrive\Desktop\Sem7\ComputerVision\Project\part2\dataset\archive\data\data\real\10\IMG_1667832820405.jpg,0,10_rupees,current_real,current_0_img_1667832820405,train
C:\Users\bhave\OneDrive\Desktop\Sem7\ComputerVision\Project\part2\dataset\archive\data\data\real\10\IMG_1667832844956.jpg,0,10_rupees,current_real,current_0_img_1667832844956,train
C:\Users\bhave\OneDrive\Desktop\Sem7\ComputerVision\Project\part2\dataset\archive\data\data\real\10\IMG_1667832854547.jpg,0,10_rupees,current_real,current_0_img_1667832854547,train
C:\Users\bhave\OneDrive\Desktop\Sem7\ComputerVision\Project\part2\dataset\archive\data\data\real\10\IMG_1667832901150.jpg,0,10_rupees,current_real,current_0_img_1667832901150,train
C:\Users\bhave\OneDrive\Desktop\Sem7\ComputerVision\Project\part2\dataset\archive\data\data\real\10\IMG_1667832907361.jpg,0,10_rupees,current_real,current_0_img_1667832907361,train
C:\Users\bhave\OneDrive\Desktop\Sem7\ComputerVision\Project\part2\dataset\archive\data\data\real\10\IMG_1667832921609.jpg,0,10_rupees,current_real,current_0_img_1667832921609,train
C:\Users\bhave\OneDrive\Desktop\Sem7\ComputerVision\Project\part2\dataset\archive\data\data\real\10\IMG_1667832939042.jpg,0,10_rupees,current_real,current_0_img_1667832939042,train
C:\Users\bhave\OneDrive\Desktop\Sem7\ComputerVision\Project\part2\dataset\archive\data\data\real\10\IMG_1667832971640.jpg,0,10_rupees,current_real,current_0_img_1667832971640,train
C:\Users\bhave\OneDrive\Desktop\Sem7\ComputerVision\Project\part2\dataset\archive\data\data\real\10\IMG_1667833001441.jpg,0,10_rupees,current_real,current_0_img_1667833001441,train
C:\Users\bhave\OneDrive\Desktop\Sem7\ComputerVision\Project\part2\dataset\archive\data\data\real\10\IMG_1667833005922.jpg,0,10_rupees,current_real,current_0_img_1667833005922,train
C:\Users\bhave\OneDrive\Desktop\Sem7\ComputerVision\Project\part2\dataset\archive\data\data\real\10\IMG_1667833021054.jpg,0,10_rupees,current_real,current_0_img_1667833021054,train
C:\Users\bhave\OneDrive\Desktop\Sem7\ComputerVision\Project\part2\dataset\archive\data\data\real\10\IMG_1667833029101.jpg,0,10_rupees,current_real,current_0_img_1667833029101,train
C:\Users\bhave\OneDrive\Desktop\Sem7\ComputerVision\Project\part2\dataset\archive\data\data\real\10\IMG_1667833043224.jpg,0,10_rupees,current_real,current_0_img_1667833043224,train
C:\Users\bhave\OneDrive\Desktop\Sem7\ComputerVision\Project\part2\dataset\archive\data\data\real\10\IMG_1667833055622.jpg,0,10_rupees,current_real,current_0_img_1667833055622,train
C:\Users\bhave\OneDrive\Desktop\Sem7\ComputerVision\Project\part2\dataset\archive\data\data\real\10\IMG_1667833085592.jpg,0,10_rupees,current_real,current_0_img_1667833085592,train
C:\Users\bhave\OneDrive\Desktop\Sem7\ComputerVision\Project\part2\dataset\archive\data\data\real\10\IMG_1667833117705.jpg,0,10_rupees,current_real,current_0_img_1667833117705,train
C:\Users\bhave\OneDrive\Desktop\Sem7\ComputerVision\Project\part2\dataset\archive\data\data\real\10\IMG_1667833140727.jpg,0,10_rupees,current_real,current_0_img_1667833140727,train
C:\Users\bhave\OneDrive\Desktop\Sem7\ComputerVision\Project\part2\dataset\archive\data\data\real\10\IMG_1667833157820.jpg,0,10_rupees,current_real,current_0_img_1667833157820,train
C:\Users\bhave\OneDrive\Desktop\Sem7\ComputerVision\Project\part2\dataset\archive\data\data\real\10\IMG_1667833163957.jpg,0,10_rupees,current_real,current_0_img_1667833163957,train
C:\Users\bhave\OneDrive\Desktop\Sem7\ComputerVision\Project\part2\dataset\archive\data\data\real\10\IMG_1667833181017.jpg,0,10_rupees,current_real,current_0_img_1667833181017,train
C:\Users\bhave\OneDrive\Desktop\Sem7\ComputerVision\Project\part2\dataset\archive\data\data\real\10\IMG_1667833588166.jpg,0,10_rupees,current_real,current_0_img_1667833588166,train
C:\Users\bhave\OneDrive\Desktop\Sem7\ComputerVision\Project\part2\dataset\archive\data\data\real\10\IMG_1667833604515.jpg,0,10_rupees,current_real,current_0_img_1667833604515,train
C:\Users\bhave\OneDrive\Desktop\Sem7\ComputerVision\Project\part2\dataset\archive\data\data\real\10\IMG_1667833750303.jpg,0,10_rupees,current_real,current_0_img_1667833750303,train
C:\Users\bhave\OneDrive\Desktop\Sem7\ComputerVision\Project\part2\dataset\archive\data\data\real\10\IMG_1667833755704.jpg,0,10_rupees,current_real,current_0_img_1667833755704,train
C:\Users\bhave\OneDrive\Desktop\Sem7\ComputerVision\Project\part2\dataset\archive\data\data\real\10\IMG_1667833761866.jpg,0,10_rupees,current_real,current_0_img_1667833761866,train
C:\Users\bhave\OneDrive\Desktop\Sem7\ComputerVision\Project\part2\dataset\archive\data\data\real\10\IMG_1667833767314.jpg,0,10_rupees,current_real,current_0_img_1667833767314,train
C:\Users\bhave\OneDrive\Desktop\Sem7\ComputerVision\Project\part2\dataset\archive\data\data\real\10\IMG_1667833777437.jpg,0,10_rupees,current_real,current_0_img_1667833777437,train
C:\Users\bhave\OneDrive\Desktop\Sem7\ComputerVision\Project\part2\dataset\archive\data\data\real\10\IMG_1667833781763.jpg,0,10_rupees,current_real,current_0_img_1667833781763,train
C:\Users\bhave\OneDrive\Desktop\Sem7\ComputerVision\Project\part2\dataset\archive\data\data\real\10\IMG_1667833787330.jpg,0,10_rupees,current_real,current_0_img_1667833787330,train
C:\Users\bhave\OneDrive\Desktop\Sem7\ComputerVision\Project\part2\dataset\archive\data\data\real\10\IMG_1667833806582.jpg,0,10_rupees,current_real,current_0_img_1667833806582,train
C:\Users\bhave\OneDrive\Desktop\Sem7\ComputerVision\Project\part2\dataset\archive\data\data\real\10\IMG_1667833810497.jpg,0,10_rupees,current_real,current_0_img_1667833810497,train
C:\Users\bhave\OneDrive\Desktop\Sem7\ComputerVision\Project\part2\dataset\archive\data\data\real\10\IMG_1667833814607.jpg,0,10_rupees,current_real,current_0_img_1667833814607,train
C:\Users\bhave\OneDrive\Desktop\Sem7\ComputerVision\Project\part2\dataset\archive\data\data\real\10\IMG_1667833836211.jpg,0,10_rupees,current_real,current_0_img_1667833836211,train
C:\Users\bhave\OneDrive\Desktop\Sem7\ComputerVision\Project\part2\dataset\archive\data\data\real\10\IMG_1667833844127.jpg,0,10_rupees,current_real,current_0_img_1667833844127,train
C:\Users\bhave\OneDrive\Desktop\Sem7\ComputerVision\Project\part2\dataset\archive\data\data\real\10\IMG_1667833904213.jpg,0,10_rupees,current_real,current_0_img_1667833904213,train
C:\Users\bhave\OneDrive\Desktop\Sem7\ComputerVision\Project\part2\dataset\archive\data\data\real\10\IMG_1667833908447.jpg,0,10_rupees,current_real,current_0_img_1667833908447,train
C:\Users\bhave\OneDrive\Desktop\Sem7\ComputerVision\Project\part2\dataset\archive\data\data\real\10\IMG_1667833932423.jpg,0,10_rupees,current_real,current_0_img_1667833932423,train
C:\Users\bhave\OneDrive\Desktop\Sem7\ComputerVision\Project\part2\dataset\archive\data\data\real\10\IMG_1667834011760.jpg,0,10_rupees,current_real,current_0_img_1667834011760,train
C:\Users\bhave\OneDrive\Desktop\Sem7\ComputerVision\Project\part2\dataset\archive\data\data\real\10\IMG_1667834065807.jpg,0,10_rupees,current_real,current_0_img_1667834065807,train
C:\Users\bhave\OneDrive\Desktop\Sem7\ComputerVision\Project\part2\dataset\archive\data\data\real\10\IMG_1667834089038.jpg,0,10_rupees,current_real,current_0_img_1667834089038,train
C:\Users\bhave\OneDrive\Desktop\Sem7\ComputerVision\Project\part2\dataset\archive\data\data\real\10\IMG_1667834094797.jpg,0,10_rupees,current_real,current_0_img_1667834094797,train
C:\Users\bhave\OneDrive\Desktop\Sem7\ComputerVision\Project\part2\dataset\archive\data\data\real\10\IMG_1667834112888.jpg,0,10_rupees,current_real,current_0_img_1667834112888,train
C:\Users\bhave\OneDrive\Desktop\Sem7\ComputerVision\Project\part2\dataset\archive\data\data\real\10\IMG_1667834126111.jpg,0,10_rupees,current_real,current_0_img_1667834126111,train
C:\Users\bhave\OneDrive\Desktop\Sem7\ComputerVision\Project\part2\dataset\archive\data\data\real\10\IMG_1667834154448.jpg,0,10_rupees,current_real,current_0_img_1667834154448,train
C:\Users\bhave\OneDrive\Desktop\Sem7\ComputerVision\Project\part2\dataset\archive\data\data\real\10\IMG_1667834162581.jpg,0,10_rupees,current_real,current_0_img_1667834162581,train
C:\Users\bhave\OneDrive\Desktop\Sem7\ComputerVision\Project\part2\dataset\archive\data\data\real\10\IMG_1667834416802.jpg,0,10_rupees,current_real,current_0_img_1667834416802,train
C:\Users\bhave\OneDrive\Desktop\Sem7\ComputerVision\Project\part2\dataset\archive\data\data\real\10\IMG_1667834445132.jpg,0,10_rupees,current_real,current_0_img_1667834445132,train
C:\Users\bhave\OneDrive\Desktop\Sem7\ComputerVision\Project\part2\dataset\archive\data\data\real\10\IMG_1667834458762.jpg,0,10_rupees,current_real,current_0_img_1667834458762,train
C:\Users\bhave\OneDrive\Desktop\Sem7\ComputerVision\Project\part2\dataset\archive\data\data\real\10\IMG_1667834501503.jpg,0,10_rupees,current_real,current_0_img_1667834501503,train
C:\Users\bhave\OneDrive\Desktop\Sem7\ComputerVision\Project\part2\dataset\archive\data\data\real\10\IMG_1667834508933.jpg,0,10_rupees,current_real,current_0_img_1667834508933,train
C:\Users\bhave\OneDrive\Desktop\Sem7\ComputerVision\Project\part2\dataset\archive\data\data\real\10\IMG_1667834512754.jpg,0,10_rupees,current_real,current_0_img_1667834512754,train
C:\Users\bhave\OneDrive\Desktop\Sem7\ComputerVision\Project\part2\dataset\archive\data\data\real\10\IMG_1667834523548.jpg,0,10_rupees,current_real,current_0_img_1667834523548,train
C:\Users\bhave\OneDrive\Desktop\Sem7\ComputerVision\Project\part2\dataset\archive\data\data\real\10\IMG_1667834555721.jpg,0,10_rupees,current_real,current_0_img_1667834555721,train
C:\Users\bhave\OneDrive\Desktop\Sem7\ComputerVision\Project\part2\dataset\archive\data\data\real\10\IMG_1667834570000.jpg,0,10_rupees,current_real,current_0_img_1667834570000,train
C:\Users\bhave\OneDrive\Desktop\Sem7\ComputerVision\Project\part2\dataset\archive\data\data\real\10\IMG_1667834581748.jpg,0,10_rupees,current_real,current_0_img_1667834581748,train
C:\Users\bhave\OneDrive\Desktop\Sem7\ComputerVision\Project\part2\dataset\archive\data\data\real\10\IMG_1667843000035.jpg,0,10_rupees,current_real,current_0_img_1667843000035,train
C:\Users\bhave\OneDrive\Desktop\Sem7\ComputerVision\Project\part2\dataset\archive\data\data\real\10\IMG_1667843003791.jpg,0,10_rupees,current_real,current_0_img_1667843003791,train
C:\Users\bhave\OneDrive\Desktop\Sem7\ComputerVision\Project\part2\dataset\archive\data\data\real\10\IMG_1667843014221.jpg,0,10_rupees,current_real,current_0_img_1667843014221,train
C:\Users\bhave\OneDrive\Desktop\Sem7\ComputerVision\Project\part2\dataset\archive\data\data\real\10\IMG_1667843019637.jpg,0,10_rupees,current_real,current_0_img_1667843019637,train
C:\Users\bhave\OneDrive\Desktop\Sem7\ComputerVision\Project\part2\dataset\archive\data\data\real\10\IMG_1667843024976.jpg,0,10_rupees,current_real,current_0_img_1667843024976,train
C:\Users\bhave\OneDrive\Desktop\Sem7\ComputerVision\Project\part2\dataset\archive\data\data\real\10\IMG_1667843028570.jpg,0,10_rupees,current_real,current_0_img_1667843028570,train
C:\Users\bhave\OneDrive\Desktop\Sem7\ComputerVision\Project\part2\dataset\archive\data\data\real\10\IMG_1667843052334.jpg,0,10_rupees,current_real,current_0_img_1667843052334,train
C:\Users\bhave\OneDrive\Desktop\Sem7\ComputerVision\Project\part2\dataset\archive\data\data\real\10\IMG_1667843056276.jpg,0,10_rupees,current_real,current_0_img_1667843056276,train
C:\Users\bhave\OneDrive\Desktop\Sem7\ComputerVision\Project\part2\dataset\archive\data\data\real\10\IMG_1667843063574.jpg,0,10_rupees,current_real,current_0_img_1667843063574,train
C:\Users\bhave\OneDrive\Desktop\Sem7\ComputerVision\Project\part2\dataset\archive\data\data\real\10\IMG_1667843067305.jpg,0,10_rupees,current_real,current_0_img_1667843067305,train
C:\Users\bhave\OneDrive\Desktop\Sem7\ComputerVision\Project\part2\dataset\archive\data\data\real\10\IMG_1667843072953.jpg,0,10_rupees,current_real,current_0_img_1667843072953,train
C:\Users\bhave\OneDrive\Desktop\Sem7\ComputerVision\Project\part2\dataset\archive\data\data\real\10\IMG_1667843077556.jpg,0,10_rupees,current_real,current_0_img_1667843077556,train
C:\Users\bhave\OneDrive\Desktop\Sem7\ComputerVision\Project\part2\dataset\archive\data\data\real\10\IMG_1667843116031.jpg,0,10_rupees,current_real,current_0_img_1667843116031,train
C:\Users\bhave\OneDrive\Desktop\Sem7\ComputerVision\Project\part2\dataset\archive\data\data\real\10\IMG_1667843119384.jpg,0,10_rupees,current_real,current_0_img_1667843119384,train
C:\Users\bhave\OneDrive\Desktop\Sem7\ComputerVision\Project\part2\dataset\archive\data\data\real\10\IMG_1667843127926.jpg,0,10_rupees,current_real,current_0_img_1667843127926,train
C:\Users\bhave\OneDrive\Desktop\Sem7\ComputerVision\Project\part2\dataset\archive\data\data\real\10\IMG_1667843140069.jpg,0,10_rupees,current_real,current_0_img_1667843140069,train
C:\Users\bhave\OneDrive\Desktop\Sem7\ComputerVision\Project\part2\dataset\archive\data\data\real\10\IMG_1667843150715.jpg,0,10_rupees,current_real,current_0_img_1667843150715,train
C:\Users\bhave\OneDrive\Desktop\Sem7\ComputerVision\Project\part2\dataset\archive\data\data\real\10\IMG_1667843170464.jpg,0,10_rupees,current_real,current_0_img_1667843170464,train
C:\Users\bhave\OneDrive\Desktop\Sem7\ComputerVision\Project\part2\dataset\archive\data\data\real\10\IMG_1667843173728.jpg,0,10_rupees,current_real,current_0_img_1667843173728,train
C:\Users\bhave\OneDrive\Desktop\Sem7\ComputerVision\Project\part2\dataset\archive\data\data\real\10\IMG_1667843177180.jpg,0,10_rupees,current_real,current_0_img_1667843177180,train
C:\Users\bhave\OneDrive\Desktop\Sem7\ComputerVision\Project\part2\dataset\archive\data\data\real\10\IMG_1667843180412.jpg,0,10_rupees,current_real,current_0_img_1667843180412,train
C:\Users\bhave\OneDrive\Desktop\Sem7\ComputerVision\Project\part2\dataset\archive\data\data\real\10\IMG_1667843184835.jpg,0,10_rupees,current_real,current_0_img_1667843184835,train
C:\Users\bhave\OneDrive\Desktop\Sem7\ComputerVision\Project\part2\dataset\archive\data\data\real\10\IMG_1667843188485.jpg,0,10_rupees,current_real,current_0_img_1667843188485,train
C:\Users\bhave\OneDrive\Desktop\Sem7\ComputerVision\Project\part2\dataset\archive\data\data\real\10\IMG_1667843194290.jpg,0,10_rupees,current_real,current_0_img_1667843194290,train
C:\Users\bhave\OneDrive\Desktop\Sem7\ComputerVision\Project\part2\dataset\archive\data\data\real\10\IMG_1667843200136.jpg,0,10_rupees,current_real,current_0_img_1667843200136,train
C:\Users\bhave\OneDrive\Desktop\Sem7\ComputerVision\Project\part2\dataset\archive\data\data\real\10\IMG_1667843214554.jpg,0,10_rupees,current_real,current_0_img_1667843214554,train
C:\Users\bhave\OneDrive\Desktop\Sem7\ComputerVision\Project\part2\dataset\archive\data\data\real\10\IMG_1667843222096.jpg,0,10_rupees,current_real,current_0_img_1667843222096,train
C:\Users\bhave\OneDrive\Desktop\Sem7\ComputerVision\Project\part2\dataset\archive\data\data\real\10\IMG_1667843238188.jpg,0,10_rupees,current_real,current_0_img_1667843238188,train
C:\Users\bhave\OneDrive\Desktop\Sem7\ComputerVision\Project\part2\dataset\archive\data\data\real\10\IMG_1667843241479.jpg,0,10_rupees,current_real,current_0_img_1667843241479,train
C:\Users\bhave\OneDrive\Desktop\Sem7\ComputerVision\Project\part2\dataset\archive\data\data\real\10\IMG_1667843246526.jpg,0,10_rupees,current_real,current_0_img_1667843246526,train
C:\Users\bhave\OneDrive\Desktop\Sem7\ComputerVision\Project\part2\dataset\archive\data\data\real\10\IMG_1667843250754.jpg,0,10_rupees,current_real,current_0_img_1667843250754,train
C:\Users\bhave\OneDrive\Desktop\Sem7\ComputerVision\Project\part2\dataset\archive\data\data\real\10\IMG_1667843253832.jpg,0,10_rupees,current_real,current_0_img_1667843253832,train
C:\Users\bhave\OneDrive\Desktop\Sem7\ComputerVision\Project\part2\dataset\archive\data\data\real\10\IMG_1667843257338.jpg,0,10_rupees,current_real,current_0_img_1667843257338,train
C:\Users\bhave\OneDrive\Desktop\Sem7\ComputerVision\Project\part2\dataset\archive\data\data\real\10\IMG_1667843260159.jpg,0,10_rupees,current_real,current_0_img_1667843260159,train
C:\Users\bhave\OneDrive\Desktop\Sem7\ComputerVision\Project\part2\dataset\archive\data\data\real\10\IMG_1667843300579.jpg,0,10_rupees,current_real,current_0_img_1667843300579,train
C:\Users\bhave\OneDrive\Desktop\Sem7\ComputerVision\Project\part2\dataset\archive\data\data\real\10\IMG_1667843304613.jpg,0,10_rupees,current_real,current_0_img_1667843304613,train
C:\Users\bhave\OneDrive\Desktop\Sem7\ComputerVision\Project\part2\dataset\archive\data\data\real\10\IMG_1667843311490.jpg,0,10_rupees,current_real,current_0_img_1667843311490,train
C:\Users\bhave\OneDrive\Desktop\Sem7\ComputerVision\Project\part2\dataset\archive\data\data\real\10\IMG_1667843315327.jpg,0,10_rupees,current_real,current_0_img_1667843315327,train
C:\Users\bhave\OneDrive\Desktop\Sem7\ComputerVision\Project\part2\dataset\archive\data\data\real\10\IMG_1667843319074.jpg,0,10_rupees,current_real,current_0_img_1667843319074,train
C:\Users\bhave\OneDrive\Desktop\Sem7\ComputerVision\Project\part2\dataset\archive\data\data\real\10\IMG_1667843333867.jpg,0,10_rupees,current_real,current_0_img_1667843333867,train
C:\Users\bhave\OneDrive\Desktop\Sem7\ComputerVision\Project\part2\dataset\archive\data\data\real\10\IMG_1667843337277.jpg,0,10_rupees,current_real,current_0_img_1667843337277,train
C:\Users\bhave\OneDrive\Desktop\Sem7\ComputerVision\Project\part2\dataset\archive\data\data\real\10\IMG_1667843344119.jpg,0,10_rupees,current_real,current_0_img_1667843344119,train
C:\Users\bhave\OneDrive\Desktop\Sem7\ComputerVision\Project\part2\dataset\archive\data\data\real\10\IMG_1667843348545.jpg,0,10_rupees,current_real,current_0_img_1667843348545,train
C:\Users\bhave\OneDrive\Desktop\Sem7\ComputerVision\Project\part2\dataset\archive\data\data\real\10\IMG_1667843352463.jpg,0,10_rupees,current_real,current_0_img_1667843352463,train
C:\Users\bhave\OneDrive\Desktop\Sem7\ComputerVision\Project\part2\dataset\archive\data\data\real\10\IMG_1667843357446.jpg,0,10_rupees,current_real,current_0_img_1667843357446,train
C:\Users\bhave\OneDrive\Desktop\Sem7\ComputerVision\Project\part2\dataset\archive\data\data\real\10\IMG_1667843365999.jpg,0,10_rupees,current_real,current_0_img_1667843365999,train
C:\Users\bhave\OneDrive\Desktop\Sem7\ComputerVision\Project\part2\dataset\archive\data\data\real\10\IMG_1667843370641.jpg,0,10_rupees,current_real,current_0_img_1667843370641,train
C:\Users\bhave\OneDrive\Desktop\Sem7\ComputerVision\Project\part2\dataset\archive\data\data\real\10\IMG_1667843375722.jpg,0,10_rupees,current_real,current_0_img_1667843375722,train
C:\Users\bhave\OneDrive\Desktop\Sem7\ComputerVision\Project\part2\dataset\archive\data\data\real\10\IMG_1667843393374.jpg,0,10_rupees,current_real,current_0_img_1667843393374,train
C:\Users\bhave\OneDrive\Desktop\Sem7\ComputerVision\Project\part2\dataset\archive\data\data\real\10\IMG_1667843396918.jpg,0,10_rupees,current_real,current_0_img_1667843396918,train
C:\Users\bhave\OneDrive\Desktop\Sem7\ComputerVision\Project\part2\dataset\archive\data\data\real\10\IMG_1667843400140.jpg,0,10_rupees,current_real,current_0_img_1667843400140,train
C:\Users\bhave\OneDrive\Desktop\Sem7\ComputerVision\Project\part2\dataset\archive\data\data\real\10\IMG_1667843405700.jpg,0,10_rupees,current_real,current_0_img_1667843405700,train
C:\Users\bhave\OneDrive\Desktop\Sem7\ComputerVision\Project\part2\dataset\archive\data\data\real\10\IMG_1667843417499.jpg,0,10_rupees,current_real,current_0_img_1667843417499,train
C:\Users\bhave\OneDrive\Desktop\Sem7\ComputerVision\Project\part2\dataset\archive\data\data\real\10\IMG_1667843434523.jpg,0,10_rupees,current_real,current_0_img_1667843434523,train
C:\Users\bhave\OneDrive\Desktop\Sem7\ComputerVision\Project\part2\dataset\archive\data\data\real\10\IMG_1667843438457.jpg,0,10_rupees,current_real,current_0_img_1667843438457,train
C:\Users\bhave\OneDrive\Desktop\Sem7\ComputerVision\Project\part2\dataset\archive\data\data\real\10\IMG_1667843441540.jpg,0,10_rupees,current_real,current_0_img_1667843441540,train
C:\Users\bhave\OneDrive\Desktop\Sem7\ComputerVision\Project\part2\dataset\archive\data\data\real\10\IMG_1667843447232.jpg,0,10_rupees,current_real,current_0_img_1667843447232,train
C:\Users\bhave\OneDrive\Desktop\Sem7\ComputerVision\Project\part2\dataset\archive\data\data\real\10\IMG_1667843451349.jpg,0,10_rupees,current_real,current_0_img_1667843451349,train
C:\Users\bhave\OneDrive\Desktop\Sem7\ComputerVision\Project\part2\dataset\archive\data\data\real\10\IMG_1667843462289.jpg,0,10_rupees,current_real,current_0_img_1667843462289,train
C:\Users\bhave\OneDrive\Desktop\Sem7\ComputerVision\Project\part2\dataset\archive\data\data\real\10\IMG_1667843470135.jpg,0,10_rupees,current_real,current_0_img_1667843470135,train
C:\Users\bhave\OneDrive\Desktop\Sem7\ComputerVision\Project\part2\dataset\archive\data\data\real\10\IMG_1667843509925.jpg,0,10_rupees,current_real,current_0_img_1667843509925,train
C:\Users\bhave\OneDrive\Desktop\Sem7\ComputerVision\Project\part2\dataset\archive\data\data\real\10\IMG_1667843513898.jpg,0,10_rupees,current_real,current_0_img_1667843513898,train
C:\Users\bhave\OneDrive\Desktop\Sem7\ComputerVision\Project\part2\dataset\archive\data\data\real\10\IMG_1667843518829.jpg,0,10_rupees,current_real,current_0_img_1667843518829,train
C:\Users\bhave\OneDrive\Desktop\Sem7\ComputerVision\Project\part2\dataset\archive\data\data\real\10\IMG_1667843560549.jpg,0,10_rupees,current_real,current_0_img_1667843560549,train
C:\Users\bhave\OneDrive\Desktop\Sem7\ComputerVision\Project\part2\dataset\archive\data\data\real\10\IMG_1667843564826.jpg,0,10_rupees,current_real,current_0_img_1667843564826,train
C:\Users\bhave\OneDrive\Desktop\Sem7\ComputerVision\Project\part2\dataset\archive\data\data\real\10\IMG_1667843570125.jpg,0,10_rupees,current_real,current_0_img_1667843570125,train
C:\Users\bhave\OneDrive\Desktop\Sem7\ComputerVision\Project\part2\dataset\archive\data\data\real\10\IMG_1667843576970.jpg,0,10_rupees,current_real,current_0_img_1667843576970,train
C:\Users\bhave\OneDrive\Desktop\Sem7\ComputerVision\Project\part2\dataset\archive\data\data\real\10\IMG_1667843580464.jpg,0,10_rupees,current_real,current_0_img_1667843580464,train
C:\Users\bhave\OneDrive\Desktop\Sem7\ComputerVision\Project\part2\dataset\archive\data\data\real\10\IMG_1667843585720.jpg,0,10_rupees,current_real,current_0_img_1667843585720,train
C:\Users\bhave\OneDrive\Desktop\Sem7\ComputerVision\Project\part2\dataset\archive\data\data\real\10\IMG_1667843589301.jpg,0,10_rupees,current_real,current_0_img_1667843589301,train
C:\Users\bhave\OneDrive\Desktop\Sem7\ComputerVision\Project\part2\dataset\archive\data\data\real\10\IMG_1667843612220.jpg,0,10_rupees,current_real,current_0_img_1667843612220,train
C:\Users\bhave\OneDrive\Desktop\Sem7\ComputerVision\Project\part2\dataset\archive\data\data\real\10\IMG_1667843619845.jpg,0,10_rupees,current_real,current_0_img_1667843619845,train
C:\Users\bhave\OneDrive\Desktop\Sem7\ComputerVision\Project\part2\dataset\archive\data\data\real\10\IMG_1667843628087.jpg,0,10_rupees,current_real,current_0_img_1667843628087,train
C:\Users\bhave\OneDrive\Desktop\Sem7\ComputerVision\Project\part2\dataset\archive\data\data\real\10\IMG_1667843635447.jpg,0,10_rupees,current_real,current_0_img_1667843635447,train
C:\Users\bhave\OneDrive\Desktop\Sem7\ComputerVision\Project\part2\dataset\archive\data\data\real\10\IMG_1667843638548.jpg,0,10_rupees,current_real,current_0_img_1667843638548,train
C:\Users\bhave\OneDrive\Desktop\Sem7\ComputerVision\Project\part2\dataset\archive\data\data\real\10\IMG_1667843643820.jpg,0,10_rupees,current_real,current_0_img_1667843643820,train
C:\Users\bhave\OneDrive\Desktop\Sem7\ComputerVision\Project\part2\dataset\archive\data\data\real\10\IMG_1667843652830.jpg,0,10_rupees,current_real,current_0_img_1667843652830,train
C:\Users\bhave\OneDrive\Desktop\Sem7\ComputerVision\Project\part2\dataset\archive\data\data\real\10\IMG_1667843657497.jpg,0,10_rupees,current_real,current_0_img_1667843657497,train
C:\Users\bhave\OneDrive\Desktop\Sem7\ComputerVision\Project\part2\dataset\archive\data\data\real\10\IMG_1667843664629.jpg,0,10_rupees,current_real,current_0_img_1667843664629,train
C:\Users\bhave\OneDrive\Desktop\Sem7\ComputerVision\Project\part2\dataset\archive\data\data\real\10\IMG_1667843668414.jpg,0,10_rupees,current_real,current_0_img_1667843668414,train
C:\Users\bhave\OneDrive\Desktop\Sem7\ComputerVision\Project\part2\dataset\archive\data\data\real\10\IMG_1667843711887.jpg,0,10_rupees,current_real,current_0_img_1667843711887,train
C:\Users\bhave\OneDrive\Desktop\Sem7\ComputerVision\Project\part2\dataset\archive\data\data\real\10\IMG_1667843715868.jpg,0,10_rupees,current_real,current_0_img_1667843715868,train
C:\Users\bhave\OneDrive\Desktop\Sem7\ComputerVision\Project\part2\dataset\archive\data\data\real\10\IMG_1667843721032.jpg,0,10_rupees,current_real,current_0_img_1667843721032,train
C:\Users\bhave\OneDrive\Desktop\Sem7\ComputerVision\Project\part2\dataset\archive\data\data\real\10\IMG_1667843731151.jpg,0,10_rupees,current_real,current_0_img_1667843731151,train
C:\Users\bhave\OneDrive\Desktop\Sem7\ComputerVision\Project\part2\dataset\archive\data\data\real\10\IMG_1667843743340.jpg,0,10_rupees,current_real,current_0_img_1667843743340,train
C:\Users\bhave\OneDrive\Desktop\Sem7\ComputerVision\Project\part2\dataset\archive\data\data\real\10\IMG_1667843758130.jpg,0,10_rupees,current_real,current_0_img_1667843758130,train
C:\Users\bhave\OneDrive\Desktop\Sem7\ComputerVision\Project\part2\dataset\archive\data\data\real\10\IMG_1667843767651.jpg,0,10_rupees,current_real,current_0_img_1667843767651,train
C:\Users\bhave\OneDrive\Desktop\Sem7\ComputerVision\Project\part2\dataset\archive\data\data\real\10\IMG_1667843781629.jpg,0,10_rupees,current_real,current_0_img_1667843781629,train
C:\Users\bhave\OneDrive\Desktop\Sem7\ComputerVision\Project\part2\dataset\archive\data\data\real\10\IMG_1667890166532.jpg,0,10_rupees,current_real,current_0_img_1667890166532,train
C:\Users\bhave\OneDrive\Desktop\Sem7\ComputerVision\Project\part2\dataset\archive\data\data\real\10\IMG_1667890171028.jpg,0,10_rupees,current_real,current_0_img_1667890171028,train
C:\Users\bhave\OneDrive\Desktop\Sem7\ComputerVision\Project\part2\dataset\archive\data\data\real\10\IMG_1667890190637.jpg,0,10_rupees,current_real,current_0_img_1667890190637,train
C:\Users\bhave\OneDrive\Desktop\Sem7\ComputerVision\Project\part2\dataset\archive\data\data\real\10\IMG_1667890194915.jpg,0,10_rupees,current_real,current_0_img_1667890194915,train
C:\Users\bhave\OneDrive\Desktop\Sem7\ComputerVision\Project\part2\dataset\archive\data\data\real\10\IMG_1667890200757.jpg,0,10_rupees,current_real,current_0_img_1667890200757,train
C:\Users\bhave\OneDrive\Desktop\Sem7\ComputerVision\Project\part2\dataset\archive\data\data\real\10\IMG_1667890206826.jpg,0,10_rupees,current_real,current_0_img_1667890206826,train
C:\Users\bhave\OneDrive\Desktop\Sem7\ComputerVision\Project\part2\dataset\archive\data\data\real\10\IMG_1667890224740.jpg,0,10_rupees,current_real,current_0_img_1667890224740,train
C:\Users\bhave\OneDrive\Desktop\Sem7\ComputerVision\Project\part2\dataset\archive\data\data\real\10\IMG_1667890238176.jpg,0,10_rupees,current_real,current_0_img_1667890238176,train
C:\Users\bhave\OneDrive\Desktop\Sem7\ComputerVision\Project\part2\dataset\archive\data\data\real\10\IMG_1667890244749.jpg,0,10_rupees,current_real,current_0_img_1667890244749,train
C:\Users\bhave\OneDrive\Desktop\Sem7\ComputerVision\Project\part2\dataset\archive\data\data\real\10\IMG_1667890248987.jpg,0,10_rupees,current_real,current_0_img_1667890248987,train
C:\Users\bhave\OneDrive\Desktop\Sem7\ComputerVision\Project\part2\dataset\archive\data\data\real\10\IMG_1667890255520.jpg,0,10_rupees,current_real,current_0_img_1667890255520,train
C:\Users\bhave\OneDrive\Desktop\Sem7\ComputerVision\Project\part2\dataset\archive\data\data\real\10\IMG_1667890268571.jpg,0,10_rupees,current_real,current_0_img_1667890268571,train
C:\Users\bhave\OneDrive\Desktop\Sem7\ComputerVision\Project\part2\dataset\archive\data\data\real\10\IMG_1667890273031.jpg,0,10_rupees,current_real,current_0_img_1667890273031,train
C:\Users\bhave\OneDrive\Desktop\Sem7\ComputerVision\Project\part2\dataset\archive\data\data\real\10\IMG_1667890280235.jpg,0,10_rupees,current_real,current_0_img_1667890280235,train
C:\Users\bhave\OneDrive\Desktop\Sem7\ComputerVision\Project\part2\dataset\archive\data\data\real\10\IMG_1667890286960.jpg,0,10_rupees,current_real,current_0_img_1667890286960,train
C:\Users\bhave\OneDrive\Desktop\Sem7\ComputerVision\Project\part2\dataset\archive\data\data\real\10\IMG_1667890314115.jpg,0,10_rupees,current_real,current_0_img_1667890314115,train
C:\Users\bhave\OneDrive\Desktop\Sem7\ComputerVision\Project\part2\dataset\archive\data\data\real\10\IMG_1667890322051.jpg,0,10_rupees,current_real,current_0_img_1667890322051,train
C:\Users\bhave\OneDrive\Desktop\Sem7\ComputerVision\Project\part2\dataset\archive\data\data\real\10\IMG_1667890326676.jpg,0,10_rupees,current_real,current_0_img_1667890326676,train
C:\Users\bhave\OneDrive\Desktop\Sem7\ComputerVision\Project\part2\dataset\archive\data\data\real\10\IMG_1667890331643.jpg,0,10_rupees,current_real,current_0_img_1667890331643,train
C:\Users\bhave\OneDrive\Desktop\Sem7\ComputerVision\Project\part2\dataset\archive\data\data\real\10\IMG_1667890335378.jpg,0,10_rupees,current_real,current_0_img_1667890335378,train
C:\Users\bhave\OneDrive\Desktop\Sem7\ComputerVision\Project\part2\dataset\archive\data\data\real\10\IMG_1667890348370.jpg,0,10_rupees,current_real,current_0_img_1667890348370,train
C:\Users\bhave\OneDrive\Desktop\Sem7\ComputerVision\Project\part2\dataset\archive\data\data\real\10\IMG_1667890353731.jpg,0,10_rupees,current_real,current_0_img_1667890353731,train
C:\Users\bhave\OneDrive\Desktop\Sem7\ComputerVision\Project\part2\dataset\archive\data\data\real\10\IMG_1667890372399.jpg,0,10_rupees,current_real,current_0_img_1667890372399,train
C:\Users\bhave\OneDrive\Desktop\Sem7\ComputerVision\Project\part2\dataset\archive\data\data\real\10\IMG_1667890376758.jpg,0,10_rupees,current_real,current_0_img_1667890376758,train
C:\Users\bhave\OneDrive\Desktop\Sem7\ComputerVision\Project\part2\dataset\archive\data\data\real\10\IMG_1667890381279.jpg,0,10_rupees,current_real,current_0_img_1667890381279,train
C:\Users\bhave\OneDrive\Desktop\Sem7\ComputerVision\Project\part2\dataset\archive\data\data\real\10\IMG_1667890393182.jpg,0,10_rupees,current_real,current_0_img_1667890393182,train
C:\Users\bhave\OneDrive\Desktop\Sem7\ComputerVision\Project\part2\dataset\archive\data\data\real\10\IMG_1667890406893.jpg,0,10_rupees,current_real,current_0_img_1667890406893,train
C:\Users\bhave\OneDrive\Desktop\Sem7\ComputerVision\Project\part2\dataset\archive\data\data\real\10\IMG_1667890411651.jpg,0,10_rupees,current_real,current_0_img_1667890411651,train
C:\Users\bhave\OneDrive\Desktop\Sem7\ComputerVision\Project\part2\dataset\archive\data\data\real\10\IMG_1667890419564.jpg,0,10_rupees,current_real,current_0_img_1667890419564,train
C:\Users\bhave\OneDrive\Desktop\Sem7\ComputerVision\Project\part2\dataset\archive\data\data\real\10\IMG_1667890439595.jpg,0,10_rupees,current_real,current_0_img_1667890439595,train
C:\Users\bhave\OneDrive\Desktop\Sem7\ComputerVision\Project\part2\dataset\archive\data\data\real\10\IMG_1667890449428.jpg,0,10_rupees,current_real,current_0_img_1667890449428,train
C:\Users\bhave\OneDrive\Desktop\Sem7\ComputerVision\Project\part2\dataset\archive\data\data\real\10\IMG_1667890459272.jpg,0,10_rupees,current_real,current_0_img_1667890459272,train
C:\Users\bhave\OneDrive\Desktop\Sem7\ComputerVision\Project\part2\dataset\archive\data\data\real\10\IMG_1667890472063.jpg,0,10_rupees,current_real,current_0_img_1667890472063,train
C:\Users\bhave\OneDrive\Desktop\Sem7\ComputerVision\Project\part2\dataset\archive\data\data\real\10\IMG_1667890478474.jpg,0,10_rupees,current_real,current_0_img_1667890478474,train
C:\Users\bhave\OneDrive\Desktop\Sem7\ComputerVision\Project\part2\dataset\archive\data\data\real\10\IMG_1667890484149.jpg,0,10_rupees,current_real,current_0_img_1667890484149,train
C:\Users\bhave\OneDrive\Desktop\Sem7\ComputerVision\Project\part2\dataset\archive\data\data\real\10\IMG_1667890527898.jpg,0,10_rupees,current_real,current_0_img_1667890527898,train
C:\Users\bhave\OneDrive\Desktop\Sem7\ComputerVision\Project\part2\dataset\archive\data\data\real\10\IMG_1667890533327.jpg,0,10_rupees,current_real,current_0_img_1667890533327,train
C:\Users\bhave\OneDrive\Desktop\Sem7\ComputerVision\Project\part2\dataset\archive\data\data\real\10\IMG_1667890537149.jpg,0,10_rupees,current_real,current_0_img_1667890537149,train
C:\Users\bhave\OneDrive\Desktop\Sem7\ComputerVision\Project\part2\dataset\archive\data\data\real\10\IMG_1667890540697.jpg,0,10_rupees,current_real,current_0_img_1667890540697,train
C:\Users\bhave\OneDrive\Desktop\Sem7\ComputerVision\Project\part2\dataset\archive\data\data\real\10\IMG_1667890544890.jpg,0,10_rupees,current_real,current_0_img_1667890544890,train
C:\Users\bhave\OneDrive\Desktop\Sem7\ComputerVision\Project\part2\dataset\archive\data\data\real\10\IMG_1667890549169.jpg,0,10_rupees,current_real,current_0_img_1667890549169,train
C:\Users\bhave\OneDrive\Desktop\Sem7\ComputerVision\Project\part2\dataset\archive\data\data\real\10\IMG_1667890554213.jpg,0,10_rupees,current_real,current_0_img_1667890554213,train
C:\Users\bhave\OneDrive\Desktop\Sem7\ComputerVision\Project\part2\dataset\archive\data\data\real\10\IMG_1667890558626.jpg,0,10_rupees,current_real,current_0_img_1667890558626,train
C:\Users\bhave\OneDrive\Desktop\Sem7\ComputerVision\Project\part2\dataset\archive\data\data\real\10\IMG_1667890579595.jpg,0,10_rupees,current_real,current_0_img_1667890579595,train
C:\Users\bhave\OneDrive\Desktop\Sem7\ComputerVision\Project\part2\dataset\archive\data\data\real\10\IMG_1667890583798.jpg,0,10_rupees,current_real,current_0_img_1667890583798,train
C:\Users\bhave\OneDrive\Desktop\Sem7\ComputerVision\Project\part2\dataset\archive\data\data\real\10\IMG_1667890587469.jpg,0,10_rupees,current_real,current_0_img_1667890587469,train
C:\Users\bhave\OneDrive\Desktop\Sem7\ComputerVision\Project\part2\dataset\archive\data\data\real\10\IMG_1667890599362.jpg,0,10_rupees,current_real,current_0_img_1667890599362,train
C:\Users\bhave\OneDrive\Desktop\Sem7\ComputerVision\Project\part2\dataset\archive\data\data\real\10\IMG_1667890606023.jpg,0,10_rupees,current_real,current_0_img_1667890606023,train
C:\Users\bhave\OneDrive\Desktop\Sem7\ComputerVision\Project\part2\dataset\archive\data\data\real\10\IMG_1667890618186.jpg,0,10_rupees,current_real,current_0_img_1667890618186,train
C:\Users\bhave\OneDrive\Desktop\Sem7\ComputerVision\Project\part2\dataset\archive\data\data\real\10\IMG_1667890805058.jpg,0,10_rupees,current_real,current_0_img_1667890805058,train
C:\Users\bhave\OneDrive\Desktop\Sem7\ComputerVision\Project\part2\dataset\archive\data\data\real\10\IMG_1667890808860.jpg,0,10_rupees,current_real,current_0_img_1667890808860,train
C:\Users\bhave\OneDrive\Desktop\Sem7\ComputerVision\Project\part2\dataset\archive\data\data\real\10\IMG_1667890818411.jpg,0,10_rupees,current_real,current_0_img_1667890818411,train
C:\Users\bhave\OneDrive\Desktop\Sem7\ComputerVision\Project\part2\dataset\archive\data\data\real\10\IMG_1667890822587.jpg,0,10_rupees,current_real,current_0_img_1667890822587,train
C:\Users\bhave\OneDrive\Desktop\Sem7\ComputerVision\Project\part2\dataset\archive\data\data\real\10\IMG_1667890831509.jpg,0,10_rupees,current_real,current_0_img_1667890831509,train
C:\Users\bhave\OneDrive\Desktop\Sem7\ComputerVision\Project\part2\dataset\archive\data\data\real\10\IMG_1667890836877.jpg,0,10_rupees,current_real,current_0_img_1667890836877,train
C:\Users\bhave\OneDrive\Desktop\Sem7\ComputerVision\Project\part2\dataset\archive\data\data\real\10\IMG_1667890843828.jpg,0,10_rupees,current_real,current_0_img_1667890843828,train
C:\Users\bhave\OneDrive\Desktop\Sem7\ComputerVision\Project\part2\dataset\archive\data\data\real\10\IMG_1667890847715.jpg,0,10_rupees,current_real,current_0_img_1667890847715,train
C:\Users\bhave\OneDrive\Desktop\Sem7\ComputerVision\Project\part2\dataset\archive\data\data\real\10\IMG_1667890852607.jpg,0,10_rupees,current_real,current_0_img_1667890852607,train
C:\Users\bhave\OneDrive\Desktop\Sem7\ComputerVision\Project\part2\dataset\archive\data\data\real\10\IMG_1667890857069.jpg,0,10_rupees,current_real,current_0_img_1667890857069,train
C:\Users\bhave\OneDrive\Desktop\Sem7\ComputerVision\Project\part2\dataset\archive\data\data\real\10\IMG_1667890866484.jpg,0,10_rupees,current_real,current_0_img_1667890866484,train
C:\Users\bhave\OneDrive\Desktop\Sem7\ComputerVision\Project\part2\dataset\archive\data\data\real\10\IMG_1667890873327.jpg,0,10_rupees,current_real,current_0_img_1667890873327,train
C:\Users\bhave\OneDrive\Desktop\Sem7\ComputerVision\Project\part2\dataset\archive\data\data\real\10\IMG_1667890884820.jpg,0,10_rupees,current_real,current_0_img_1667890884820,train
C:\Users\bhave\OneDrive\Desktop\Sem7\ComputerVision\Project\part2\dataset\archive\data\data\real\10\IMG_1667890888953.jpg,0,10_rupees,current_real,current_0_img_1667890888953,train
C:\Users\bhave\OneDrive\Desktop\Sem7\ComputerVision\Project\part2\dataset\archive\data\data\real\10\IMG_1667890892987.jpg,0,10_rupees,current_real,current_0_img_1667890892987,train
C:\Users\bhave\OneDrive\Desktop\Sem7\ComputerVision\Project\part2\dataset\archive\data\data\real\10\IMG_1667890896686.jpg,0,10_rupees,current_real,current_0_img_1667890896686,train
C:\Users\bhave\OneDrive\Desktop\Sem7\ComputerVision\Project\part2\dataset\archive\data\data\real\10\IMG_1667890900336.jpg,0,10_rupees,current_real,current_0_img_1667890900336,train
C:\Users\bhave\OneDrive\Desktop\Sem7\ComputerVision\Project\part2\dataset\archive\data\data\real\10\IMG_1667890903832.jpg,0,10_rupees,current_real,current_0_img_1667890903832,train
C:\Users\bhave\OneDrive\Desktop\Sem7\ComputerVision\Project\part2\dataset\archive\data\data\real\10\IMG_1667890911355.jpg,0,10_rupees,current_real,current_0_img_1667890911355,train
C:\Users\bhave\OneDrive\Desktop\Sem7\ComputerVision\Project\part2\dataset\archive\data\data\real\10\IMG_1667890916678.jpg,0,10_rupees,current_real,current_0_img_1667890916678,train
C:\Users\bhave\OneDrive\Desktop\Sem7\ComputerVision\Project\part2\dataset\archive\data\data\real\10\IMG_1667890928165.jpg,0,10_rupees,current_real,current_0_img_1667890928165,train
C:\Users\bhave\OneDrive\Desktop\Sem7\ComputerVision\Project\part2\dataset\archive\data\data\real\10\IMG_1667890933825.jpg,0,10_rupees,current_real,current_0_img_1667890933825,train
C:\Users\bhave\OneDrive\Desktop\Sem7\ComputerVision\Project\part2\dataset\archive\data\data\real\10\IMG_1667890938900.jpg,0,10_rupees,current_real,current_0_img_1667890938900,train
C:\Users\bhave\OneDrive\Desktop\Sem7\ComputerVision\Project\part2\dataset\archive\data\data\real\10\IMG_1667890945055.jpg,0,10_rupees,current_real,current_0_img_1667890945055,train
C:\Users\bhave\OneDrive\Desktop\Sem7\ComputerVision\Project\part2\dataset\archive\data\data\real\10\IMG_1667890961970.jpg,0,10_rupees,current_real,current_0_img_1667890961970,train
C:\Users\bhave\OneDrive\Desktop\Sem7\ComputerVision\Project\part2\dataset\archive\data\data\real\10\IMG_1667890977949.jpg,0,10_rupees,current_real,current_0_img_1667890977949,train
C:\Users\bhave\OneDrive\Desktop\Sem7\ComputerVision\Project\part2\dataset\archive\data\data\real\10\IMG_1667890984221.jpg,0,10_rupees,current_real,current_0_img_1667890984221,train
C:\Users\bhave\OneDrive\Desktop\Sem7\ComputerVision\Project\part2\dataset\archive\data\data\real\10\IMG_1667890988419.jpg,0,10_rupees,current_real,current_0_img_1667890988419,train
C:\Users\bhave\OneDrive\Desktop\Sem7\ComputerVision\Project\part2\dataset\archive\data\data\real\10\IMG_1667890992400.jpg,0,10_rupees,current_real,current_0_img_1667890992400,train
C:\Users\bhave\OneDrive\Desktop\Sem7\ComputerVision\Project\part2\dataset\archive\data\data\real\10\IMG_1667891006710.jpg,0,10_rupees,current_real,current_0_img_1667891006710,train
C:\Users\bhave\OneDrive\Desktop\Sem7\ComputerVision\Project\part2\dataset\archive\data\data\real\10\IMG_1667891011610.jpg,0,10_rupees,current_real,current_0_img_1667891011610,train
C:\Users\bhave\OneDrive\Desktop\Sem7\ComputerVision\Project\part2\dataset\archive\data\data\real\10\IMG_1667891015717.jpg,0,10_rupees,current_real,current_0_img_1667891015717,train
C:\Users\bhave\OneDrive\Desktop\Sem7\ComputerVision\Project\part2\dataset\archive\data\data\real\10\IMG_1667891037419.jpg,0,10_rupees,current_real,current_0_img_1667891037419,train
C:\Users\bhave\OneDrive\Desktop\Sem7\ComputerVision\Project\part2\dataset\archive\data\data\real\10\IMG_1667891041165.jpg,0,10_rupees,current_real,current_0_img_1667891041165,train
C:\Users\bhave\OneDrive\Desktop\Sem7\ComputerVision\Project\part2\dataset\archive\data\data\real\10\IMG_1667891067809.jpg,0,10_rupees,current_real,current_0_img_1667891067809,train
C:\Users\bhave\OneDrive\Desktop\Sem7\ComputerVision\Project\part2\dataset\archive\data\data\real\10\IMG_1667891072188.jpg,0,10_rupees,current_real,current_0_img_1667891072188,train
C:\Users\bhave\OneDrive\Desktop\Sem7\ComputerVision\Project\part2\dataset\archive\data\data\real\10\IMG_1667891076007.jpg,0,10_rupees,current_real,current_0_img_1667891076007,train
C:\Users\bhave\OneDrive\Desktop\Sem7\ComputerVision\Project\part2\dataset\archive\data\data\real\10\IMG_1667891085115.jpg,0,10_rupees,current_real,current_0_img_1667891085115,train
C:\Users\bhave\OneDrive\Desktop\Sem7\ComputerVision\Project\part2\dataset\archive\data\data\real\10\IMG_1667891101972.jpg,0,10_rupees,current_real,current_0_img_1667891101972,train
C:\Users\bhave\OneDrive\Desktop\Sem7\ComputerVision\Project\part2\dataset\archive\data\data\real\10\IMG_1667891105312.jpg,0,10_rupees,current_real,current_0_img_1667891105312,train
C:\Users\bhave\OneDrive\Desktop\Sem7\ComputerVision\Project\part2\dataset\archive\data\data\real\10\IMG_1667891114198.jpg,0,10_rupees,current_real,current_0_img_1667891114198,train
C:\Users\bhave\OneDrive\Desktop\Sem7\ComputerVision\Project\part2\dataset\archive\data\data\real\10\IMG_1667891121554.jpg,0,10_rupees,current_real,current_0_img_1667891121554,train
C:\Users\bhave\OneDrive\Desktop\Sem7\ComputerVision\Project\part2\dataset\archive\data\data\real\10\IMG_1667891124629.jpg,0,10_rupees,current_real,current_0_img_1667891124629,train
C:\Users\bhave\OneDrive\Desktop\Sem7\ComputerVision\Project\part2\dataset\archive\data\data\real\10\IMG_1667891131810.jpg,0,10_rupees,current_real,current_0_img_1667891131810,train
C:\Users\bhave\OneDrive\Desktop\Sem7\ComputerVision\Project\part2\dataset\archive\data\data\real\10\IMG_1667891135468.jpg,0,10_rupees,current_real,current_0_img_1667891135468,train
C:\Users\bhave\OneDrive\Desktop\Sem7\ComputerVision\Project\part2\dataset\archive\data\data\real\10\IMG_1667891139311.jpg,0,10_rupees,current_real,current_0_img_1667891139311,train
C:\Users\bhave\OneDrive\Desktop\Sem7\ComputerVision\Project\part2\dataset\archive\data\data\real\10\IMG_1667891143160.jpg,0,10_rupees,current_real,current_0_img_1667891143160,train
C:\Users\bhave\OneDrive\Desktop\Sem7\ComputerVision\Project\part2\dataset\archive\data\data\real\10\IMG_1667891147302.jpg,0,10_rupees,current_real,current_0_img_1667891147302,train
C:\Users\bhave\OneDrive\Desktop\Sem7\ComputerVision\Project\part2\dataset\archive\data\data\real\10\IMG_1667891154550.jpg,0,10_rupees,current_real,current_0_img_1667891154550,train
C:\Users\bhave\OneDrive\Desktop\Sem7\ComputerVision\Project\part2\dataset\archive\data\data\real\10\IMG_1667891158404.jpg,0,10_rupees,current_real,current_0_img_1667891158404,train
C:\Users\bhave\OneDrive\Desktop\Sem7\ComputerVision\Project\part2\dataset\archive\data\data\real\10\IMG_1667891162677.jpg,0,10_rupees,current_real,current_0_img_1667891162677,train
C:\Users\bhave\OneDrive\Desktop\Sem7\ComputerVision\Project\part2\dataset\archive\data\data\real\10\IMG_1667891166279.jpg,0,10_rupees,current_real,current_0_img_1667891166279,train
C:\Users\bhave\OneDrive\Desktop\Sem7\ComputerVision\Project\part2\dataset\archive\data\data\real\10\IMG_1667891170013.jpg,0,10_rupees,current_real,current_0_img_1667891170013,train
C:\Users\bhave\OneDrive\Desktop\Sem7\ComputerVision\Project\part2\dataset\archive\data\data\real\10\IMG_1667891179477.jpg,0,10_rupees,current_real,current_0_img_1667891179477,train
C:\Users\bhave\OneDrive\Desktop\Sem7\ComputerVision\Project\part2\dataset\archive\data\data\real\10\IMG_1667891183345.jpg,0,10_rupees,current_real,current_0_img_1667891183345,train
C:\Users\bhave\OneDrive\Desktop\Sem7\ComputerVision\Project\part2\dataset\archive\data\data\real\10\IMG_1667891187756.jpg,0,10_rupees,current_real,current_0_img_1667891187756,train
C:\Users\bhave\OneDrive\Desktop\Sem7\ComputerVision\Project\part2\dataset\archive\data\data\real\10\IMG_1667891200139.jpg,0,10_rupees,current_real,current_0_img_1667891200139,train
C:\Users\bhave\OneDrive\Desktop\Sem7\ComputerVision\Project\part2\dataset\archive\data\data\real\10\IMG_1667891204212.jpg,0,10_rupees,current_real,current_0_img_1667891204212,train
C:\Users\bhave\OneDrive\Desktop\Sem7\ComputerVision\Project\part2\dataset\archive\data\data\real\10\IMG_1667891215999.jpg,0,10_rupees,current_real,current_0_img_1667891215999,train
C:\Users\bhave\OneDrive\Desktop\Sem7\ComputerVision\Project\part2\dataset\archive\data\data\real\10\IMG_1667891228098.jpg,0,10_rupees,current_real,current_0_img_1667891228098,train
C:\Users\bhave\OneDrive\Desktop\Sem7\ComputerVision\Project\part2\dataset\archive\data\data\real\10\IMG_1667891238959.jpg,0,10_rupees,current_real,current_0_img_1667891238959,train
C:\Users\bhave\OneDrive\Desktop\Sem7\ComputerVision\Project\part2\dataset\archive\data\data\real\10\IMG_1667891249949.jpg,0,10_rupees,current_real,current_0_img_1667891249949,train
C:\Users\bhave\OneDrive\Desktop\Sem7\ComputerVision\Project\part2\dataset\archive\data\data\real\10\IMG_1667891253492.jpg,0,10_rupees,current_real,current_0_img_1667891253492,train
C:\Users\bhave\OneDrive\Desktop\Sem7\ComputerVision\Project\part2\dataset\archive\data\data\real\10\IMG_1667891577813.jpg,0,10_rupees,current_real,current_0_img_1667891577813,train
C:\Users\bhave\OneDrive\Desktop\Sem7\ComputerVision\Project\part2\dataset\archive\data\data\real\10\IMG_1667891632128.jpg,0,10_rupees,current_real,current_0_img_1667891632128,train
C:\Users\bhave\OneDrive\Desktop\Sem7\ComputerVision\Project\part2\dataset\archive\data\data\real\10\IMG_1667891655603.jpg,0,10_rupees,current_real,current_0_img_1667891655603,train
C:\Users\bhave\OneDrive\Desktop\Sem7\ComputerVision\Project\part2\dataset\archive\data\data\real\10\IMG_1667891687722.jpg,0,10_rupees,current_real,current_0_img_1667891687722,train
C:\Users\bhave\OneDrive\Desktop\Sem7\ComputerVision\Project\part2\dataset\archive\data\data\real\10\IMG_1667891746420.jpg,0,10_rupees,current_real,current_0_img_1667891746420,train
C:\Users\bhave\OneDrive\Desktop\Sem7\ComputerVision\Project\part2\dataset\archive\data\data\real\10\IMG_1667891750612.jpg,0,10_rupees,current_real,current_0_img_1667891750612,train
C:\Users\bhave\OneDrive\Desktop\Sem7\ComputerVision\Project\part2\dataset\archive\data\data\real\10\IMG_1667891754510.jpg,0,10_rupees,current_real,current_0_img_1667891754510,train
C:\Users\bhave\OneDrive\Desktop\Sem7\ComputerVision\Project\part2\dataset\archive\data\data\real\10\IMG_1667891765506.jpg,0,10_rupees,current_real,current_0_img_1667891765506,train
C:\Users\bhave\OneDrive\Desktop\Sem7\ComputerVision\Project\part2\dataset\archive\data\data\real\10\IMG_1667891771660.jpg,0,10_rupees,current_real,current_0_img_1667891771660,train
C:\Users\bhave\OneDrive\Desktop\Sem7\ComputerVision\Project\part2\dataset\archive\data\data\real\10\IMG_1667891783059.jpg,0,10_rupees,current_real,current_0_img_1667891783059,train
C:\Users\bhave\OneDrive\Desktop\Sem7\ComputerVision\Project\part2\dataset\archive\data\data\real\10\IMG_1667891811083.jpg,0,10_rupees,current_real,current_0_img_1667891811083,train
C:\Users\bhave\OneDrive\Desktop\Sem7\ComputerVision\Project\part2\dataset\archive\data\data\real\10\IMG_1667891814546.jpg,0,10_rupees,current_real,current_0_img_1667891814546,train
C:\Users\bhave\OneDrive\Desktop\Sem7\ComputerVision\Project\part2\dataset\archive\data\data\real\10\IMG_1667891818363.jpg,0,10_rupees,current_real,current_0_img_1667891818363,train
C:\Users\bhave\OneDrive\Desktop\Sem7\ComputerVision\Project\part2\dataset\archive\data\data\real\10\IMG_1667891829156.jpg,0,10_rupees,current_real,current_0_img_1667891829156,train
C:\Users\bhave\OneDrive\Desktop\Sem7\ComputerVision\Project\part2\dataset\archive\data\data\real\10\IMG_1667891834412.jpg,0,10_rupees,current_real,current_0_img_1667891834412,train
C:\Users\bhave\OneDrive\Desktop\Sem7\ComputerVision\Project\part2\dataset\archive\data\data\real\10\IMG_1667891855574.jpg,0,10_rupees,current_real,current_0_img_1667891855574,train
C:\Users\bhave\OneDrive\Desktop\Sem7\ComputerVision\Project\part2\dataset\archive\data\data\real\10\IMG_1667891887023.jpg,0,10_rupees,current_real,current_0_img_1667891887023,train
C:\Users\bhave\OneDrive\Desktop\Sem7\ComputerVision\Project\part2\dataset\archive\data\data\real\10\IMG_1667891891577.jpg,0,10_rupees,current_real,current_0_img_1667891891577,train
C:\Users\bhave\OneDrive\Desktop\Sem7\ComputerVision\Project\part2\dataset\archive\data\data\real\10\IMG_1667891897850.jpg,0,10_rupees,current_real,current_0_img_1667891897850,train
C:\Users\bhave\OneDrive\Desktop\Sem7\ComputerVision\Project\part2\dataset\archive\data\data\real\10\IMG_1667891902735.jpg,0,10_rupees,current_real,current_0_img_1667891902735,train
C:\Users\bhave\OneDrive\Desktop\Sem7\ComputerVision\Project\part2\dataset\archive\data\data\real\10\IMG_1667891915679.jpg,0,10_rupees,current_real,current_0_img_1667891915679,train
C:\Users\bhave\OneDrive\Desktop\Sem7\ComputerVision\Project\part2\dataset\archive\data\data\real\10\IMG_1667891919214.jpg,0,10_rupees,current_real,current_0_img_1667891919214,train
C:\Users\bhave\OneDrive\Desktop\Sem7\ComputerVision\Project\part2\dataset\archive\data\data\real\10\IMG_1667891931531.jpg,0,10_rupees,current_real,current_0_img_1667891931531,train
C:\Users\bhave\OneDrive\Desktop\Sem7\ComputerVision\Project\part2\dataset\archive\data\data\real\10\IMG_1667891940667.jpg,0,10_rupees,current_real,current_0_img_1667891940667,train
C:\Users\bhave\OneDrive\Desktop\Sem7\ComputerVision\Project\part2\dataset\archive\data\data\real\10\IMG_1667891944011.jpg,0,10_rupees,current_real,current_0_img_1667891944011,train
C:\Users\bhave\OneDrive\Desktop\Sem7\ComputerVision\Project\part2\dataset\archive\data\data\real\10\IMG_1667891947445.jpg,0,10_rupees,current_real,current_0_img_1667891947445,train
C:\Users\bhave\OneDrive\Desktop\Sem7\ComputerVision\Project\part2\dataset\archive\data\data\real\10\IMG_1667891951189.jpg,0,10_rupees,current_real,current_0_img_1667891951189,train
C:\Users\bhave\OneDrive\Desktop\Sem7\ComputerVision\Project\part2\dataset\archive\data\data\real\10\IMG_1667891960273.jpg,0,10_rupees,current_real,current_0_img_1667891960273,train
C:\Users\bhave\OneDrive\Desktop\Sem7\ComputerVision\Project\part2\dataset\archive\data\data\real\10\IMG_1667891969759.jpg,0,10_rupees,current_real,current_0_img_1667891969759,train
C:\Users\bhave\OneDrive\Desktop\Sem7\ComputerVision\Project\part2\dataset\archive\data\data\real\10\IMG_1667891981801.jpg,0,10_rupees,current_real,current_0_img_1667891981801,train
C:\Users\bhave\OneDrive\Desktop\Sem7\ComputerVision\Project\part2\dataset\archive\data\data\real\10\IMG_1667891987324.jpg,0,10_rupees,current_real,current_0_img_1667891987324,train
C:\Users\bhave\OneDrive\Desktop\Sem7\ComputerVision\Project\part2\dataset\archive\data\data\real\10\IMG_1667891991840.jpg,0,10_rupees,current_real,current_0_img_1667891991840,train
C:\Users\bhave\OneDrive\Desktop\Sem7\ComputerVision\Project\part2\dataset\archive\data\data\real\10\IMG_1667891998614.jpg,0,10_rupees,current_real,current_0_img_1667891998614,train
C:\Users\bhave\OneDrive\Desktop\Sem7\ComputerVision\Project\part2\dataset\archive\data\data\real\10\IMG_1667892002166.jpg,0,10_rupees,current_real,current_0_img_1667892002166,train
C:\Users\bhave\OneDrive\Desktop\Sem7\ComputerVision\Project\part2\dataset\archive\data\data\real\10\IMG_1667892008761.jpg,0,10_rupees,current_real,current_0_img_1667892008761,train
C:\Users\bhave\OneDrive\Desktop\Sem7\ComputerVision\Project\part2\dataset\archive\data\data\real\10\IMG_1667892026963.jpg,0,10_rupees,current_real,current_0_img_1667892026963,train
C:\Users\bhave\OneDrive\Desktop\Sem7\ComputerVision\Project\part2\dataset\archive\data\data\real\10\IMG_1667892038020.jpg,0,10_rupees,current_real,current_0_img_1667892038020,train
C:\Users\bhave\OneDrive\Desktop\Sem7\ComputerVision\Project\part2\dataset\archive\data\data\real\10\IMG_1667892042768.jpg,0,10_rupees,current_real,current_0_img_1667892042768,train
C:\Users\bhave\OneDrive\Desktop\Sem7\ComputerVision\Project\part2\dataset\archive\data\data\real\10\IMG_1667892104576.jpg,0,10_rupees,current_real,current_0_img_1667892104576,train
C:\Users\bhave\OneDrive\Desktop\Sem7\ComputerVision\Project\part2\dataset\archive\data\data\real\10\IMG_1667892118899.jpg,0,10_rupees,current_real,current_0_img_1667892118899,train
C:\Users\bhave\OneDrive\Desktop\Sem7\ComputerVision\Project\part2\dataset\archive\data\data\real\10\IMG_1667892139677.jpg,0,10_rupees,current_real,current_0_img_1667892139677,train
C:\Users\bhave\OneDrive\Desktop\Sem7\ComputerVision\Project\part2\dataset\archive\data\data\real\10\IMG_1667892143800.jpg,0,10_rupees,current_real,current_0_img_1667892143800,train
C:\Users\bhave\OneDrive\Desktop\Sem7\ComputerVision\Project\part2\dataset\archive\data\data\real\10\IMG_1667892147292.jpg,0,10_rupees,current_real,current_0_img_1667892147292,train
C:\Users\bhave\OneDrive\Desktop\Sem7\ComputerVision\Project\part2\dataset\archive\data\data\real\10\IMG_1667892153990.jpg,0,10_rupees,current_real,current_0_img_1667892153990,train
C:\Users\bhave\OneDrive\Desktop\Sem7\ComputerVision\Project\part2\dataset\archive\data\data\real\10\IMG_1667892203745.jpg,0,10_rupees,current_real,current_0_img_1667892203745,train
C:\Users\bhave\OneDrive\Desktop\Sem7\ComputerVision\Project\part2\dataset\archive\data\data\real\10\IMG_1667892208590.jpg,0,10_rupees,current_real,current_0_img_1667892208590,train
C:\Users\bhave\OneDrive\Desktop\Sem7\ComputerVision\Project\part2\dataset\archive\data\data\real\10\IMG_1667892223590.jpg,0,10_rupees,current_real,current_0_img_1667892223590,train
C:\Users\bhave\OneDrive\Desktop\Sem7\ComputerVision\Project\part2\dataset\archive\data\data\real\10\IMG_1667892228384.jpg,0,10_rupees,current_real,current_0_img_1667892228384,train
C:\Users\bhave\OneDrive\Desktop\Sem7\ComputerVision\Project\part2\dataset\archive\data\data\real\10\IMG_1667892239905.jpg,0,10_rupees,current_real,current_0_img_1667892239905,train
C:\Users\bhave\OneDrive\Desktop\Sem7\ComputerVision\Project\part2\dataset\archive\data\data\real\10\IMG_1667892262228.jpg,0,10_rupees,current_real,current_0_img_1667892262228,train
C:\Users\bhave\OneDrive\Desktop\Sem7\ComputerVision\Project\part2\dataset\archive\data\data\real\10\IMG_1667892266841.jpg,0,10_rupees,current_real,current_0_img_1667892266841,train
C:\Users\bhave\OneDrive\Desktop\Sem7\ComputerVision\Project\part2\dataset\archive\data\data\real\10\IMG_1667892270706.jpg,0,10_rupees,current_real,current_0_img_1667892270706,train
C:\Users\bhave\OneDrive\Desktop\Sem7\ComputerVision\Project\part2\dataset\archive\data\data\real\10\IMG_1821.jpg,0,10_rupees,current_real,current_0_img_1821,train
C:\Users\bhave\OneDrive\Desktop\Sem7\ComputerVision\Project\part2\dataset\archive\data\data\real\10\IMG_1822.jpg,0,10_rupees,current_real,current_0_img_1822,train
C:\Users\bhave\OneDrive\Desktop\Sem7\ComputerVision\Project\part2\dataset\archive\data\data\real\10\IMG_1823.jpg,0,10_rupees,current_real,current_0_img_1823,train
C:\Users\bhave\OneDrive\Desktop\Sem7\ComputerVision\Project\part2\dataset\archive\data\data\real\10\IMG_1824.jpg,0,10_rupees,current_real,current_0_img_1824,train
C:\Users\bhave\OneDrive\Desktop\Sem7\ComputerVision\Project\part2\dataset\archive\data\data\real\10\IMG_1825.jpg,0,10_rupees,current_real,current_0_img_1825,train
C:\Users\bhave\OneDrive\Desktop\Sem7\ComputerVision\Project\part2\dataset\archive\data\data\real\10\IMG_1826.jpg,0,10_rupees,current_real,current_0_img_1826,train
C:\Users\bhave\OneDrive\Desktop\Sem7\ComputerVision\Project\part2\dataset\archive\data\data\real\10\IMG_1828.jpg,0,10_rupees,current_real,current_0_img_1828,train
C:\Users\bhave\OneDrive\Desktop\Sem7\ComputerVision\Project\part2\dataset\archive\data\data\real\10\IMG_1829.jpg,0,10_rupees,current_real,current_0_img_1829,train
C:\Users\bhave\OneDrive\Desktop\Sem7\ComputerVision\Project\part2\dataset\archive\data\data\real\10\IMG_1830.jpg,0,10_rupees,current_real,current_0_img_1830,train
C:\Users\bhave\OneDrive\Desktop\Sem7\ComputerVision\Project\part2\dataset\archive\data\data\real\10\IMG_1831.jpg,0,10_rupees,current_real,current_0_img_1831,train
C:\Users\bhave\OneDrive\Desktop\Sem7\ComputerVision\Project\part2\dataset\archive\data\data\real\10\IMG_1834.jpg,0,10_rupees,current_real,current_0_img_1834,train
C:\Users\bhave\OneDrive\Desktop\Sem7\ComputerVision\Project\part2\dataset\archive\data\data\real\10\IMG_1835.jpg,0,10_rupees,current_real,current_0_img_1835,train
C:\Users\bhave\OneDrive\Desktop\Sem7\ComputerVision\Project\part2\dataset\archive\data\data\real\10\IMG_1836.jpg,0,10_rupees,current_real,current_0_img_1836,train
C:\Users\bhave\OneDrive\Desktop\Sem7\ComputerVision\Project\part2\dataset\archive\data\data\real\10\IMG_1837.jpg,0,10_rupees,current_real,current_0_img_1837,train
C:\Users\bhave\OneDrive\Desktop\Sem7\ComputerVision\Project\part2\dataset\archive\data\data\real\10\IMG_1838.jpg,0,10_rupees,current_real,current_0_img_1838,train
C:\Users\bhave\OneDrive\Desktop\Sem7\ComputerVision\Project\part2\dataset\archive\data\data\real\10\IMG_1839.jpg,0,10_rupees,current_real,current_0_img_1839,train
C:\Users\bhave\OneDrive\Desktop\Sem7\ComputerVision\Project\part2\dataset\archive\data\data\real\10\IMG_1840.jpg,0,10_rupees,current_real,current_0_img_1840,train
C:\Users\bhave\OneDrive\Desktop\Sem7\ComputerVision\Project\part2\dataset\archive\data\data\real\10\IMG_1841.jpg,0,10_rupees,current_real,current_0_img_1841,train
C:\Users\bhave\OneDrive\Desktop\Sem7\ComputerVision\Project\part2\dataset\archive\data\data\real\10\IMG_1842.jpg,0,10_rupees,current_real,current_0_img_1842,train
C:\Users\bhave\OneDrive\Desktop\Sem7\ComputerVision\Project\part2\dataset\archive\data\data\real\10\IMG_1844.jpg,0,10_rupees,current_real,current_0_img_1844,train
C:\Users\bhave\OneDrive\Desktop\Sem7\ComputerVision\Project\part2\dataset\archive\data\data\real\10\IMG_1845.jpg,0,10_rupees,current_real,current_0_img_1845,train
C:\Users\bhave\OneDrive\Desktop\Sem7\ComputerVision\Project\part2\dataset\archive\data\data\real\10\IMG_1846.jpg,0,10_rupees,current_real,current_0_img_1846,train
C:\Users\bhave\OneDrive\Desktop\Sem7\ComputerVision\Project\part2\dataset\archive\data\data\real\10\IMG_1848.jpg,0,10_rupees,current_real,current_0_img_1848,train
C:\Users\bhave\OneDrive\Desktop\Sem7\ComputerVision\Project\part2\dataset\archive\data\data\real\10\IMG_1849.jpg,0,10_rupees,current_real,current_0_img_1849,train
C:\Users\bhave\OneDrive\Desktop\Sem7\ComputerVision\Project\part2\dataset\archive\data\data\real\10\IMG_1850.jpg,0,10_rupees,current_real,current_0_img_1850,train
C:\Users\bhave\OneDrive\Desktop\Sem7\ComputerVision\Project\part2\dataset\archive\data\data\real\10\IMG_1852.jpg,0,10_rupees,current_real,current_0_img_1852,train
C:\Users\bhave\OneDrive\Desktop\Sem7\ComputerVision\Project\part2\dataset\archive\data\data\real\10\IMG_1853.jpg,0,10_rupees,current_real,current_0_img_1853,train
C:\Users\bhave\OneDrive\Desktop\Sem7\ComputerVision\Project\part2\dataset\archive\data\data\real\10\IMG_1854.jpg,0,10_rupees,current_real,current_0_img_1854,train
C:\Users\bhave\OneDrive\Desktop\Sem7\ComputerVision\Project\part2\dataset\archive\data\data\real\10\IMG_1855.jpg,0,10_rupees,current_real,current_0_img_1855,train
C:\Users\bhave\OneDrive\Desktop\Sem7\ComputerVision\Project\part2\dataset\archive\data\data\real\10\IMG_1856.jpg,0,10_rupees,current_real,current_0_img_1856,train
C:\Users\bhave\OneDrive\Desktop\Sem7\ComputerVision\Project\part2\dataset\archive\data\data\real\10\IMG_1860.jpg,0,10_rupees,current_real,current_0_img_1860,train
C:\Users\bhave\OneDrive\Desktop\Sem7\ComputerVision\Project\part2\dataset\archive\data\data\real\10\IMG_1861.jpg,0,10_rupees,current_real,current_0_img_1861,train
C:\Users\bhave\OneDrive\Desktop\Sem7\ComputerVision\Project\part2\dataset\archive\data\data\real\10\IMG_1863.jpg,0,10_rupees,current_real,current_0_img_1863,train
C:\Users\bhave\OneDrive\Desktop\Sem7\ComputerVision\Project\part2\dataset\archive\data\data\real\10\IMG_1865.jpg,0,10_rupees,current_real,current_0_img_1865,train
C:\Users\bhave\OneDrive\Desktop\Sem7\ComputerVision\Project\part2\dataset\archive\data\data\real\10\IMG_1866.jpg,0,10_rupees,current_real,current_0_img_1866,train
C:\Users\bhave\OneDrive\Desktop\Sem7\ComputerVision\Project\part2\dataset\archive\data\data\real\10\IMG_1867.jpg,0,10_rupees,current_real,current_0_img_1867,train
C:\Users\bhave\OneDrive\Desktop\Sem7\ComputerVision\Project\part2\dataset\archive\data\data\real\10\IMG_1868.jpg,0,10_rupees,current_real,current_0_img_1868,train
C:\Users\bhave\OneDrive\Desktop\Sem7\ComputerVision\Project\part2\dataset\archive\data\data\real\10\IMG_1869.jpg,0,10_rupees,current_real,current_0_img_1869,train
C:\Users\bhave\OneDrive\Desktop\Sem7\ComputerVision\Project\part2\dataset\archive\data\data\real\10\IMG_1870.jpg,0,10_rupees,current_real,current_0_img_1870,train
C:\Users\bhave\OneDrive\Desktop\Sem7\ComputerVision\Project\part2\dataset\archive\data\data\real\10\IMG_1872.jpg,0,10_rupees,current_real,current_0_img_1872,train
C:\Users\bhave\OneDrive\Desktop\Sem7\ComputerVision\Project\part2\dataset\archive\data\data\real\10\IMG_1874.jpg,0,10_rupees,current_real,current_0_img_1874,train
C:\Users\bhave\OneDrive\Desktop\Sem7\ComputerVision\Project\part2\dataset\archive\data\data\real\10\IMG_1875.jpg,0,10_rupees,current_real,current_0_img_1875,train
C:\Users\bhave\OneDrive\Desktop\Sem7\ComputerVision\Project\part2\dataset\archive\data\data\real\10\IMG_1876.jpg,0,10_rupees,current_real,current_0_img_1876,train
C:\Users\bhave\OneDrive\Desktop\Sem7\ComputerVision\Project\part2\dataset\archive\data\data\real\10\IMG_1877.jpg,0,10_rupees,current_real,current_0_img_1877,train
C:\Users\bhave\OneDrive\Desktop\Sem7\ComputerVision\Project\part2\dataset\archive\data\data\real\10\IMG_1878.jpg,0,10_rupees,current_real,current_0_img_1878,train
C:\Users\bhave\OneDrive\Desktop\Sem7\ComputerVision\Project\part2\dataset\archive\data\data\real\10\IMG_1879.jpg,0,10_rupees,current_real,current_0_img_1879,train
C:\Users\bhave\OneDrive\Desktop\Sem7\ComputerVision\Project\part2\dataset\archive\data\data\real\10\IMG_1880.jpg,0,10_rupees,current_real,current_0_img_1880,train
C:\Users\bhave\OneDrive\Desktop\Sem7\ComputerVision\Project\part2\dataset\archive\data\data\real\10\IMG_1881.jpg,0,10_rupees,current_real,current_0_img_1881,train
C:\Users\bhave\OneDrive\Desktop\Sem7\ComputerVision\Project\part2\dataset\archive\data\data\real\10\IMG_1882.jpg,0,10_rupees,current_real,current_0_img_1882,train
C:\Users\bhave\OneDrive\Desktop\Sem7\ComputerVision\Project\part2\dataset\archive\data\data\real\10\IMG_1885.jpg,0,10_rupees,current_real,current_0_img_1885,train
C:\Users\bhave\OneDrive\Desktop\Sem7\ComputerVision\Project\part2\dataset\archive\data\data\real\10\IMG_1887.jpg,0,10_rupees,current_real,current_0_img_1887,train
C:\Users\bhave\OneDrive\Desktop\Sem7\ComputerVision\Project\part2\dataset\archive\data\data\real\10\IMG_1888.jpg,0,10_rupees,current_real,current_0_img_1888,train
C:\Users\bhave\OneDrive\Desktop\Sem7\ComputerVision\Project\part2\dataset\archive\data\data\real\10\IMG_1890.jpg,0,10_rupees,current_real,current_0_img_1890,train
C:\Users\bhave\OneDrive\Desktop\Sem7\ComputerVision\Project\part2\dataset\archive\data\data\real\10\IMG_1891.jpg,0,10_rupees,current_real,current_0_img_1891,train
C:\Users\bhave\OneDrive\Desktop\Sem7\ComputerVision\Project\part2\dataset\archive\data\data\real\10\IMG_1892.jpg,0,10_rupees,current_real,current_0_img_1892,train
C:\Users\bhave\OneDrive\Desktop\Sem7\ComputerVision\Project\part2\dataset\archive\data\data\real\10\IMG_1893.jpg,0,10_rupees,current_real,current_0_img_1893,train
C:\Users\bhave\OneDrive\Desktop\Sem7\ComputerVision\Project\part2\dataset\archive\data\data\real\10\IMG_1894.jpg,0,10_rupees,current_real,current_0_img_1894,train
C:\Users\bhave\OneDrive\Desktop\Sem7\ComputerVision\Project\part2\dataset\archive\data\data\real\10\IMG_1895.jpg,0,10_rupees,current_real,current_0_img_1895,train
C:\Users\bhave\OneDrive\Desktop\Sem7\ComputerVision\Project\part2\dataset\archive\data\data\real\10\IMG_1896.jpg,0,10_rupees,current_real,current_0_img_1896,train
C:\Users\bhave\OneDrive\Desktop\Sem7\ComputerVision\Project\part2\dataset\archive\data\data\real\10\IMG_1904.jpg,0,10_rupees,current_real,current_0_img_1904,train
C:\Users\bhave\OneDrive\Desktop\Sem7\ComputerVision\Project\part2\dataset\archive\data\data\real\10\IMG_1905.jpg,0,10_rupees,current_real,current_0_img_1905,train
C:\Users\bhave\OneDrive\Desktop\Sem7\ComputerVision\Project\part2\dataset\archive\data\data\real\10\IMG_1906.jpg,0,10_rupees,current_real,current_0_img_1906,train
C:\Users\bhave\OneDrive\Desktop\Sem7\ComputerVision\Project\part2\dataset\archive\data\data\real\10\IMG_1910.jpg,0,10_rupees,current_real,current_0_img_1910,train
C:\Users\bhave\OneDrive\Desktop\Sem7\ComputerVision\Project\part2\dataset\archive\data\data\real\10\IMG_1912.jpg,0,10_rupees,current_real,current_0_img_1912,train
C:\Users\bhave\OneDrive\Desktop\Sem7\ComputerVision\Project\part2\dataset\archive\data\data\real\10\IMG_1913.jpg,0,10_rupees,current_real,current_0_img_1913,train
C:\Users\bhave\OneDrive\Desktop\Sem7\ComputerVision\Project\part2\dataset\archive\data\data\real\10\IMG_1914.jpg,0,10_rupees,current_real,current_0_img_1914,train
C:\Users\bhave\OneDrive\Desktop\Sem7\ComputerVision\Project\part2\dataset\archive\data\data\real\10\IMG_1916.jpg,0,10_rupees,current_real,current_0_img_1916,train
C:\Users\bhave\OneDrive\Desktop\Sem7\ComputerVision\Project\part2\dataset\archive\data\data\real\10\IMG_1918.jpg,0,10_rupees,current_real,current_0_img_1918,train
C:\Users\bhave\OneDrive\Desktop\Sem7\ComputerVision\Project\part2\dataset\archive\data\data\real\10\IMG_1919.jpg,0,10_rupees,current_real,current_0_img_1919,train
C:\Users\bhave\OneDrive\Desktop\Sem7\ComputerVision\Project\part2\dataset\archive\data\data\real\20\10.jpg,1,20_rupees,current_real,current_1_10,train
C:\Users\bhave\OneDrive\Desktop\Sem7\ComputerVision\Project\part2\dataset\archive\data\data\real\20\16.jpg,1,20_rupees,current_real,current_1_16,train
C:\Users\bhave\OneDrive\Desktop\Sem7\ComputerVision\Project\part2\dataset\archive\data\data\real\20\18.jpg,1,20_rupees,current_real,current_1_18,train
C:\Users\bhave\OneDrive\Desktop\Sem7\ComputerVision\Project\part2\dataset\archive\data\data\real\20\19.jpg,1,20_rupees,current_real,current_1_19,train
C:\Users\bhave\OneDrive\Desktop\Sem7\ComputerVision\Project\part2\dataset\archive\data\data\real\20\2.jpg,1,20_rupees,current_real,current_1_2,train
C:\Users\bhave\OneDrive\Desktop\Sem7\ComputerVision\Project\part2\dataset\archive\data\data\real\20\20.jpg,1,20_rupees,current_real,current_1_20,train
C:\Users\bhave\OneDrive\Desktop\Sem7\ComputerVision\Project\part2\dataset\archive\data\data\real\20\21.jpg,1,20_rupees,current_real,current_1_21,train
C:\Users\bhave\OneDrive\Desktop\Sem7\ComputerVision\Project\part2\dataset\archive\data\data\real\20\23.jpg,1,20_rupees,current_real,current_1_23,train
C:\Users\bhave\OneDrive\Desktop\Sem7\ComputerVision\Project\part2\dataset\archive\data\data\real\20\24.jpg,1,20_rupees,current_real,current_1_24,train
C:\Users\bhave\OneDrive\Desktop\Sem7\ComputerVision\Project\part2\dataset\archive\data\data\real\20\26.jpg,1,20_rupees,current_real,current_1_26,train
C:\Users\bhave\OneDrive\Desktop\Sem7\ComputerVision\Project\part2\dataset\archive\data\data\real\20\27.jpg,1,20_rupees,current_real,current_1_27,train
C:\Users\bhave\OneDrive\Desktop\Sem7\ComputerVision\Project\part2\dataset\archive\data\data\real\20\28.jpg,1,20_rupees,current_real,current_1_28,train
C:\Users\bhave\OneDrive\Desktop\Sem7\ComputerVision\Project\part2\dataset\archive\data\data\real\20\3.jpg,1,20_rupees,current_real,current_1_3,train
C:\Users\bhave\OneDrive\Desktop\Sem7\ComputerVision\Project\part2\dataset\archive\data\data\real\20\31.jpg,1,20_rupees,current_real,current_1_31,train
C:\Users\bhave\OneDrive\Desktop\Sem7\ComputerVision\Project\part2\dataset\archive\data\data\real\20\32.jpg,1,20_rupees,current_real,current_1_32,train
C:\Users\bhave\OneDrive\Desktop\Sem7\ComputerVision\Project\part2\dataset\archive\data\data\real\20\34.jpg,1,20_rupees,current_real,current_1_34,train
C:\Users\bhave\OneDrive\Desktop\Sem7\ComputerVision\Project\part2\dataset\archive\data\data\real\20\35.jpg,1,20_rupees,current_real,current_1_35,train
C:\Users\bhave\OneDrive\Desktop\Sem7\ComputerVision\Project\part2\dataset\archive\data\data\real\20\38.jpg,1,20_rupees,current_real,current_1_38,train
C:\Users\bhave\OneDrive\Desktop\Sem7\ComputerVision\Project\part2\dataset\archive\data\data\real\20\39.jpg,1,20_rupees,current_real,current_1_39,train
C:\Users\bhave\OneDrive\Desktop\Sem7\ComputerVision\Project\part2\dataset\archive\data\data\real\20\41.jpg,1,20_rupees,current_real,current_1_41,train
C:\Users\bhave\OneDrive\Desktop\Sem7\ComputerVision\Project\part2\dataset\archive\data\data\real\20\43.jpg,1,20_rupees,current_real,current_1_43,train
C:\Users\bhave\OneDrive\Desktop\Sem7\ComputerVision\Project\part2\dataset\archive\data\data\real\20\44.jpg,1,20_rupees,current_real,current_1_44,train
C:\Users\bhave\OneDrive\Desktop\Sem7\ComputerVision\Project\part2\dataset\archive\data\data\real\20\47.jpg,1,20_rupees,current_real,current_1_47,train
C:\Users\bhave\OneDrive\Desktop\Sem7\ComputerVision\Project\part2\dataset\archive\data\data\real\20\49.jpg,1,20_rupees,current_real,current_1_49,train
C:\Users\bhave\OneDrive\Desktop\Sem7\ComputerVision\Project\part2\dataset\archive\data\data\real\20\52.jpg,1,20_rupees,current_real,current_1_52,train
C:\Users\bhave\OneDrive\Desktop\Sem7\ComputerVision\Project\part2\dataset\archive\data\data\real\20\59.jpg,1,20_rupees,current_real,current_1_59,train
C:\Users\bhave\OneDrive\Desktop\Sem7\ComputerVision\Project\part2\dataset\archive\data\data\real\20\6.jpg,1,20_rupees,current_real,current_1_6,train
C:\Users\bhave\OneDrive\Desktop\Sem7\ComputerVision\Project\part2\dataset\archive\data\data\real\20\60.jpg,1,20_rupees,current_real,current_1_60,train
C:\Users\bhave\OneDrive\Desktop\Sem7\ComputerVision\Project\part2\dataset\archive\data\data\real\20\63.jpg,1,20_rupees,current_real,current_1_63,train
C:\Users\bhave\OneDrive\Desktop\Sem7\ComputerVision\Project\part2\dataset\archive\data\data\real\20\67.jpg,1,20_rupees,current_real,current_1_67,train
C:\Users\bhave\OneDrive\Desktop\Sem7\ComputerVision\Project\part2\dataset\archive\data\data\real\20\68.jpg,1,20_rupees,current_real,current_1_68,train
C:\Users\bhave\OneDrive\Desktop\Sem7\ComputerVision\Project\part2\dataset\archive\data\data\real\20\69.jpg,1,20_rupees,current_real,current_1_69,train
C:\Users\bhave\OneDrive\Desktop\Sem7\ComputerVision\Project\part2\dataset\archive\data\data\real\20\7.jpg,1,20_rupees,current_real,current_1_7,train
C:\Users\bhave\OneDrive\Desktop\Sem7\ComputerVision\Project\part2\dataset\archive\data\data\real\20\71.jpg,1,20_rupees,current_real,current_1_71,train
C:\Users\bhave\OneDrive\Desktop\Sem7\ComputerVision\Project\part2\dataset\archive\data\data\real\20\72.jpg,1,20_rupees,current_real,current_1_72,train
C:\Users\bhave\OneDrive\Desktop\Sem7\ComputerVision\Project\part2\dataset\archive\data\data\real\20\73.jpg,1,20_rupees,current_real,current_1_73,train
C:\Users\bhave\OneDrive\Desktop\Sem7\ComputerVision\Project\part2\dataset\archive\data\data\real\20\76.jpg,1,20_rupees,current_real,current_1_76,train
C:\Users\bhave\OneDrive\Desktop\Sem7\ComputerVision\Project\part2\dataset\archive\data\data\real\20\78.jpg,1,20_rupees,current_real,current_1_78,train
C:\Users\bhave\OneDrive\Desktop\Sem7\ComputerVision\Project\part2\dataset\archive\data\data\real\20\8.jpg,1,20_rupees,current_real,current_1_8,train
C:\Users\bhave\OneDrive\Desktop\Sem7\ComputerVision\Project\part2\dataset\archive\data\data\real\20\81.jpg,1,20_rupees,current_real,current_1_81,train
C:\Users\bhave\OneDrive\Desktop\Sem7\ComputerVision\Project\part2\dataset\archive\data\data\real\20\82.jpg,1,20_rupees,current_real,current_1_82,train
C:\Users\bhave\OneDrive\Desktop\Sem7\ComputerVision\Project\part2\dataset\archive\data\data\real\20\84.jpg,1,20_rupees,current_real,current_1_84,train
C:\Users\bhave\OneDrive\Desktop\Sem7\ComputerVision\Project\part2\dataset\archive\data\data\real\20\85.jpg,1,20_rupees,current_real,current_1_85,train
C:\Users\bhave\OneDrive\Desktop\Sem7\ComputerVision\Project\part2\dataset\archive\data\data\real\20\IMG20220901124218.jpg,1,20_rupees,current_real,current_1_img20220901124218,train
C:\Users\bhave\OneDrive\Desktop\Sem7\ComputerVision\Project\part2\dataset\archive\data\data\real\20\IMG20220901124230.jpg,1,20_rupees,current_real,current_1_img20220901124230,train
C:\Users\bhave\OneDrive\Desktop\Sem7\ComputerVision\Project\part2\dataset\archive\data\data\real\20\IMG20220901124301.jpg,1,20_rupees,current_real,current_1_img20220901124301,train
C:\Users\bhave\OneDrive\Desktop\Sem7\ComputerVision\Project\part2\dataset\archive\data\data\real\20\IMG20220901133231.jpg,1,20_rupees,current_real,current_1_img20220901133231,train
C:\Users\bhave\OneDrive\Desktop\Sem7\ComputerVision\Project\part2\dataset\archive\data\data\real\20\IMG20220901133249.jpg,1,20_rupees,current_real,current_1_img20220901133249,train
C:\Users\bhave\OneDrive\Desktop\Sem7\ComputerVision\Project\part2\dataset\archive\data\data\real\20\IMG20220901133253.jpg,1,20_rupees,current_real,current_1_img20220901133253,train
C:\Users\bhave\OneDrive\Desktop\Sem7\ComputerVision\Project\part2\dataset\archive\data\data\real\20\IMG20220901133257.jpg,1,20_rupees,current_real,current_1_img20220901133257,train
C:\Users\bhave\OneDrive\Desktop\Sem7\ComputerVision\Project\part2\dataset\archive\data\data\real\20\IMG20220901133305.jpg,1,20_rupees,current_real,current_1_img20220901133305,train
C:\Users\bhave\OneDrive\Desktop\Sem7\ComputerVision\Project\part2\dataset\archive\data\data\real\20\IMG20220929005029.jpg,1,20_rupees,current_real,current_1_img20220929005029,train
C:\Users\bhave\OneDrive\Desktop\Sem7\ComputerVision\Project\part2\dataset\archive\data\data\real\20\IMG20220929005030.jpg,1,20_rupees,current_real,current_1_img20220929005030,train
C:\Users\bhave\OneDrive\Desktop\Sem7\ComputerVision\Project\part2\dataset\archive\data\data\real\20\IMG20220929005034(1).jpg,1,20_rupees,current_real,current_1_img20220929005034(1),train
C:\Users\bhave\OneDrive\Desktop\Sem7\ComputerVision\Project\part2\dataset\archive\data\data\real\20\IMG20220929005037.jpg,1,20_rupees,current_real,current_1_img20220929005037,train
C:\Users\bhave\OneDrive\Desktop\Sem7\ComputerVision\Project\part2\dataset\archive\data\data\real\20\IMG20220929005042.jpg,1,20_rupees,current_real,current_1_img20220929005042,train
C:\Users\bhave\OneDrive\Desktop\Sem7\ComputerVision\Project\part2\dataset\archive\data\data\real\20\IMG20220929005043.jpg,1,20_rupees,current_real,current_1_img20220929005043,train
C:\Users\bhave\OneDrive\Desktop\Sem7\ComputerVision\Project\part2\dataset\archive\data\data\real\20\IMG20220929005047.jpg,1,20_rupees,current_real,current_1_img20220929005047,train
C:\Users\bhave\OneDrive\Desktop\Sem7\ComputerVision\Project\part2\dataset\archive\data\data\real\20\IMG20220929005051.jpg,1,20_rupees,current_real,current_1_img20220929005051,train
C:\Users\bhave\OneDrive\Desktop\Sem7\ComputerVision\Project\part2\dataset\archive\data\data\real\20\IMG20220929005053.jpg,1,20_rupees,current_real,current_1_img20220929005053,train
C:\Users\bhave\OneDrive\Desktop\Sem7\ComputerVision\Project\part2\dataset\archive\data\data\real\20\IMG20220929005057.jpg,1,20_rupees,current_real,current_1_img20220929005057,train
C:\Users\bhave\OneDrive\Desktop\Sem7\ComputerVision\Project\part2\dataset\archive\data\data\real\20\IMG20220929005058.jpg,1,20_rupees,current_real,current_1_img20220929005058,train
C:\Users\bhave\OneDrive\Desktop\Sem7\ComputerVision\Project\part2\dataset\archive\data\data\real\20\IMG20220929005102.jpg,1,20_rupees,current_real,current_1_img20220929005102,train
C:\Users\bhave\OneDrive\Desktop\Sem7\ComputerVision\Project\part2\dataset\archive\data\data\real\20\IMG20220929005106.jpg,1,20_rupees,current_real,current_1_img20220929005106,train
C:\Users\bhave\OneDrive\Desktop\Sem7\ComputerVision\Project\part2\dataset\archive\data\data\real\20\IMG20220929005107(1).jpg,1,20_rupees,current_real,current_1_img20220929005107(1),train
C:\Users\bhave\OneDrive\Desktop\Sem7\ComputerVision\Project\part2\dataset\archive\data\data\real\20\IMG20220929005107.jpg,1,20_rupees,current_real,current_1_img20220929005107,train
C:\Users\bhave\OneDrive\Desktop\Sem7\ComputerVision\Project\part2\dataset\archive\data\data\real\20\IMG20220929005112.jpg,1,20_rupees,current_real,current_1_img20220929005112,train
C:\Users\bhave\OneDrive\Desktop\Sem7\ComputerVision\Project\part2\dataset\archive\data\data\real\20\IMG20220929005118.jpg,1,20_rupees,current_real,current_1_img20220929005118,train
C:\Users\bhave\OneDrive\Desktop\Sem7\ComputerVision\Project\part2\dataset\archive\data\data\real\20\IMG20220929005125.jpg,1,20_rupees,current_real,current_1_img20220929005125,train
C:\Users\bhave\OneDrive\Desktop\Sem7\ComputerVision\Project\part2\dataset\archive\data\data\real\20\IMG20220929005127.jpg,1,20_rupees,current_real,current_1_img20220929005127,train
C:\Users\bhave\OneDrive\Desktop\Sem7\ComputerVision\Project\part2\dataset\archive\data\data\real\20\IMG20220929005131.jpg,1,20_rupees,current_real,current_1_img20220929005131,train
C:\Users\bhave\OneDrive\Desktop\Sem7\ComputerVision\Project\part2\dataset\archive\data\data\real\20\IMG20220929005134(1).jpg,1,20_rupees,current_real,current_1_img20220929005134(1),train
C:\Users\bhave\OneDrive\Desktop\Sem7\ComputerVision\Project\part2\dataset\archive\data\data\real\20\IMG20220929005134.jpg,1,20_rupees,current_real,current_1_img20220929005134,train
C:\Users\bhave\OneDrive\Desktop\Sem7\ComputerVision\Project\part2\dataset\archive\data\data\real\20\IMG20220929005137.jpg,1,20_rupees,current_real,current_1_img20220929005137,train
C:\Users\bhave\OneDrive\Desktop\Sem7\ComputerVision\Project\part2\dataset\archive\data\data\real\20\IMG20220929005139(1).jpg,1,20_rupees,current_real,current_1_img20220929005139(1),train
C:\Users\bhave\OneDrive\Desktop\Sem7\ComputerVision\Project\part2\dataset\archive\data\data\real\20\IMG20220929005139.jpg,1,20_rupees,current_real,current_1_img20220929005139,train
C:\Users\bhave\OneDrive\Desktop\Sem7\ComputerVision\Project\part2\dataset\archive\data\data\real\20\IMG20220929005147.jpg,1,20_rupees,current_real,current_1_img20220929005147,train
C:\Users\bhave\OneDrive\Desktop\Sem7\ComputerVision\Project\part2\dataset\archive\data\data\real\20\IMG20220929005153.jpg,1,20_rupees,current_real,current_1_img20220929005153,train
C:\Users\bhave\OneDrive\Desktop\Sem7\ComputerVision\Project\part2\dataset\archive\data\data\real\20\IMG20220929005154.jpg,1,20_rupees,current_real,current_1_img20220929005154,train
C:\Users\bhave\OneDrive\Desktop\Sem7\ComputerVision\Project\part2\dataset\archive\data\data\real\20\IMG20220929005156(1).jpg,1,20_rupees,current_real,current_1_img20220929005156(1),train
C:\Users\bhave\OneDrive\Desktop\Sem7\ComputerVision\Project\part2\dataset\archive\data\data\real\20\IMG20220929005156.jpg,1,20_rupees,current_real,current_1_img20220929005156,train
C:\Users\bhave\OneDrive\Desktop\Sem7\ComputerVision\Project\part2\dataset\archive\data\data\real\20\IMG20220929005159.jpg,1,20_rupees,current_real,current_1_img20220929005159,train
C:\Users\bhave\OneDrive\Desktop\Sem7\ComputerVision\Project\part2\dataset\archive\data\data\real\20\IMG20220929005202.jpg,1,20_rupees,current_real,current_1_img20220929005202,train
C:\Users\bhave\OneDrive\Desktop\Sem7\ComputerVision\Project\part2\dataset\archive\data\data\real\20\IMG20220929005203(1).jpg,1,20_rupees,current_real,current_1_img20220929005203(1),train
C:\Users\bhave\OneDrive\Desktop\Sem7\ComputerVision\Project\part2\dataset\archive\data\data\real\20\IMG20220929005212.jpg,1,20_rupees,current_real,current_1_img20220929005212,train
C:\Users\bhave\OneDrive\Desktop\Sem7\ComputerVision\Project\part2\dataset\archive\data\data\real\20\IMG20220929005219.jpg,1,20_rupees,current_real,current_1_img20220929005219,train
C:\Users\bhave\OneDrive\Desktop\Sem7\ComputerVision\Project\part2\dataset\archive\data\data\real\20\IMG20220929005237.jpg,1,20_rupees,current_real,current_1_img20220929005237,train
C:\Users\bhave\OneDrive\Desktop\Sem7\ComputerVision\Project\part2\dataset\archive\data\data\real\20\IMG20220929005240.jpg,1,20_rupees,current_real,current_1_img20220929005240,train
C:\Users\bhave\OneDrive\Desktop\Sem7\ComputerVision\Project\part2\dataset\archive\data\data\real\20\IMG20220929005242.jpg,1,20_rupees,current_real,current_1_img20220929005242,train
C:\Users\bhave\OneDrive\Desktop\Sem7\ComputerVision\Project\part2\dataset\archive\data\data\real\20\IMG20220929005245(1).jpg,1,20_rupees,current_real,current_1_img20220929005245(1),train
C:\Users\bhave\OneDrive\Desktop\Sem7\ComputerVision\Project\part2\dataset\archive\data\data\real\20\IMG20220929005245.jpg,1,20_rupees,current_real,current_1_img20220929005245,train
C:\Users\bhave\OneDrive\Desktop\Sem7\ComputerVision\Project\part2\dataset\archive\data\data\real\20\IMG20220929005248.jpg,1,20_rupees,current_real,current_1_img20220929005248,train
C:\Users\bhave\OneDrive\Desktop\Sem7\ComputerVision\Project\part2\dataset\archive\data\data\real\20\IMG20220929005255.jpg,1,20_rupees,current_real,current_1_img20220929005255,train
C:\Users\bhave\OneDrive\Desktop\Sem7\ComputerVision\Project\part2\dataset\archive\data\data\real\20\IMG20220929005300.jpg,1,20_rupees,current_real,current_1_img20220929005300,train
C:\Users\bhave\OneDrive\Desktop\Sem7\ComputerVision\Project\part2\dataset\archive\data\data\real\20\IMG20220929005301(1).jpg,1,20_rupees,current_real,current_1_img20220929005301(1),train
C:\Users\bhave\OneDrive\Desktop\Sem7\ComputerVision\Project\part2\dataset\archive\data\data\real\20\IMG20220929005301.jpg,1,20_rupees,current_real,current_1_img20220929005301,train
C:\Users\bhave\OneDrive\Desktop\Sem7\ComputerVision\Project\part2\dataset\archive\data\data\real\20\IMG20220929005307.jpg,1,20_rupees,current_real,current_1_img20220929005307,train
C:\Users\bhave\OneDrive\Desktop\Sem7\ComputerVision\Project\part2\dataset\archive\data\data\real\20\IMG20220929005311(1).jpg,1,20_rupees,current_real,current_1_img20220929005311(1),train
C:\Users\bhave\OneDrive\Desktop\Sem7\ComputerVision\Project\part2\dataset\archive\data\data\real\20\IMG20220929005311.jpg,1,20_rupees,current_real,current_1_img20220929005311,train
C:\Users\bhave\OneDrive\Desktop\Sem7\ComputerVision\Project\part2\dataset\archive\data\data\real\20\IMG20220929005313.jpg,1,20_rupees,current_real,current_1_img20220929005313,train
C:\Users\bhave\OneDrive\Desktop\Sem7\ComputerVision\Project\part2\dataset\archive\data\data\real\20\IMG20220929005320.jpg,1,20_rupees,current_real,current_1_img20220929005320,train
C:\Users\bhave\OneDrive\Desktop\Sem7\ComputerVision\Project\part2\dataset\archive\data\data\real\20\IMG20220929005324.jpg,1,20_rupees,current_real,current_1_img20220929005324,train
C:\Users\bhave\OneDrive\Desktop\Sem7\ComputerVision\Project\part2\dataset\archive\data\data\real\20\IMG20220929005326.jpg,1,20_rupees,current_real,current_1_img20220929005326,train
C:\Users\bhave\OneDrive\Desktop\Sem7\ComputerVision\Project\part2\dataset\archive\data\data\real\20\IMG20220929005330.jpg,1,20_rupees,current_real,current_1_img20220929005330,train
C:\Users\bhave\OneDrive\Desktop\Sem7\ComputerVision\Project\part2\dataset\archive\data\data\real\20\IMG20220929005341(1).jpg,1,20_rupees,current_real,current_1_img20220929005341(1),train
C:\Users\bhave\OneDrive\Desktop\Sem7\ComputerVision\Project\part2\dataset\archive\data\data\real\20\IMG20220929005341.jpg,1,20_rupees,current_real,current_1_img20220929005341,train
C:\Users\bhave\OneDrive\Desktop\Sem7\ComputerVision\Project\part2\dataset\archive\data\data\real\20\IMG20220929005343.jpg,1,20_rupees,current_real,current_1_img20220929005343,train
C:\Users\bhave\OneDrive\Desktop\Sem7\ComputerVision\Project\part2\dataset\archive\data\data\real\20\IMG20220929005347.jpg,1,20_rupees,current_real,current_1_img20220929005347,train
C:\Users\bhave\OneDrive\Desktop\Sem7\ComputerVision\Project\part2\dataset\archive\data\data\real\20\IMG20220929005356.jpg,1,20_rupees,current_real,current_1_img20220929005356,train
C:\Users\bhave\OneDrive\Desktop\Sem7\ComputerVision\Project\part2\dataset\archive\data\data\real\20\IMG20220929005358(1).jpg,1,20_rupees,current_real,current_1_img20220929005358(1),train
C:\Users\bhave\OneDrive\Desktop\Sem7\ComputerVision\Project\part2\dataset\archive\data\data\real\20\IMG20220929005358.jpg,1,20_rupees,current_real,current_1_img20220929005358,train
C:\Users\bhave\OneDrive\Desktop\Sem7\ComputerVision\Project\part2\dataset\archive\data\data\real\20\IMG20220929005400(1).jpg,1,20_rupees,current_real,current_1_img20220929005400(1),train
C:\Users\bhave\OneDrive\Desktop\Sem7\ComputerVision\Project\part2\dataset\archive\data\data\real\20\IMG20220929005400.jpg,1,20_rupees,current_real,current_1_img20220929005400,train
C:\Users\bhave\OneDrive\Desktop\Sem7\ComputerVision\Project\part2\dataset\archive\data\data\real\20\IMG20220929005401.jpg,1,20_rupees,current_real,current_1_img20220929005401,train
C:\Users\bhave\OneDrive\Desktop\Sem7\ComputerVision\Project\part2\dataset\archive\data\data\real\20\IMG20220929005404.jpg,1,20_rupees,current_real,current_1_img20220929005404,train
C:\Users\bhave\OneDrive\Desktop\Sem7\ComputerVision\Project\part2\dataset\archive\data\data\real\20\IMG20220929005409.jpg,1,20_rupees,current_real,current_1_img20220929005409,train
C:\Users\bhave\OneDrive\Desktop\Sem7\ComputerVision\Project\part2\dataset\archive\data\data\real\20\IMG20220929005410(1).jpg,1,20_rupees,current_real,current_1_img20220929005410(1),train
C:\Users\bhave\OneDrive\Desktop\Sem7\ComputerVision\Project\part2\dataset\archive\data\data\real\20\IMG20220929005413.jpg,1,20_rupees,current_real,current_1_img20220929005413,train
C:\Users\bhave\OneDrive\Desktop\Sem7\ComputerVision\Project\part2\dataset\archive\data\data\real\20\IMG20220929005414.jpg,1,20_rupees,current_real,current_1_img20220929005414,train
C:\Users\bhave\OneDrive\Desktop\Sem7\ComputerVision\Project\part2\dataset\archive\data\data\real\20\IMG20220929005418.jpg,1,20_rupees,current_real,current_1_img20220929005418,train
C:\Users\bhave\OneDrive\Desktop\Sem7\ComputerVision\Project\part2\dataset\archive\data\data\real\20\IMG20220929005418_01(1).jpg,1,20_rupees,current_real,current_1_img20220929005418_01(1),train
C:\Users\bhave\OneDrive\Desktop\Sem7\ComputerVision\Project\part2\dataset\archive\data\data\real\20\IMG20220929005418_01.jpg,1,20_rupees,current_real,current_1_img20220929005418_01,train
C:\Users\bhave\OneDrive\Desktop\Sem7\ComputerVision\Project\part2\dataset\archive\data\data\real\20\IMG20220929005419.jpg,1,20_rupees,current_real,current_1_img20220929005419,train
C:\Users\bhave\OneDrive\Desktop\Sem7\ComputerVision\Project\part2\dataset\archive\data\data\real\20\IMG20220929005420.jpg,1,20_rupees,current_real,current_1_img20220929005420,train
C:\Users\bhave\OneDrive\Desktop\Sem7\ComputerVision\Project\part2\dataset\archive\data\data\real\20\IMG20220929005428.jpg,1,20_rupees,current_real,current_1_img20220929005428,train
C:\Users\bhave\OneDrive\Desktop\Sem7\ComputerVision\Project\part2\dataset\archive\data\data\real\20\IMG20220929005429.jpg,1,20_rupees,current_real,current_1_img20220929005429,train
C:\Users\bhave\OneDrive\Desktop\Sem7\ComputerVision\Project\part2\dataset\archive\data\data\real\20\IMG20220929005432.jpg,1,20_rupees,current_real,current_1_img20220929005432,train
C:\Users\bhave\OneDrive\Desktop\Sem7\ComputerVision\Project\part2\dataset\archive\data\data\real\20\IMG20220929005437.jpg,1,20_rupees,current_real,current_1_img20220929005437,train
C:\Users\bhave\OneDrive\Desktop\Sem7\ComputerVision\Project\part2\dataset\archive\data\data\real\20\IMG20220929005439(1).jpg,1,20_rupees,current_real,current_1_img20220929005439(1),train
C:\Users\bhave\OneDrive\Desktop\Sem7\ComputerVision\Project\part2\dataset\archive\data\data\real\20\IMG20220929005600.jpg,1,20_rupees,current_real,current_1_img20220929005600,train
C:\Users\bhave\OneDrive\Desktop\Sem7\ComputerVision\Project\part2\dataset\archive\data\data\real\20\IMG20220929005602.jpg,1,20_rupees,current_real,current_1_img20220929005602,train
C:\Users\bhave\OneDrive\Desktop\Sem7\ComputerVision\Project\part2\dataset\archive\data\data\real\20\IMG20220929005603.jpg,1,20_rupees,current_real,current_1_img20220929005603,train
C:\Users\bhave\OneDrive\Desktop\Sem7\ComputerVision\Project\part2\dataset\archive\data\data\real\20\IMG20220929005604.jpg,1,20_rupees,current_real,current_1_img20220929005604,train
C:\Users\bhave\OneDrive\Desktop\Sem7\ComputerVision\Project\part2\dataset\archive\data\data\real\20\IMG20220929005607(1).jpg,1,20_rupees,current_real,current_1_img20220929005607(1),train
C:\Users\bhave\OneDrive\Desktop\Sem7\ComputerVision\Project\part2\dataset\archive\data\data\real\20\IMG20220929005607.jpg,1,20_rupees,current_real,current_1_img20220929005607,train
C:\Users\bhave\OneDrive\Desktop\Sem7\ComputerVision\Project\part2\dataset\archive\data\data\real\20\IMG20220929005609.jpg,1,20_rupees,current_real,current_1_img20220929005609,train
C:\Users\bhave\OneDrive\Desktop\Sem7\ComputerVision\Project\part2\dataset\archive\data\data\real\20\IMG20220929005611.jpg,1,20_rupees,current_real,current_1_img20220929005611,train
C:\Users\bhave\OneDrive\Desktop\Sem7\ComputerVision\Project\part2\dataset\archive\data\data\real\20\IMG20220929005615.jpg,1,20_rupees,current_real,current_1_img20220929005615,train
C:\Users\bhave\OneDrive\Desktop\Sem7\ComputerVision\Project\part2\dataset\archive\data\data\real\20\IMG20220929005619.jpg,1,20_rupees,current_real,current_1_img20220929005619,train
C:\Users\bhave\OneDrive\Desktop\Sem7\ComputerVision\Project\part2\dataset\archive\data\data\real\20\IMG20220929005622.jpg,1,20_rupees,current_real,current_1_img20220929005622,train
C:\Users\bhave\OneDrive\Desktop\Sem7\ComputerVision\Project\part2\dataset\archive\data\data\real\20\IMG20220929005625(2).jpg,1,20_rupees,current_real,current_1_img20220929005625(2),train
C:\Users\bhave\OneDrive\Desktop\Sem7\ComputerVision\Project\part2\dataset\archive\data\data\real\20\IMG20220929005625.jpg,1,20_rupees,current_real,current_1_img20220929005625,train
C:\Users\bhave\OneDrive\Desktop\Sem7\ComputerVision\Project\part2\dataset\archive\data\data\real\20\IMG20220929005626(1).jpg,1,20_rupees,current_real,current_1_img20220929005626(1),train
C:\Users\bhave\OneDrive\Desktop\Sem7\ComputerVision\Project\part2\dataset\archive\data\data\real\20\IMG20220929005627.jpg,1,20_rupees,current_real,current_1_img20220929005627,train
C:\Users\bhave\OneDrive\Desktop\Sem7\ComputerVision\Project\part2\dataset\archive\data\data\real\20\IMG20220929005629(1).jpg,1,20_rupees,current_real,current_1_img20220929005629(1),train
C:\Users\bhave\OneDrive\Desktop\Sem7\ComputerVision\Project\part2\dataset\archive\data\data\real\20\IMG20220929005629.jpg,1,20_rupees,current_real,current_1_img20220929005629,train
C:\Users\bhave\OneDrive\Desktop\Sem7\ComputerVision\Project\part2\dataset\archive\data\data\real\20\IMG20220929005630(1).jpg,1,20_rupees,current_real,current_1_img20220929005630(1),train
C:\Users\bhave\OneDrive\Desktop\Sem7\ComputerVision\Project\part2\dataset\archive\data\data\real\20\IMG20220929005630.jpg,1,20_rupees,current_real,current_1_img20220929005630,train
C:\Users\bhave\OneDrive\Desktop\Sem7\ComputerVision\Project\part2\dataset\archive\data\data\real\20\IMG20220929005633(1).jpg,1,20_rupees,current_real,current_1_img20220929005633(1),train
C:\Users\bhave\OneDrive\Desktop\Sem7\ComputerVision\Project\part2\dataset\archive\data\data\real\20\IMG20220929005633.jpg,1,20_rupees,current_real,current_1_img20220929005633,train
C:\Users\bhave\OneDrive\Desktop\Sem7\ComputerVision\Project\part2\dataset\archive\data\data\real\20\IMG20220929005635.jpg,1,20_rupees,current_real,current_1_img20220929005635,train
C:\Users\bhave\OneDrive\Desktop\Sem7\ComputerVision\Project\part2\dataset\archive\data\data\real\20\IMG20220929005636_BURST000_COVER.jpg,1,20_rupees,current_real,current_1_img20220929005636_burst000_cover,train
C:\Users\bhave\OneDrive\Desktop\Sem7\ComputerVision\Project\part2\dataset\archive\data\data\real\20\IMG20220929005636_BURST001.jpg,1,20_rupees,current_real,current_1_img20220929005636_burst001,train
C:\Users\bhave\OneDrive\Desktop\Sem7\ComputerVision\Project\part2\dataset\archive\data\data\real\20\IMG20220929005636_BURST002.jpg,1,20_rupees,current_real,current_1_img20220929005636_burst002,train
C:\Users\bhave\OneDrive\Desktop\Sem7\ComputerVision\Project\part2\dataset\archive\data\data\real\20\IMG20220929005636_BURST003.jpg,1,20_rupees,current_real,current_1_img20220929005636_burst003,train
C:\Users\bhave\OneDrive\Desktop\Sem7\ComputerVision\Project\part2\dataset\archive\data\data\real\20\IMG20220929005636_BURST004.jpg,1,20_rupees,current_real,current_1_img20220929005636_burst004,train
C:\Users\bhave\OneDrive\Desktop\Sem7\ComputerVision\Project\part2\dataset\archive\data\data\real\20\IMG20220929005636_BURST005.jpg,1,20_rupees,current_real,current_1_img20220929005636_burst005,train
C:\Users\bhave\OneDrive\Desktop\Sem7\ComputerVision\Project\part2\dataset\archive\data\data\real\20\IMG20220929005636_BURST006.jpg,1,20_rupees,current_real,current_1_img20220929005636_burst006,train
C:\Users\bhave\OneDrive\Desktop\Sem7\ComputerVision\Project\part2\dataset\archive\data\data\real\20\IMG20220929005636_BURST007.jpg,1,20_rupees,current_real,current_1_img20220929005636_burst007,train
C:\Users\bhave\OneDrive\Desktop\Sem7\ComputerVision\Project\part2\dataset\archive\data\data\real\20\IMG20220929005637.jpg,1,20_rupees,current_real,current_1_img20220929005637,train
C:\Users\bhave\OneDrive\Desktop\Sem7\ComputerVision\Project\part2\dataset\archive\data\data\real\20\IMG20220929005643.jpg,1,20_rupees,current_real,current_1_img20220929005643,train
C:\Users\bhave\OneDrive\Desktop\Sem7\ComputerVision\Project\part2\dataset\archive\data\data\real\20\IMG20220929005645.jpg,1,20_rupees,current_real,current_1_img20220929005645,train
C:\Users\bhave\OneDrive\Desktop\Sem7\ComputerVision\Project\part2\dataset\archive\data\data\real\20\IMG20220929005649.jpg,1,20_rupees,current_real,current_1_img20220929005649,train
C:\Users\bhave\OneDrive\Desktop\Sem7\ComputerVision\Project\part2\dataset\archive\data\data\real\20\IMG20220929005650(1).jpg,1,20_rupees,current_real,current_1_img20220929005650(1),train
C:\Users\bhave\OneDrive\Desktop\Sem7\ComputerVision\Project\part2\dataset\archive\data\data\real\20\IMG20220929005650.jpg,1,20_rupees,current_real,current_1_img20220929005650,train
C:\Users\bhave\OneDrive\Desktop\Sem7\ComputerVision\Project\part2\dataset\archive\data\data\real\20\IMG20220929005652(1).jpg,1,20_rupees,current_real,current_1_img20220929005652(1),train
C:\Users\bhave\OneDrive\Desktop\Sem7\ComputerVision\Project\part2\dataset\archive\data\data\real\20\IMG20220929005652.jpg,1,20_rupees,current_real,current_1_img20220929005652,train
C:\Users\bhave\OneDrive\Desktop\Sem7\ComputerVision\Project\part2\dataset\archive\data\data\real\20\IMG20220929005701(1).jpg,1,20_rupees,current_real,current_1_img20220929005701(1),train
C:\Users\bhave\OneDrive\Desktop\Sem7\ComputerVision\Project\part2\dataset\archive\data\data\real\20\IMG20220929005704.jpg,1,20_rupees,current_real,current_1_img20220929005704,train
C:\Users\bhave\OneDrive\Desktop\Sem7\ComputerVision\Project\part2\dataset\archive\data\data\real\20\IMG20220929005706(1).jpg,1,20_rupees,current_real,current_1_img20220929005706(1),train
C:\Users\bhave\OneDrive\Desktop\Sem7\ComputerVision\Project\part2\dataset\archive\data\data\real\20\IMG20220929005706.jpg,1,20_rupees,current_real,current_1_img20220929005706,train
C:\Users\bhave\OneDrive\Desktop\Sem7\ComputerVision\Project\part2\dataset\archive\data\data\real\20\IMG20220929005707(1).jpg,1,20_rupees,current_real,current_1_img20220929005707(1),train
C:\Users\bhave\OneDrive\Desktop\Sem7\ComputerVision\Project\part2\dataset\archive\data\data\real\20\IMG20220929005710.jpg,1,20_rupees,current_real,current_1_img20220929005710,train
C:\Users\bhave\OneDrive\Desktop\Sem7\ComputerVision\Project\part2\dataset\archive\data\data\real\20\IMG20220929005713(1).jpg,1,20_rupees,current_real,current_1_img20220929005713(1),train
C:\Users\bhave\OneDrive\Desktop\Sem7\ComputerVision\Project\part2\dataset\archive\data\data\real\20\IMG20220929005713.jpg,1,20_rupees,current_real,current_1_img20220929005713,train
C:\Users\bhave\OneDrive\Desktop\Sem7\ComputerVision\Project\part2\dataset\archive\data\data\real\20\IMG20220929005715.jpg,1,20_rupees,current_real,current_1_img20220929005715,train
C:\Users\bhave\OneDrive\Desktop\Sem7\ComputerVision\Project\part2\dataset\archive\data\data\real\20\IMG20220929005717(1).jpg,1,20_rupees,current_real,current_1_img20220929005717(1),train
C:\Users\bhave\OneDrive\Desktop\Sem7\ComputerVision\Project\part2\dataset\archive\data\data\real\20\IMG20220929005717.jpg,1,20_rupees,current_real,current_1_img20220929005717,train
C:\Users\bhave\OneDrive\Desktop\Sem7\ComputerVision\Project\part2\dataset\archive\data\data\real\20\IMG20220929101520.jpg,1,20_rupees,current_real,current_1_img20220929101520,train
C:\Users\bhave\OneDrive\Desktop\Sem7\ComputerVision\Project\part2\dataset\archive\data\data\real\20\IMG20220929101528.jpg,1,20_rupees,current_real,current_1_img20220929101528,train
C:\Users\bhave\OneDrive\Desktop\Sem7\ComputerVision\Project\part2\dataset\archive\data\data\real\20\IMG20220929101558.jpg,1,20_rupees,current_real,current_1_img20220929101558,train
C:\Users\bhave\OneDrive\Desktop\Sem7\ComputerVision\Project\part2\dataset\archive\data\data\real\20\IMG20220929101602.jpg,1,20_rupees,current_real,current_1_img20220929101602,train
C:\Users\bhave\OneDrive\Desktop\Sem7\ComputerVision\Project\part2\dataset\archive\data\data\real\20\IMG20220929101610.jpg,1,20_rupees,current_real,current_1_img20220929101610,train
C:\Users\bhave\OneDrive\Desktop\Sem7\ComputerVision\Project\part2\dataset\archive\data\data\real\20\IMG20220929101618.jpg,1,20_rupees,current_real,current_1_img20220929101618,train
C:\Users\bhave\OneDrive\Desktop\Sem7\ComputerVision\Project\part2\dataset\archive\data\data\real\20\IMG20220929101703.jpg,1,20_rupees,current_real,current_1_img20220929101703,train
C:\Users\bhave\OneDrive\Desktop\Sem7\ComputerVision\Project\part2\dataset\archive\data\data\real\20\IMG20220929101708.jpg,1,20_rupees,current_real,current_1_img20220929101708,train
C:\Users\bhave\OneDrive\Desktop\Sem7\ComputerVision\Project\part2\dataset\archive\data\data\real\20\IMG20220929101717.jpg,1,20_rupees,current_real,current_1_img20220929101717,train
C:\Users\bhave\OneDrive\Desktop\Sem7\ComputerVision\Project\part2\dataset\archive\data\data\real\20\IMG20220929101723.jpg,1,20_rupees,current_real,current_1_img20220929101723,train
C:\Users\bhave\OneDrive\Desktop\Sem7\ComputerVision\Project\part2\dataset\archive\data\data\real\20\IMG20220929101740.jpg,1,20_rupees,current_real,current_1_img20220929101740,train
C:\Users\bhave\OneDrive\Desktop\Sem7\ComputerVision\Project\part2\dataset\archive\data\data\real\20\IMG20220929101744.jpg,1,20_rupees,current_real,current_1_img20220929101744,train
C:\Users\bhave\OneDrive\Desktop\Sem7\ComputerVision\Project\part2\dataset\archive\data\data\real\20\IMG20220929101747.jpg,1,20_rupees,current_real,current_1_img20220929101747,train
C:\Users\bhave\OneDrive\Desktop\Sem7\ComputerVision\Project\part2\dataset\archive\data\data\real\20\IMG20220929101751.jpg,1,20_rupees,current_real,current_1_img20220929101751,train
C:\Users\bhave\OneDrive\Desktop\Sem7\ComputerVision\Project\part2\dataset\archive\data\data\real\20\IMG20220929101752.jpg,1,20_rupees,current_real,current_1_img20220929101752,train
C:\Users\bhave\OneDrive\Desktop\Sem7\ComputerVision\Project\part2\dataset\archive\data\data\real\20\IMG20220929101800.jpg,1,20_rupees,current_real,current_1_img20220929101800,train
C:\Users\bhave\OneDrive\Desktop\Sem7\ComputerVision\Project\part2\dataset\archive\data\data\real\20\IMG20220929101806.jpg,1,20_rupees,current_real,current_1_img20220929101806,train
C:\Users\bhave\OneDrive\Desktop\Sem7\ComputerVision\Project\part2\dataset\archive\data\data\real\20\IMG20220929101812.jpg,1,20_rupees,current_real,current_1_img20220929101812,train
C:\Users\bhave\OneDrive\Desktop\Sem7\ComputerVision\Project\part2\dataset\archive\data\data\real\20\IMG20220929101819.jpg,1,20_rupees,current_real,current_1_img20220929101819,train
C:\Users\bhave\OneDrive\Desktop\Sem7\ComputerVision\Project\part2\dataset\archive\data\data\real\20\IMG20220929101837.jpg,1,20_rupees,current_real,current_1_img20220929101837,train
C:\Users\bhave\OneDrive\Desktop\Sem7\ComputerVision\Project\part2\dataset\archive\data\data\real\20\IMG20220929101840.jpg,1,20_rupees,current_real,current_1_img20220929101840,train
C:\Users\bhave\OneDrive\Desktop\Sem7\ComputerVision\Project\part2\dataset\archive\data\data\real\20\IMG20220929101847.jpg,1,20_rupees,current_real,current_1_img20220929101847,train
C:\Users\bhave\OneDrive\Desktop\Sem7\ComputerVision\Project\part2\dataset\archive\data\data\real\20\IMG20220929101900.jpg,1,20_rupees,current_real,current_1_img20220929101900,train
C:\Users\bhave\OneDrive\Desktop\Sem7\ComputerVision\Project\part2\dataset\archive\data\data\real\20\IMG20220929101905.jpg,1,20_rupees,current_real,current_1_img20220929101905,train
C:\Users\bhave\OneDrive\Desktop\Sem7\ComputerVision\Project\part2\dataset\archive\data\data\real\20\IMG20220929101907.jpg,1,20_rupees,current_real,current_1_img20220929101907,train
C:\Users\bhave\OneDrive\Desktop\Sem7\ComputerVision\Project\part2\dataset\archive\data\data\real\20\IMG20220929101928.jpg,1,20_rupees,current_real,current_1_img20220929101928,train
C:\Users\bhave\OneDrive\Desktop\Sem7\ComputerVision\Project\part2\dataset\archive\data\data\real\20\IMG20220929101940.jpg,1,20_rupees,current_real,current_1_img20220929101940,train
C:\Users\bhave\OneDrive\Desktop\Sem7\ComputerVision\Project\part2\dataset\archive\data\data\real\20\IMG20220929102009.jpg,1,20_rupees,current_real,current_1_img20220929102009,train
C:\Users\bhave\OneDrive\Desktop\Sem7\ComputerVision\Project\part2\dataset\archive\data\data\real\20\IMG20220929102010.jpg,1,20_rupees,current_real,current_1_img20220929102010,train
C:\Users\bhave\OneDrive\Desktop\Sem7\ComputerVision\Project\part2\dataset\archive\data\data\real\20\IMG20220929102012.jpg,1,20_rupees,current_real,current_1_img20220929102012,train
C:\Users\bhave\OneDrive\Desktop\Sem7\ComputerVision\Project\part2\dataset\archive\data\data\real\20\IMG20220929102015.jpg,1,20_rupees,current_real,current_1_img20220929102015,train
C:\Users\bhave\OneDrive\Desktop\Sem7\ComputerVision\Project\part2\dataset\archive\data\data\real\20\IMG20220929102018.jpg,1,20_rupees,current_real,current_1_img20220929102018,train
C:\Users\bhave\OneDrive\Desktop\Sem7\ComputerVision\Project\part2\dataset\archive\data\data\real\20\IMG20220929102020.jpg,1,20_rupees,current_real,current_1_img20220929102020,train
C:\Users\bhave\OneDrive\Desktop\Sem7\ComputerVision\Project\part2\dataset\archive\data\data\real\20\IMG20220929102025.jpg,1,20_rupees,current_real,current_1_img20220929102025,train
C:\Users\bhave\OneDrive\Desktop\Sem7\ComputerVision\Project\part2\dataset\archive\data\data\real\20\IMG20220929102031.jpg,1,20_rupees,current_real,current_1_img20220929102031,train
C:\Users\bhave\OneDrive\Desktop\Sem7\ComputerVision\Project\part2\dataset\archive\data\data\real\20\IMG20220929102128.jpg,1,20_rupees,current_real,current_1_img20220929102128,train
C:\Users\bhave\OneDrive\Desktop\Sem7\ComputerVision\Project\part2\dataset\archive\data\data\real\20\IMG20220929102130.jpg,1,20_rupees,current_real,current_1_img20220929102130,train
C:\Users\bhave\OneDrive\Desktop\Sem7\ComputerVision\Project\part2\dataset\archive\data\data\real\20\IMG20220929102233.jpg,1,20_rupees,current_real,current_1_img20220929102233,train
C:\Users\bhave\OneDrive\Desktop\Sem7\ComputerVision\Project\part2\dataset\archive\data\data\real\20\IMG20220929102235.jpg,1,20_rupees,current_real,current_1_img20220929102235,train
C:\Users\bhave\OneDrive\Desktop\Sem7\ComputerVision\Project\part2\dataset\archive\data\data\real\20\IMG20220929102237.jpg,1,20_rupees,current_real,current_1_img20220929102237,train
C:\Users\bhave\OneDrive\Desktop\Sem7\ComputerVision\Project\part2\dataset\archive\data\data\real\20\IMG20220929102240.jpg,1,20_rupees,current_real,current_1_img20220929102240,train
C:\Users\bhave\OneDrive\Desktop\Sem7\ComputerVision\Project\part2\dataset\archive\data\data\real\20\IMG20220929102243.jpg,1,20_rupees,current_real,current_1_img20220929102243,train
C:\Users\bhave\OneDrive\Desktop\Sem7\ComputerVision\Project\part2\dataset\archive\data\data\real\20\IMG20220929102245.jpg,1,20_rupees,current_real,current_1_img20220929102245,train
C:\Users\bhave\OneDrive\Desktop\Sem7\ComputerVision\Project\part2\dataset\archive\data\data\real\20\IMG20220929102247.jpg,1,20_rupees,current_real,current_1_img20220929102247,train
C:\Users\bhave\OneDrive\Desktop\Sem7\ComputerVision\Project\part2\dataset\archive\data\data\real\20\IMG20220929102259.jpg,1,20_rupees,current_real,current_1_img20220929102259,train
C:\Users\bhave\OneDrive\Desktop\Sem7\ComputerVision\Project\part2\dataset\archive\data\data\real\20\IMG20220929102300.jpg,1,20_rupees,current_real,current_1_img20220929102300,train
C:\Users\bhave\OneDrive\Desktop\Sem7\ComputerVision\Project\part2\dataset\archive\data\data\real\20\IMG20220929102305.jpg,1,20_rupees,current_real,current_1_img20220929102305,train
C:\Users\bhave\OneDrive\Desktop\Sem7\ComputerVision\Project\part2\dataset\archive\data\data\real\20\IMG20220929102327.jpg,1,20_rupees,current_real,current_1_img20220929102327,train
C:\Users\bhave\OneDrive\Desktop\Sem7\ComputerVision\Project\part2\dataset\archive\data\data\real\20\IMG20220929102329.jpg,1,20_rupees,current_real,current_1_img20220929102329,train
C:\Users\bhave\OneDrive\Desktop\Sem7\ComputerVision\Project\part2\dataset\archive\data\data\real\20\IMG20220929102335.jpg,1,20_rupees,current_real,current_1_img20220929102335,train
C:\Users\bhave\OneDrive\Desktop\Sem7\ComputerVision\Project\part2\dataset\archive\data\data\real\20\IMG20220929102337.jpg,1,20_rupees,current_real,current_1_img20220929102337,train
C:\Users\bhave\OneDrive\Desktop\Sem7\ComputerVision\Project\part2\dataset\archive\data\data\real\20\IMG20220929102340.jpg,1,20_rupees,current_real,current_1_img20220929102340,train
C:\Users\bhave\OneDrive\Desktop\Sem7\ComputerVision\Project\part2\dataset\archive\data\data\real\20\IMG20220929102343.jpg,1,20_rupees,current_real,current_1_img20220929102343,train
C:\Users\bhave\OneDrive\Desktop\Sem7\ComputerVision\Project\part2\dataset\archive\data\data\real\20\IMG20220929102344.jpg,1,20_rupees,current_real,current_1_img20220929102344,train
C:\Users\bhave\OneDrive\Desktop\Sem7\ComputerVision\Project\part2\dataset\archive\data\data\real\20\IMG20220929102350.jpg,1,20_rupees,current_real,current_1_img20220929102350,train
C:\Users\bhave\OneDrive\Desktop\Sem7\ComputerVision\Project\part2\dataset\archive\data\data\real\20\IMG20220929102355.jpg,1,20_rupees,current_real,current_1_img20220929102355,train
C:\Users\bhave\OneDrive\Desktop\Sem7\ComputerVision\Project\part2\dataset\archive\data\data\real\20\IMG20220929102401.jpg,1,20_rupees,current_real,current_1_img20220929102401,train
C:\Users\bhave\OneDrive\Desktop\Sem7\ComputerVision\Project\part2\dataset\archive\data\data\real\20\IMG20220929102405.jpg,1,20_rupees,current_real,current_1_img20220929102405,train
C:\Users\bhave\OneDrive\Desktop\Sem7\ComputerVision\Project\part2\dataset\archive\data\data\real\20\IMG20220929102411.jpg,1,20_rupees,current_real,current_1_img20220929102411,train
C:\Users\bhave\OneDrive\Desktop\Sem7\ComputerVision\Project\part2\dataset\archive\data\data\real\20\IMG20220929102415.jpg,1,20_rupees,current_real,current_1_img20220929102415,train
C:\Users\bhave\OneDrive\Desktop\Sem7\ComputerVision\Project\part2\dataset\archive\data\data\real\20\IMG20220929102422.jpg,1,20_rupees,current_real,current_1_img20220929102422,train
C:\Users\bhave\OneDrive\Desktop\Sem7\ComputerVision\Project\part2\dataset\archive\data\data\real\20\IMG20220929102425.jpg,1,20_rupees,current_real,current_1_img20220929102425,train
C:\Users\bhave\OneDrive\Desktop\Sem7\ComputerVision\Project\part2\dataset\archive\data\data\real\20\IMG20220929102426.jpg,1,20_rupees,current_real,current_1_img20220929102426,train
C:\Users\bhave\OneDrive\Desktop\Sem7\ComputerVision\Project\part2\dataset\archive\data\data\real\20\IMG20220929102427.jpg,1,20_rupees,current_real,current_1_img20220929102427,train
C:\Users\bhave\OneDrive\Desktop\Sem7\ComputerVision\Project\part2\dataset\archive\data\data\real\20\IMG20220929102432.jpg,1,20_rupees,current_real,current_1_img20220929102432,train
C:\Users\bhave\OneDrive\Desktop\Sem7\ComputerVision\Project\part2\dataset\archive\data\data\real\20\IMG20220929102434.jpg,1,20_rupees,current_real,current_1_img20220929102434,train
C:\Users\bhave\OneDrive\Desktop\Sem7\ComputerVision\Project\part2\dataset\archive\data\data\real\20\IMG20220929102440.jpg,1,20_rupees,current_real,current_1_img20220929102440,train
C:\Users\bhave\OneDrive\Desktop\Sem7\ComputerVision\Project\part2\dataset\archive\data\data\real\20\IMG20220929102442.jpg,1,20_rupees,current_real,current_1_img20220929102442,train
C:\Users\bhave\OneDrive\Desktop\Sem7\ComputerVision\Project\part2\dataset\archive\data\data\real\20\IMG20220929102443.jpg,1,20_rupees,current_real,current_1_img20220929102443,train
C:\Users\bhave\OneDrive\Desktop\Sem7\ComputerVision\Project\part2\dataset\archive\data\data\real\20\IMG20220929102613.jpg,1,20_rupees,current_real,current_1_img20220929102613,train
C:\Users\bhave\OneDrive\Desktop\Sem7\ComputerVision\Project\part2\dataset\archive\data\data\real\20\IMG20220929102616.jpg,1,20_rupees,current_real,current_1_img20220929102616,train
C:\Users\bhave\OneDrive\Desktop\Sem7\ComputerVision\Project\part2\dataset\archive\data\data\real\20\IMG20220929102618.jpg,1,20_rupees,current_real,current_1_img20220929102618,train
C:\Users\bhave\OneDrive\Desktop\Sem7\ComputerVision\Project\part2\dataset\archive\data\data\real\20\IMG20220929102620.jpg,1,20_rupees,current_real,current_1_img20220929102620,train
C:\Users\bhave\OneDrive\Desktop\Sem7\ComputerVision\Project\part2\dataset\archive\data\data\real\20\IMG20220929102626.jpg,1,20_rupees,current_real,current_1_img20220929102626,train
C:\Users\bhave\OneDrive\Desktop\Sem7\ComputerVision\Project\part2\dataset\archive\data\data\real\20\IMG20220929102630.jpg,1,20_rupees,current_real,current_1_img20220929102630,train
C:\Users\bhave\OneDrive\Desktop\Sem7\ComputerVision\Project\part2\dataset\archive\data\data\real\20\IMG20220929102632.jpg,1,20_rupees,current_real,current_1_img20220929102632,train
C:\Users\bhave\OneDrive\Desktop\Sem7\ComputerVision\Project\part2\dataset\archive\data\data\real\20\IMG20220929102634.jpg,1,20_rupees,current_real,current_1_img20220929102634,train
C:\Users\bhave\OneDrive\Desktop\Sem7\ComputerVision\Project\part2\dataset\archive\data\data\real\20\IMG20220929102635.jpg,1,20_rupees,current_real,current_1_img20220929102635,train
C:\Users\bhave\OneDrive\Desktop\Sem7\ComputerVision\Project\part2\dataset\archive\data\data\real\20\IMG20220929102641.jpg,1,20_rupees,current_real,current_1_img20220929102641,train
C:\Users\bhave\OneDrive\Desktop\Sem7\ComputerVision\Project\part2\dataset\archive\data\data\real\20\IMG20220929102651.jpg,1,20_rupees,current_real,current_1_img20220929102651,train
C:\Users\bhave\OneDrive\Desktop\Sem7\ComputerVision\Project\part2\dataset\archive\data\data\real\20\IMG20220929102656.jpg,1,20_rupees,current_real,current_1_img20220929102656,train
C:\Users\bhave\OneDrive\Desktop\Sem7\ComputerVision\Project\part2\dataset\archive\data\data\real\20\IMG20220929102659.jpg,1,20_rupees,current_real,current_1_img20220929102659,train
C:\Users\bhave\OneDrive\Desktop\Sem7\ComputerVision\Project\part2\dataset\archive\data\data\real\20\IMG20220929102701.jpg,1,20_rupees,current_real,current_1_img20220929102701,train
C:\Users\bhave\OneDrive\Desktop\Sem7\ComputerVision\Project\part2\dataset\archive\data\data\real\20\IMG20220929102708.jpg,1,20_rupees,current_real,current_1_img20220929102708,train
C:\Users\bhave\OneDrive\Desktop\Sem7\ComputerVision\Project\part2\dataset\archive\data\data\real\20\IMG20220929102713.jpg,1,20_rupees,current_real,current_1_img20220929102713,train
C:\Users\bhave\OneDrive\Desktop\Sem7\ComputerVision\Project\part2\dataset\archive\data\data\real\20\IMG20220929103028.jpg,1,20_rupees,current_real,current_1_img20220929103028,train
C:\Users\bhave\OneDrive\Desktop\Sem7\ComputerVision\Project\part2\dataset\archive\data\data\real\20\IMG20220929103031.jpg,1,20_rupees,current_real,current_1_img20220929103031,train
C:\Users\bhave\OneDrive\Desktop\Sem7\ComputerVision\Project\part2\dataset\archive\data\data\real\20\IMG20220929103032.jpg,1,20_rupees,current_real,current_1_img20220929103032,train
C:\Users\bhave\OneDrive\Desktop\Sem7\ComputerVision\Project\part2\dataset\archive\data\data\real\20\IMG20220929103035.jpg,1,20_rupees,current_real,current_1_img20220929103035,train
C:\Users\bhave\OneDrive\Desktop\Sem7\ComputerVision\Project\part2\dataset\archive\data\data\real\20\IMG20220929103038.jpg,1,20_rupees,current_real,current_1_img20220929103038,train
C:\Users\bhave\OneDrive\Desktop\Sem7\ComputerVision\Project\part2\dataset\archive\data\data\real\20\IMG20220929103041.jpg,1,20_rupees,current_real,current_1_img20220929103041,train
C:\Users\bhave\OneDrive\Desktop\Sem7\ComputerVision\Project\part2\dataset\archive\data\data\real\20\IMG20220929103044.jpg,1,20_rupees,current_real,current_1_img20220929103044,train
C:\Users\bhave\OneDrive\Desktop\Sem7\ComputerVision\Project\part2\dataset\archive\data\data\real\20\IMG20220929103047.jpg,1,20_rupees,current_real,current_1_img20220929103047,train
C:\Users\bhave\OneDrive\Desktop\Sem7\ComputerVision\Project\part2\dataset\archive\data\data\real\20\IMG20220929103050.jpg,1,20_rupees,current_real,current_1_img20220929103050,train
C:\Users\bhave\OneDrive\Desktop\Sem7\ComputerVision\Project\part2\dataset\archive\data\data\real\20\IMG_1666262767019.jpg,1,20_rupees,current_real,current_1_img_1666262767019,train
C:\Users\bhave\OneDrive\Desktop\Sem7\ComputerVision\Project\part2\dataset\archive\data\data\real\20\IMG_1666262812237.jpg,1,20_rupees,current_real,current_1_img_1666262812237,train
C:\Users\bhave\OneDrive\Desktop\Sem7\ComputerVision\Project\part2\dataset\archive\data\data\real\20\IMG_1666262834692.jpg,1,20_rupees,current_real,current_1_img_1666262834692,train
C:\Users\bhave\OneDrive\Desktop\Sem7\ComputerVision\Project\part2\dataset\archive\data\data\real\20\IMG_1666262886583.jpg,1,20_rupees,current_real,current_1_img_1666262886583,train
C:\Users\bhave\OneDrive\Desktop\Sem7\ComputerVision\Project\part2\dataset\archive\data\data\real\20\IMG_1666262942427.jpg,1,20_rupees,current_real,current_1_img_1666262942427,train
C:\Users\bhave\OneDrive\Desktop\Sem7\ComputerVision\Project\part2\dataset\archive\data\data\real\20\IMG_1666262955462.jpg,1,20_rupees,current_real,current_1_img_1666262955462,train
C:\Users\bhave\OneDrive\Desktop\Sem7\ComputerVision\Project\part2\dataset\archive\data\data\real\20\IMG_1666262963265.jpg,1,20_rupees,current_real,current_1_img_1666262963265,train
C:\Users\bhave\OneDrive\Desktop\Sem7\ComputerVision\Project\part2\dataset\archive\data\data\real\20\IMG_1666263030185.jpg,1,20_rupees,current_real,current_1_img_1666263030185,train
C:\Users\bhave\OneDrive\Desktop\Sem7\ComputerVision\Project\part2\dataset\archive\data\data\real\20\IMG_1666263052686.jpg,1,20_rupees,current_real,current_1_img_1666263052686,train
C:\Users\bhave\OneDrive\Desktop\Sem7\ComputerVision\Project\part2\dataset\archive\data\data\real\20\IMG_1666263062748.jpg,1,20_rupees,current_real,current_1_img_1666263062748,train
C:\Users\bhave\OneDrive\Desktop\Sem7\ComputerVision\Project\part2\dataset\archive\data\data\real\20\IMG_1666263088977.jpg,1,20_rupees,current_real,current_1_img_1666263088977,train
C:\Users\bhave\OneDrive\Desktop\Sem7\ComputerVision\Project\part2\dataset\archive\data\data\real\20\IMG_1666263098561.jpg,1,20_rupees,current_real,current_1_img_1666263098561,train
C:\Users\bhave\OneDrive\Desktop\Sem7\ComputerVision\Project\part2\dataset\archive\data\data\real\20\IMG_1666263110904.jpg,1,20_rupees,current_real,current_1_img_1666263110904,train
C:\Users\bhave\OneDrive\Desktop\Sem7\ComputerVision\Project\part2\dataset\archive\data\data\real\20\IMG_1666263185309.jpg,1,20_rupees,current_real,current_1_img_1666263185309,train
C:\Users\bhave\OneDrive\Desktop\Sem7\ComputerVision\Project\part2\dataset\archive\data\data\real\20\IMG_1666263205619.jpg,1,20_rupees,current_real,current_1_img_1666263205619,train
C:\Users\bhave\OneDrive\Desktop\Sem7\ComputerVision\Project\part2\dataset\archive\data\data\real\20\IMG_1666263210410.jpg,1,20_rupees,current_real,current_1_img_1666263210410,train
C:\Users\bhave\OneDrive\Desktop\Sem7\ComputerVision\Project\part2\dataset\archive\data\data\real\20\IMG_1666263375251.jpg,1,20_rupees,current_real,current_1_img_1666263375251,train
C:\Users\bhave\OneDrive\Desktop\Sem7\ComputerVision\Project\part2\dataset\archive\data\data\real\20\IMG_1666263409955.jpg,1,20_rupees,current_real,current_1_img_1666263409955,train
C:\Users\bhave\OneDrive\Desktop\Sem7\ComputerVision\Project\part2\dataset\archive\data\data\real\20\IMG_1666263434534.jpg,1,20_rupees,current_real,current_1_img_1666263434534,train
C:\Users\bhave\OneDrive\Desktop\Sem7\ComputerVision\Project\part2\dataset\archive\data\data\real\20\IMG_1666263494205.jpg,1,20_rupees,current_real,current_1_img_1666263494205,train
C:\Users\bhave\OneDrive\Desktop\Sem7\ComputerVision\Project\part2\dataset\archive\data\data\real\20\IMG_1666263513900.jpg,1,20_rupees,current_real,current_1_img_1666263513900,train
C:\Users\bhave\OneDrive\Desktop\Sem7\ComputerVision\Project\part2\dataset\archive\data\data\real\20\IMG_1666263604161.jpg,1,20_rupees,current_real,current_1_img_1666263604161,train
C:\Users\bhave\OneDrive\Desktop\Sem7\ComputerVision\Project\part2\dataset\archive\data\data\real\20\IMG_1666263616225.jpg,1,20_rupees,current_real,current_1_img_1666263616225,train
C:\Users\bhave\OneDrive\Desktop\Sem7\ComputerVision\Project\part2\dataset\archive\data\data\real\20\IMG_1666263649110.jpg,1,20_rupees,current_real,current_1_img_1666263649110,train
C:\Users\bhave\OneDrive\Desktop\Sem7\ComputerVision\Project\part2\dataset\archive\data\data\real\20\IMG_1666263666453.jpg,1,20_rupees,current_real,current_1_img_1666263666453,train
C:\Users\bhave\OneDrive\Desktop\Sem7\ComputerVision\Project\part2\dataset\archive\data\data\real\20\IMG_1666263800842.jpg,1,20_rupees,current_real,current_1_img_1666263800842,train
C:\Users\bhave\OneDrive\Desktop\Sem7\ComputerVision\Project\part2\dataset\archive\data\data\real\20\IMG_1666263817674.jpg,1,20_rupees,current_real,current_1_img_1666263817674,train
C:\Users\bhave\OneDrive\Desktop\Sem7\ComputerVision\Project\part2\dataset\archive\data\data\real\20\IMG_1666263858494.jpg,1,20_rupees,current_real,current_1_img_1666263858494,train
C:\Users\bhave\OneDrive\Desktop\Sem7\ComputerVision\Project\part2\dataset\archive\data\data\real\20\IMG_1666263866281.jpg,1,20_rupees,current_real,current_1_img_1666263866281,train
C:\Users\bhave\OneDrive\Desktop\Sem7\ComputerVision\Project\part2\dataset\archive\data\data\real\20\IMG_1666263874614.jpg,1,20_rupees,current_real,current_1_img_1666263874614,train
C:\Users\bhave\OneDrive\Desktop\Sem7\ComputerVision\Project\part2\dataset\archive\data\data\real\20\IMG_1666263926987.jpg,1,20_rupees,current_real,current_1_img_1666263926987,train
C:\Users\bhave\OneDrive\Desktop\Sem7\ComputerVision\Project\part2\dataset\archive\data\data\real\20\IMG_1666263947473.jpg,1,20_rupees,current_real,current_1_img_1666263947473,train
C:\Users\bhave\OneDrive\Desktop\Sem7\ComputerVision\Project\part2\dataset\archive\data\data\real\20\IMG_1666264052850.jpg,1,20_rupees,current_real,current_1_img_1666264052850,train
C:\Users\bhave\OneDrive\Desktop\Sem7\ComputerVision\Project\part2\dataset\archive\data\data\real\20\IMG_1666264067259.jpg,1,20_rupees,current_real,current_1_img_1666264067259,train
C:\Users\bhave\OneDrive\Desktop\Sem7\ComputerVision\Project\part2\dataset\archive\data\data\real\20\IMG_1666264074873.jpg,1,20_rupees,current_real,current_1_img_1666264074873,train
C:\Users\bhave\OneDrive\Desktop\Sem7\ComputerVision\Project\part2\dataset\archive\data\data\real\20\IMG_1666264110006.jpg,1,20_rupees,current_real,current_1_img_1666264110006,train
C:\Users\bhave\OneDrive\Desktop\Sem7\ComputerVision\Project\part2\dataset\archive\data\data\real\20\IMG_1666264129220.jpg,1,20_rupees,current_real,current_1_img_1666264129220,train
C:\Users\bhave\OneDrive\Desktop\Sem7\ComputerVision\Project\part2\dataset\archive\data\data\real\20\IMG_1666264193293.jpg,1,20_rupees,current_real,current_1_img_1666264193293,train
C:\Users\bhave\OneDrive\Desktop\Sem7\ComputerVision\Project\part2\dataset\archive\data\data\real\20\IMG_1666264219043.jpg,1,20_rupees,current_real,current_1_img_1666264219043,train
C:\Users\bhave\OneDrive\Desktop\Sem7\ComputerVision\Project\part2\dataset\archive\data\data\real\20\IMG_1666264245268.jpg,1,20_rupees,current_real,current_1_img_1666264245268,train
C:\Users\bhave\OneDrive\Desktop\Sem7\ComputerVision\Project\part2\dataset\archive\data\data\real\20\IMG_1666264257513.jpg,1,20_rupees,current_real,current_1_img_1666264257513,train
C:\Users\bhave\OneDrive\Desktop\Sem7\ComputerVision\Project\part2\dataset\archive\data\data\real\20\IMG_1666264280003.jpg,1,20_rupees,current_real,current_1_img_1666264280003,train
C:\Users\bhave\OneDrive\Desktop\Sem7\ComputerVision\Project\part2\dataset\archive\data\data\real\20\IMG_1666264316723.jpg,1,20_rupees,current_real,current_1_img_1666264316723,train
C:\Users\bhave\OneDrive\Desktop\Sem7\ComputerVision\Project\part2\dataset\archive\data\data\real\20\IMG_1666264346171.jpg,1,20_rupees,current_real,current_1_img_1666264346171,train
C:\Users\bhave\OneDrive\Desktop\Sem7\ComputerVision\Project\part2\dataset\archive\data\data\real\20\IMG_1666264355908.jpg,1,20_rupees,current_real,current_1_img_1666264355908,train
C:\Users\bhave\OneDrive\Desktop\Sem7\ComputerVision\Project\part2\dataset\archive\data\data\real\20\IMG_1666264378360.jpg,1,20_rupees,current_real,current_1_img_1666264378360,train
C:\Users\bhave\OneDrive\Desktop\Sem7\ComputerVision\Project\part2\dataset\archive\data\data\real\20\IMG_1666264422650.jpg,1,20_rupees,current_real,current_1_img_1666264422650,train
C:\Users\bhave\OneDrive\Desktop\Sem7\ComputerVision\Project\part2\dataset\archive\data\data\real\20\IMG_1666264438044.jpg,1,20_rupees,current_real,current_1_img_1666264438044,train
C:\Users\bhave\OneDrive\Desktop\Sem7\ComputerVision\Project\part2\dataset\archive\data\data\real\20\IMG_1666264470802.jpg,1,20_rupees,current_real,current_1_img_1666264470802,train
C:\Users\bhave\OneDrive\Desktop\Sem7\ComputerVision\Project\part2\dataset\archive\data\data\real\20\IMG_1666264489479.jpg,1,20_rupees,current_real,current_1_img_1666264489479,train
C:\Users\bhave\OneDrive\Desktop\Sem7\ComputerVision\Project\part2\dataset\archive\data\data\real\20\IMG_1666264505282.jpg,1,20_rupees,current_real,current_1_img_1666264505282,train
C:\Users\bhave\OneDrive\Desktop\Sem7\ComputerVision\Project\part2\dataset\archive\data\data\real\20\IMG_1666264517077.jpg,1,20_rupees,current_real,current_1_img_1666264517077,train
C:\Users\bhave\OneDrive\Desktop\Sem7\ComputerVision\Project\part2\dataset\archive\data\data\real\20\IMG_1666264557337.jpg,1,20_rupees,current_real,current_1_img_1666264557337,train
C:\Users\bhave\OneDrive\Desktop\Sem7\ComputerVision\Project\part2\dataset\archive\data\data\real\20\IMG_1666264572460.jpg,1,20_rupees,current_real,current_1_img_1666264572460,train
C:\Users\bhave\OneDrive\Desktop\Sem7\ComputerVision\Project\part2\dataset\archive\data\data\real\20\IMG_1666264592041.jpg,1,20_rupees,current_real,current_1_img_1666264592041,train
C:\Users\bhave\OneDrive\Desktop\Sem7\ComputerVision\Project\part2\dataset\archive\data\data\real\20\IMG_1666264740992.jpg,1,20_rupees,current_real,current_1_img_1666264740992,train
C:\Users\bhave\OneDrive\Desktop\Sem7\ComputerVision\Project\part2\dataset\archive\data\data\real\20\IMG_1666265181549.jpg,1,20_rupees,current_real,current_1_img_1666265181549,train
C:\Users\bhave\OneDrive\Desktop\Sem7\ComputerVision\Project\part2\dataset\archive\data\data\real\20\IMG_1666265185226.jpg,1,20_rupees,current_real,current_1_img_1666265185226,train
C:\Users\bhave\OneDrive\Desktop\Sem7\ComputerVision\Project\part2\dataset\archive\data\data\real\20\IMG_1666265194037.jpg,1,20_rupees,current_real,current_1_img_1666265194037,train
C:\Users\bhave\OneDrive\Desktop\Sem7\ComputerVision\Project\part2\dataset\archive\data\data\real\20\IMG_1666265202470.jpg,1,20_rupees,current_real,current_1_img_1666265202470,train
C:\Users\bhave\OneDrive\Desktop\Sem7\ComputerVision\Project\part2\dataset\archive\data\data\real\20\IMG_1666265282604.jpg,1,20_rupees,current_real,current_1_img_1666265282604,train
C:\Users\bhave\OneDrive\Desktop\Sem7\ComputerVision\Project\part2\dataset\archive\data\data\real\20\IMG_1666265305140.jpg,1,20_rupees,current_real,current_1_img_1666265305140,train
C:\Users\bhave\OneDrive\Desktop\Sem7\ComputerVision\Project\part2\dataset\archive\data\data\real\20\IMG_1666265338774.jpg,1,20_rupees,current_real,current_1_img_1666265338774,train
C:\Users\bhave\OneDrive\Desktop\Sem7\ComputerVision\Project\part2\dataset\archive\data\data\real\20\IMG_1666265354417.jpg,1,20_rupees,current_real,current_1_img_1666265354417,train
C:\Users\bhave\OneDrive\Desktop\Sem7\ComputerVision\Project\part2\dataset\archive\data\data\real\20\IMG_1666265369558.jpg,1,20_rupees,current_real,current_1_img_1666265369558,train
C:\Users\bhave\OneDrive\Desktop\Sem7\ComputerVision\Project\part2\dataset\archive\data\data\real\20\IMG_1666265400588.jpg,1,20_rupees,current_real,current_1_img_1666265400588,train
C:\Users\bhave\OneDrive\Desktop\Sem7\ComputerVision\Project\part2\dataset\archive\data\data\real\20\IMG_1666265411395.jpg,1,20_rupees,current_real,current_1_img_1666265411395,train
C:\Users\bhave\OneDrive\Desktop\Sem7\ComputerVision\Project\part2\dataset\archive\data\data\real\20\IMG_1666265422827.jpg,1,20_rupees,current_real,current_1_img_1666265422827,train
C:\Users\bhave\OneDrive\Desktop\Sem7\ComputerVision\Project\part2\dataset\archive\data\data\real\20\IMG_1666265431024.jpg,1,20_rupees,current_real,current_1_img_1666265431024,train
C:\Users\bhave\OneDrive\Desktop\Sem7\ComputerVision\Project\part2\dataset\archive\data\data\real\20\IMG_1666265462771.jpg,1,20_rupees,current_real,current_1_img_1666265462771,train
C:\Users\bhave\OneDrive\Desktop\Sem7\ComputerVision\Project\part2\dataset\archive\data\data\real\20\IMG_1666265519818.jpg,1,20_rupees,current_real,current_1_img_1666265519818,train
C:\Users\bhave\OneDrive\Desktop\Sem7\ComputerVision\Project\part2\dataset\archive\data\data\real\20\IMG_1666265544755.jpg,1,20_rupees,current_real,current_1_img_1666265544755,train
C:\Users\bhave\OneDrive\Desktop\Sem7\ComputerVision\Project\part2\dataset\archive\data\data\real\20\IMG_1666265567517.jpg,1,20_rupees,current_real,current_1_img_1666265567517,train
C:\Users\bhave\OneDrive\Desktop\Sem7\ComputerVision\Project\part2\dataset\archive\data\data\real\20\IMG_1666265579010.jpg,1,20_rupees,current_real,current_1_img_1666265579010,train
C:\Users\bhave\OneDrive\Desktop\Sem7\ComputerVision\Project\part2\dataset\archive\data\data\real\20\IMG_1666265588880.jpg,1,20_rupees,current_real,current_1_img_1666265588880,train
C:\Users\bhave\OneDrive\Desktop\Sem7\ComputerVision\Project\part2\dataset\archive\data\data\real\20\IMG_1666265610863.jpg,1,20_rupees,current_real,current_1_img_1666265610863,train
C:\Users\bhave\OneDrive\Desktop\Sem7\ComputerVision\Project\part2\dataset\archive\data\data\real\20\IMG_1666265705234.jpg,1,20_rupees,current_real,current_1_img_1666265705234,train
C:\Users\bhave\OneDrive\Desktop\Sem7\ComputerVision\Project\part2\dataset\archive\data\data\real\20\IMG_1666265840916.jpg,1,20_rupees,current_real,current_1_img_1666265840916,train
C:\Users\bhave\OneDrive\Desktop\Sem7\ComputerVision\Project\part2\dataset\archive\data\data\real\20\IMG_1666265902862.jpg,1,20_rupees,current_real,current_1_img_1666265902862,train
C:\Users\bhave\OneDrive\Desktop\Sem7\ComputerVision\Project\part2\dataset\archive\data\data\real\20\IMG_1666265923954.jpg,1,20_rupees,current_real,current_1_img_1666265923954,train
C:\Users\bhave\OneDrive\Desktop\Sem7\ComputerVision\Project\part2\dataset\archive\data\data\real\20\IMG_1666265979681.jpg,1,20_rupees,current_real,current_1_img_1666265979681,train
C:\Users\bhave\OneDrive\Desktop\Sem7\ComputerVision\Project\part2\dataset\archive\data\data\real\20\IMG_1666265995692.jpg,1,20_rupees,current_real,current_1_img_1666265995692,train
C:\Users\bhave\OneDrive\Desktop\Sem7\ComputerVision\Project\part2\dataset\archive\data\data\real\20\IMG_1666266051022.jpg,1,20_rupees,current_real,current_1_img_1666266051022,train
C:\Users\bhave\OneDrive\Desktop\Sem7\ComputerVision\Project\part2\dataset\archive\data\data\real\20\IMG_1666266061952.jpg,1,20_rupees,current_real,current_1_img_1666266061952,train
C:\Users\bhave\OneDrive\Desktop\Sem7\ComputerVision\Project\part2\dataset\archive\data\data\real\20\IMG_1666266068651.jpg,1,20_rupees,current_real,current_1_img_1666266068651,train
C:\Users\bhave\OneDrive\Desktop\Sem7\ComputerVision\Project\part2\dataset\archive\data\data\real\20\IMG_1667839270491.jpg,1,20_rupees,current_real,current_1_img_1667839270491,train
C:\Users\bhave\OneDrive\Desktop\Sem7\ComputerVision\Project\part2\dataset\archive\data\data\real\20\IMG_1667839291326.jpg,1,20_rupees,current_real,current_1_img_1667839291326,train
C:\Users\bhave\OneDrive\Desktop\Sem7\ComputerVision\Project\part2\dataset\archive\data\data\real\20\IMG_1667839307305.jpg,1,20_rupees,current_real,current_1_img_1667839307305,train
C:\Users\bhave\OneDrive\Desktop\Sem7\ComputerVision\Project\part2\dataset\archive\data\data\real\20\IMG_1667839326943.jpg,1,20_rupees,current_real,current_1_img_1667839326943,train
C:\Users\bhave\OneDrive\Desktop\Sem7\ComputerVision\Project\part2\dataset\archive\data\data\real\20\IMG_1667839344095.jpg,1,20_rupees,current_real,current_1_img_1667839344095,train
C:\Users\bhave\OneDrive\Desktop\Sem7\ComputerVision\Project\part2\dataset\archive\data\data\real\20\IMG_1667839349893.jpg,1,20_rupees,current_real,current_1_img_1667839349893,train
C:\Users\bhave\OneDrive\Desktop\Sem7\ComputerVision\Project\part2\dataset\archive\data\data\real\20\IMG_1667839356342.jpg,1,20_rupees,current_real,current_1_img_1667839356342,train
C:\Users\bhave\OneDrive\Desktop\Sem7\ComputerVision\Project\part2\dataset\archive\data\data\real\20\IMG_1667839366483.jpg,1,20_rupees,current_real,current_1_img_1667839366483,train
C:\Users\bhave\OneDrive\Desktop\Sem7\ComputerVision\Project\part2\dataset\archive\data\data\real\20\IMG_1667839376732.jpg,1,20_rupees,current_real,current_1_img_1667839376732,train
C:\Users\bhave\OneDrive\Desktop\Sem7\ComputerVision\Project\part2\dataset\archive\data\data\real\20\IMG_1667839381689.jpg,1,20_rupees,current_real,current_1_img_1667839381689,train
C:\Users\bhave\OneDrive\Desktop\Sem7\ComputerVision\Project\part2\dataset\archive\data\data\real\20\IMG_1667839394468.jpg,1,20_rupees,current_real,current_1_img_1667839394468,train
C:\Users\bhave\OneDrive\Desktop\Sem7\ComputerVision\Project\part2\dataset\archive\data\data\real\20\IMG_1667839397787.jpg,1,20_rupees,current_real,current_1_img_1667839397787,train
C:\Users\bhave\OneDrive\Desktop\Sem7\ComputerVision\Project\part2\dataset\archive\data\data\real\20\IMG_1667839405248.jpg,1,20_rupees,current_real,current_1_img_1667839405248,train
C:\Users\bhave\OneDrive\Desktop\Sem7\ComputerVision\Project\part2\dataset\archive\data\data\real\20\IMG_1667839409412.jpg,1,20_rupees,current_real,current_1_img_1667839409412,train
C:\Users\bhave\OneDrive\Desktop\Sem7\ComputerVision\Project\part2\dataset\archive\data\data\real\20\IMG_1667839419389.jpg,1,20_rupees,current_real,current_1_img_1667839419389,train
C:\Users\bhave\OneDrive\Desktop\Sem7\ComputerVision\Project\part2\dataset\archive\data\data\real\20\IMG_1667839424223.jpg,1,20_rupees,current_real,current_1_img_1667839424223,train
C:\Users\bhave\OneDrive\Desktop\Sem7\ComputerVision\Project\part2\dataset\archive\data\data\real\20\IMG_1667839428511.jpg,1,20_rupees,current_real,current_1_img_1667839428511,train
C:\Users\bhave\OneDrive\Desktop\Sem7\ComputerVision\Project\part2\dataset\archive\data\data\real\20\IMG_1667839449442.jpg,1,20_rupees,current_real,current_1_img_1667839449442,train
C:\Users\bhave\OneDrive\Desktop\Sem7\ComputerVision\Project\part2\dataset\archive\data\data\real\20\IMG_1667839458909.jpg,1,20_rupees,current_real,current_1_img_1667839458909,train
C:\Users\bhave\OneDrive\Desktop\Sem7\ComputerVision\Project\part2\dataset\archive\data\data\real\20\IMG_1667839463871.jpg,1,20_rupees,current_real,current_1_img_1667839463871,train
C:\Users\bhave\OneDrive\Desktop\Sem7\ComputerVision\Project\part2\dataset\archive\data\data\real\20\IMG_1667839469470.jpg,1,20_rupees,current_real,current_1_img_1667839469470,train
C:\Users\bhave\OneDrive\Desktop\Sem7\ComputerVision\Project\part2\dataset\archive\data\data\real\20\IMG_1667839473229.jpg,1,20_rupees,current_real,current_1_img_1667839473229,train
C:\Users\bhave\OneDrive\Desktop\Sem7\ComputerVision\Project\part2\dataset\archive\data\data\real\20\IMG_1667839480919.jpg,1,20_rupees,current_real,current_1_img_1667839480919,train
C:\Users\bhave\OneDrive\Desktop\Sem7\ComputerVision\Project\part2\dataset\archive\data\data\real\20\IMG_1667839494857.jpg,1,20_rupees,current_real,current_1_img_1667839494857,train
C:\Users\bhave\OneDrive\Desktop\Sem7\ComputerVision\Project\part2\dataset\archive\data\data\real\20\IMG_1667839506951.jpg,1,20_rupees,current_real,current_1_img_1667839506951,train
C:\Users\bhave\OneDrive\Desktop\Sem7\ComputerVision\Project\part2\dataset\archive\data\data\real\20\IMG_1667839529393.jpg,1,20_rupees,current_real,current_1_img_1667839529393,train
C:\Users\bhave\OneDrive\Desktop\Sem7\ComputerVision\Project\part2\dataset\archive\data\data\real\20\IMG_1667839539632.jpg,1,20_rupees,current_real,current_1_img_1667839539632,train
C:\Users\bhave\OneDrive\Desktop\Sem7\ComputerVision\Project\part2\dataset\archive\data\data\real\20\IMG_1667839557737.jpg,1,20_rupees,current_real,current_1_img_1667839557737,train
C:\Users\bhave\OneDrive\Desktop\Sem7\ComputerVision\Project\part2\dataset\archive\data\data\real\20\IMG_1667839562765.jpg,1,20_rupees,current_real,current_1_img_1667839562765,train
C:\Users\bhave\OneDrive\Desktop\Sem7\ComputerVision\Project\part2\dataset\archive\data\data\real\20\IMG_1667839568295.jpg,1,20_rupees,current_real,current_1_img_1667839568295,train
C:\Users\bhave\OneDrive\Desktop\Sem7\ComputerVision\Project\part2\dataset\archive\data\data\real\20\IMG_1667839573285.jpg,1,20_rupees,current_real,current_1_img_1667839573285,train
C:\Users\bhave\OneDrive\Desktop\Sem7\ComputerVision\Project\part2\dataset\archive\data\data\real\20\IMG_1667839580523.jpg,1,20_rupees,current_real,current_1_img_1667839580523,train
C:\Users\bhave\OneDrive\Desktop\Sem7\ComputerVision\Project\part2\dataset\archive\data\data\real\20\IMG_1667839589165.jpg,1,20_rupees,current_real,current_1_img_1667839589165,train
C:\Users\bhave\OneDrive\Desktop\Sem7\ComputerVision\Project\part2\dataset\archive\data\data\real\20\IMG_1667839592564.jpg,1,20_rupees,current_real,current_1_img_1667839592564,train
C:\Users\bhave\OneDrive\Desktop\Sem7\ComputerVision\Project\part2\dataset\archive\data\data\real\20\IMG_1667839600375.jpg,1,20_rupees,current_real,current_1_img_1667839600375,train
C:\Users\bhave\OneDrive\Desktop\Sem7\ComputerVision\Project\part2\dataset\archive\data\data\real\20\IMG_1667839604397.jpg,1,20_rupees,current_real,current_1_img_1667839604397,train
C:\Users\bhave\OneDrive\Desktop\Sem7\ComputerVision\Project\part2\dataset\archive\data\data\real\20\IMG_1667839608032.jpg,1,20_rupees,current_real,current_1_img_1667839608032,train
C:\Users\bhave\OneDrive\Desktop\Sem7\ComputerVision\Project\part2\dataset\archive\data\data\real\20\IMG_1667839612896.jpg,1,20_rupees,current_real,current_1_img_1667839612896,train
C:\Users\bhave\OneDrive\Desktop\Sem7\ComputerVision\Project\part2\dataset\archive\data\data\real\20\IMG_1667839616689.jpg,1,20_rupees,current_real,current_1_img_1667839616689,train
C:\Users\bhave\OneDrive\Desktop\Sem7\ComputerVision\Project\part2\dataset\archive\data\data\real\20\IMG_1667839620972.jpg,1,20_rupees,current_real,current_1_img_1667839620972,train
C:\Users\bhave\OneDrive\Desktop\Sem7\ComputerVision\Project\part2\dataset\archive\data\data\real\20\IMG_1667839642212.jpg,1,20_rupees,current_real,current_1_img_1667839642212,train
C:\Users\bhave\OneDrive\Desktop\Sem7\ComputerVision\Project\part2\dataset\archive\data\data\real\20\IMG_1667839648830.jpg,1,20_rupees,current_real,current_1_img_1667839648830,train
C:\Users\bhave\OneDrive\Desktop\Sem7\ComputerVision\Project\part2\dataset\archive\data\data\real\20\IMG_1667839654174.jpg,1,20_rupees,current_real,current_1_img_1667839654174,train
C:\Users\bhave\OneDrive\Desktop\Sem7\ComputerVision\Project\part2\dataset\archive\data\data\real\20\IMG_1667839659733.jpg,1,20_rupees,current_real,current_1_img_1667839659733,train
C:\Users\bhave\OneDrive\Desktop\Sem7\ComputerVision\Project\part2\dataset\archive\data\data\real\20\IMG_1667839666891.jpg,1,20_rupees,current_real,current_1_img_1667839666891,train
C:\Users\bhave\OneDrive\Desktop\Sem7\ComputerVision\Project\part2\dataset\archive\data\data\real\20\IMG_1667839672918.jpg,1,20_rupees,current_real,current_1_img_1667839672918,train
C:\Users\bhave\OneDrive\Desktop\Sem7\ComputerVision\Project\part2\dataset\archive\data\data\real\20\IMG_1667839684353.jpg,1,20_rupees,current_real,current_1_img_1667839684353,train
C:\Users\bhave\OneDrive\Desktop\Sem7\ComputerVision\Project\part2\dataset\archive\data\data\real\20\IMG_1667839690448.jpg,1,20_rupees,current_real,current_1_img_1667839690448,train
C:\Users\bhave\OneDrive\Desktop\Sem7\ComputerVision\Project\part2\dataset\archive\data\data\real\20\IMG_1667839697165.jpg,1,20_rupees,current_real,current_1_img_1667839697165,train
C:\Users\bhave\OneDrive\Desktop\Sem7\ComputerVision\Project\part2\dataset\archive\data\data\real\20\IMG_1667839702915.jpg,1,20_rupees,current_real,current_1_img_1667839702915,train
C:\Users\bhave\OneDrive\Desktop\Sem7\ComputerVision\Project\part2\dataset\archive\data\data\real\20\IMG_1667839713098.jpg,1,20_rupees,current_real,current_1_img_1667839713098,train
C:\Users\bhave\OneDrive\Desktop\Sem7\ComputerVision\Project\part2\dataset\archive\data\data\real\20\IMG_1667839718632.jpg,1,20_rupees,current_real,current_1_img_1667839718632,train
C:\Users\bhave\OneDrive\Desktop\Sem7\ComputerVision\Project\part2\dataset\archive\data\data\real\20\IMG_1667839721907.jpg,1,20_rupees,current_real,current_1_img_1667839721907,train
C:\Users\bhave\OneDrive\Desktop\Sem7\ComputerVision\Project\part2\dataset\archive\data\data\real\20\IMG_1667839727022.jpg,1,20_rupees,current_real,current_1_img_1667839727022,train
C:\Users\bhave\OneDrive\Desktop\Sem7\ComputerVision\Project\part2\dataset\archive\data\data\real\20\IMG_1667839734538.jpg,1,20_rupees,current_real,current_1_img_1667839734538,train
C:\Users\bhave\OneDrive\Desktop\Sem7\ComputerVision\Project\part2\dataset\archive\data\data\real\20\IMG_1667839738968.jpg,1,20_rupees,current_real,current_1_img_1667839738968,train
C:\Users\bhave\OneDrive\Desktop\Sem7\ComputerVision\Project\part2\dataset\archive\data\data\real\20\IMG_1667839743053.jpg,1,20_rupees,current_real,current_1_img_1667839743053,train
C:\Users\bhave\OneDrive\Desktop\Sem7\ComputerVision\Project\part2\dataset\archive\data\data\real\20\IMG_1667839752388.jpg,1,20_rupees,current_real,current_1_img_1667839752388,train
C:\Users\bhave\OneDrive\Desktop\Sem7\ComputerVision\Project\part2\dataset\archive\data\data\real\20\IMG_1667839757006.jpg,1,20_rupees,current_real,current_1_img_1667839757006,train
C:\Users\bhave\OneDrive\Desktop\Sem7\ComputerVision\Project\part2\dataset\archive\data\data\real\20\IMG_1667839766114.jpg,1,20_rupees,current_real,current_1_img_1667839766114,train
C:\Users\bhave\OneDrive\Desktop\Sem7\ComputerVision\Project\part2\dataset\archive\data\data\real\20\IMG_1667839769884.jpg,1,20_rupees,current_real,current_1_img_1667839769884,train
C:\Users\bhave\OneDrive\Desktop\Sem7\ComputerVision\Project\part2\dataset\archive\data\data\real\20\IMG_1667839773891.jpg,1,20_rupees,current_real,current_1_img_1667839773891,train
C:\Users\bhave\OneDrive\Desktop\Sem7\ComputerVision\Project\part2\dataset\archive\data\data\real\20\IMG_1667839777353.jpg,1,20_rupees,current_real,current_1_img_1667839777353,train
C:\Users\bhave\OneDrive\Desktop\Sem7\ComputerVision\Project\part2\dataset\archive\data\data\real\20\IMG_1667839817105.jpg,1,20_rupees,current_real,current_1_img_1667839817105,train
C:\Users\bhave\OneDrive\Desktop\Sem7\ComputerVision\Project\part2\dataset\archive\data\data\real\20\IMG_1667839884574.jpg,1,20_rupees,current_real,current_1_img_1667839884574,train
C:\Users\bhave\OneDrive\Desktop\Sem7\ComputerVision\Project\part2\dataset\archive\data\data\real\20\IMG_1667839888738.jpg,1,20_rupees,current_real,current_1_img_1667839888738,train
C:\Users\bhave\OneDrive\Desktop\Sem7\ComputerVision\Project\part2\dataset\archive\data\data\real\20\IMG_1667839893002.jpg,1,20_rupees,current_real,current_1_img_1667839893002,train
C:\Users\bhave\OneDrive\Desktop\Sem7\ComputerVision\Project\part2\dataset\archive\data\data\real\20\IMG_1667839900248.jpg,1,20_rupees,current_real,current_1_img_1667839900248,train
C:\Users\bhave\OneDrive\Desktop\Sem7\ComputerVision\Project\part2\dataset\archive\data\data\real\20\IMG_1667839912701.jpg,1,20_rupees,current_real,current_1_img_1667839912701,train
C:\Users\bhave\OneDrive\Desktop\Sem7\ComputerVision\Project\part2\dataset\archive\data\data\real\20\IMG_1667839921830.jpg,1,20_rupees,current_real,current_1_img_1667839921830,train
C:\Users\bhave\OneDrive\Desktop\Sem7\ComputerVision\Project\part2\dataset\archive\data\data\real\20\IMG_1667839934237.jpg,1,20_rupees,current_real,current_1_img_1667839934237,train
C:\Users\bhave\OneDrive\Desktop\Sem7\ComputerVision\Project\part2\dataset\archive\data\data\real\20\IMG_1667839938408.jpg,1,20_rupees,current_real,current_1_img_1667839938408,train
C:\Users\bhave\OneDrive\Desktop\Sem7\ComputerVision\Project\part2\dataset\archive\data\data\real\20\IMG_1667839943368.jpg,1,20_rupees,current_real,current_1_img_1667839943368,train
C:\Users\bhave\OneDrive\Desktop\Sem7\ComputerVision\Project\part2\dataset\archive\data\data\real\20\IMG_1667839955455.jpg,1,20_rupees,current_real,current_1_img_1667839955455,train
C:\Users\bhave\OneDrive\Desktop\Sem7\ComputerVision\Project\part2\dataset\archive\data\data\real\20\IMG_1667839959179.jpg,1,20_rupees,current_real,current_1_img_1667839959179,train
C:\Users\bhave\OneDrive\Desktop\Sem7\ComputerVision\Project\part2\dataset\archive\data\data\real\20\IMG_1667839963944.jpg,1,20_rupees,current_real,current_1_img_1667839963944,train
C:\Users\bhave\OneDrive\Desktop\Sem7\ComputerVision\Project\part2\dataset\archive\data\data\real\20\IMG_1667839967928.jpg,1,20_rupees,current_real,current_1_img_1667839967928,train
C:\Users\bhave\OneDrive\Desktop\Sem7\ComputerVision\Project\part2\dataset\archive\data\data\real\20\IMG_1667839993447.jpg,1,20_rupees,current_real,current_1_img_1667839993447,train
C:\Users\bhave\OneDrive\Desktop\Sem7\ComputerVision\Project\part2\dataset\archive\data\data\real\20\IMG_1667840011591.jpg,1,20_rupees,current_real,current_1_img_1667840011591,train
C:\Users\bhave\OneDrive\Desktop\Sem7\ComputerVision\Project\part2\dataset\archive\data\data\real\20\IMG_1667840015516.jpg,1,20_rupees,current_real,current_1_img_1667840015516,train
C:\Users\bhave\OneDrive\Desktop\Sem7\ComputerVision\Project\part2\dataset\archive\data\data\real\20\IMG_1667840021765.jpg,1,20_rupees,current_real,current_1_img_1667840021765,train
C:\Users\bhave\OneDrive\Desktop\Sem7\ComputerVision\Project\part2\dataset\archive\data\data\real\20\IMG_1667840039216.jpg,1,20_rupees,current_real,current_1_img_1667840039216,train
C:\Users\bhave\OneDrive\Desktop\Sem7\ComputerVision\Project\part2\dataset\archive\data\data\real\20\IMG_1667840043976.jpg,1,20_rupees,current_real,current_1_img_1667840043976,train
C:\Users\bhave\OneDrive\Desktop\Sem7\ComputerVision\Project\part2\dataset\archive\data\data\real\20\IMG_1667840048558.jpg,1,20_rupees,current_real,current_1_img_1667840048558,train
C:\Users\bhave\OneDrive\Desktop\Sem7\ComputerVision\Project\part2\dataset\archive\data\data\real\20\IMG_1667840065307.jpg,1,20_rupees,current_real,current_1_img_1667840065307,train
C:\Users\bhave\OneDrive\Desktop\Sem7\ComputerVision\Project\part2\dataset\archive\data\data\real\20\IMG_1667840069537.jpg,1,20_rupees,current_real,current_1_img_1667840069537,train
C:\Users\bhave\OneDrive\Desktop\Sem7\ComputerVision\Project\part2\dataset\archive\data\data\real\20\IMG_1667840075417.jpg,1,20_rupees,current_real,current_1_img_1667840075417,train
C:\Users\bhave\OneDrive\Desktop\Sem7\ComputerVision\Project\part2\dataset\archive\data\data\real\20\IMG_1667840099234.jpg,1,20_rupees,current_real,current_1_img_1667840099234,train
C:\Users\bhave\OneDrive\Desktop\Sem7\ComputerVision\Project\part2\dataset\archive\data\data\real\20\IMG_1667840103185.jpg,1,20_rupees,current_real,current_1_img_1667840103185,train
C:\Users\bhave\OneDrive\Desktop\Sem7\ComputerVision\Project\part2\dataset\archive\data\data\real\20\IMG_1667840106601.jpg,1,20_rupees,current_real,current_1_img_1667840106601,train
C:\Users\bhave\OneDrive\Desktop\Sem7\ComputerVision\Project\part2\dataset\archive\data\data\real\20\IMG_1667840114793.jpg,1,20_rupees,current_real,current_1_img_1667840114793,train
C:\Users\bhave\OneDrive\Desktop\Sem7\ComputerVision\Project\part2\dataset\archive\data\data\real\20\IMG_1667840118872.jpg,1,20_rupees,current_real,current_1_img_1667840118872,train
C:\Users\bhave\OneDrive\Desktop\Sem7\ComputerVision\Project\part2\dataset\archive\data\data\real\20\IMG_1667840130393.jpg,1,20_rupees,current_real,current_1_img_1667840130393,train
C:\Users\bhave\OneDrive\Desktop\Sem7\ComputerVision\Project\part2\dataset\archive\data\data\real\20\IMG_1667840139440.jpg,1,20_rupees,current_real,current_1_img_1667840139440,train
C:\Users\bhave\OneDrive\Desktop\Sem7\ComputerVision\Project\part2\dataset\archive\data\data\real\20\IMG_1667840144590.jpg,1,20_rupees,current_real,current_1_img_1667840144590,train
C:\Users\bhave\OneDrive\Desktop\Sem7\ComputerVision\Project\part2\dataset\archive\data\data\real\20\IMG_1667840155908.jpg,1,20_rupees,current_real,current_1_img_1667840155908,train
C:\Users\bhave\OneDrive\Desktop\Sem7\ComputerVision\Project\part2\dataset\archive\data\data\real\20\IMG_1667840159986.jpg,1,20_rupees,current_real,current_1_img_1667840159986,train
C:\Users\bhave\OneDrive\Desktop\Sem7\ComputerVision\Project\part2\dataset\archive\data\data\real\20\IMG_1667840165384.jpg,1,20_rupees,current_real,current_1_img_1667840165384,train
C:\Users\bhave\OneDrive\Desktop\Sem7\ComputerVision\Project\part2\dataset\archive\data\data\real\20\IMG_1667840170159.jpg,1,20_rupees,current_real,current_1_img_1667840170159,train
C:\Users\bhave\OneDrive\Desktop\Sem7\ComputerVision\Project\part2\dataset\archive\data\data\real\20\IMG_1667840177557.jpg,1,20_rupees,current_real,current_1_img_1667840177557,train
C:\Users\bhave\OneDrive\Desktop\Sem7\ComputerVision\Project\part2\dataset\archive\data\data\real\20\IMG_1667840181554.jpg,1,20_rupees,current_real,current_1_img_1667840181554,train
C:\Users\bhave\OneDrive\Desktop\Sem7\ComputerVision\Project\part2\dataset\archive\data\data\real\20\IMG_1667840185738.jpg,1,20_rupees,current_real,current_1_img_1667840185738,train
C:\Users\bhave\OneDrive\Desktop\Sem7\ComputerVision\Project\part2\dataset\archive\data\data\real\20\IMG_1667840189919.jpg,1,20_rupees,current_real,current_1_img_1667840189919,train
C:\Users\bhave\OneDrive\Desktop\Sem7\ComputerVision\Project\part2\dataset\archive\data\data\real\20\IMG_1667840225218.jpg,1,20_rupees,current_real,current_1_img_1667840225218,train
C:\Users\bhave\OneDrive\Desktop\Sem7\ComputerVision\Project\part2\dataset\archive\data\data\real\20\IMG_1667840228803.jpg,1,20_rupees,current_real,current_1_img_1667840228803,train
C:\Users\bhave\OneDrive\Desktop\Sem7\ComputerVision\Project\part2\dataset\archive\data\data\real\20\IMG_1667840245064.jpg,1,20_rupees,current_real,current_1_img_1667840245064,train
C:\Users\bhave\OneDrive\Desktop\Sem7\ComputerVision\Project\part2\dataset\archive\data\data\real\20\IMG_1667840256928.jpg,1,20_rupees,current_real,current_1_img_1667840256928,train
C:\Users\bhave\OneDrive\Desktop\Sem7\ComputerVision\Project\part2\dataset\archive\data\data\real\20\IMG_1667840259855.jpg,1,20_rupees,current_real,current_1_img_1667840259855,train
C:\Users\bhave\OneDrive\Desktop\Sem7\ComputerVision\Project\part2\dataset\archive\data\data\real\20\IMG_1667840263523.jpg,1,20_rupees,current_real,current_1_img_1667840263523,train
C:\Users\bhave\OneDrive\Desktop\Sem7\ComputerVision\Project\part2\dataset\archive\data\data\real\20\IMG_1667840266896.jpg,1,20_rupees,current_real,current_1_img_1667840266896,train
C:\Users\bhave\OneDrive\Desktop\Sem7\ComputerVision\Project\part2\dataset\archive\data\data\real\20\IMG_1667840269918.jpg,1,20_rupees,current_real,current_1_img_1667840269918,train
C:\Users\bhave\OneDrive\Desktop\Sem7\ComputerVision\Project\part2\dataset\archive\data\data\real\20\IMG_1667840278848.jpg,1,20_rupees,current_real,current_1_img_1667840278848,train
C:\Users\bhave\OneDrive\Desktop\Sem7\ComputerVision\Project\part2\dataset\archive\data\data\real\20\IMG_1667840287710.jpg,1,20_rupees,current_real,current_1_img_1667840287710,train
C:\Users\bhave\OneDrive\Desktop\Sem7\ComputerVision\Project\part2\dataset\archive\data\data\real\20\IMG_1667840291179.jpg,1,20_rupees,current_real,current_1_img_1667840291179,train
C:\Users\bhave\OneDrive\Desktop\Sem7\ComputerVision\Project\part2\dataset\archive\data\data\real\20\IMG_1667840303905.jpg,1,20_rupees,current_real,current_1_img_1667840303905,train
C:\Users\bhave\OneDrive\Desktop\Sem7\ComputerVision\Project\part2\dataset\archive\data\data\real\20\IMG_1667840316247.jpg,1,20_rupees,current_real,current_1_img_1667840316247,train
C:\Users\bhave\OneDrive\Desktop\Sem7\ComputerVision\Project\part2\dataset\archive\data\data\real\20\IMG_1667840323094.jpg,1,20_rupees,current_real,current_1_img_1667840323094,train
C:\Users\bhave\OneDrive\Desktop\Sem7\ComputerVision\Project\part2\dataset\archive\data\data\real\20\IMG_1667840327138.jpg,1,20_rupees,current_real,current_1_img_1667840327138,train
C:\Users\bhave\OneDrive\Desktop\Sem7\ComputerVision\Project\part2\dataset\archive\data\data\real\20\IMG_1667840331172.jpg,1,20_rupees,current_real,current_1_img_1667840331172,train
C:\Users\bhave\OneDrive\Desktop\Sem7\ComputerVision\Project\part2\dataset\archive\data\data\real\20\IMG_1667840336845.jpg,1,20_rupees,current_real,current_1_img_1667840336845,train
C:\Users\bhave\OneDrive\Desktop\Sem7\ComputerVision\Project\part2\dataset\archive\data\data\real\20\IMG_1667840341726.jpg,1,20_rupees,current_real,current_1_img_1667840341726,train
C:\Users\bhave\OneDrive\Desktop\Sem7\ComputerVision\Project\part2\dataset\archive\data\data\real\20\IMG_1667840345628.jpg,1,20_rupees,current_real,current_1_img_1667840345628,train
C:\Users\bhave\OneDrive\Desktop\Sem7\ComputerVision\Project\part2\dataset\archive\data\data\real\20\IMG_1667840349461.jpg,1,20_rupees,current_real,current_1_img_1667840349461,train
C:\Users\bhave\OneDrive\Desktop\Sem7\ComputerVision\Project\part2\dataset\archive\data\data\real\20\IMG_1667840367381.jpg,1,20_rupees,current_real,current_1_img_1667840367381,train
C:\Users\bhave\OneDrive\Desktop\Sem7\ComputerVision\Project\part2\dataset\archive\data\data\real\20\IMG_1667840378077.jpg,1,20_rupees,current_real,current_1_img_1667840378077,train
C:\Users\bhave\OneDrive\Desktop\Sem7\ComputerVision\Project\part2\dataset\archive\data\data\real\20\IMG_1667840383173.jpg,1,20_rupees,current_real,current_1_img_1667840383173,train
C:\Users\bhave\OneDrive\Desktop\Sem7\ComputerVision\Project\part2\dataset\archive\data\data\real\20\IMG_1667840387869.jpg,1,20_rupees,current_real,current_1_img_1667840387869,train
C:\Users\bhave\OneDrive\Desktop\Sem7\ComputerVision\Project\part2\dataset\archive\data\data\real\20\IMG_1667840391884.jpg,1,20_rupees,current_real,current_1_img_1667840391884,train
C:\Users\bhave\OneDrive\Desktop\Sem7\ComputerVision\Project\part2\dataset\archive\data\data\real\20\IMG_1667840396599.jpg,1,20_rupees,current_real,current_1_img_1667840396599,train
C:\Users\bhave\OneDrive\Desktop\Sem7\ComputerVision\Project\part2\dataset\archive\data\data\real\20\IMG_1667840402295.jpg,1,20_rupees,current_real,current_1_img_1667840402295,train
C:\Users\bhave\OneDrive\Desktop\Sem7\ComputerVision\Project\part2\dataset\archive\data\data\real\20\IMG_1667840407977.jpg,1,20_rupees,current_real,current_1_img_1667840407977,train
C:\Users\bhave\OneDrive\Desktop\Sem7\ComputerVision\Project\part2\dataset\archive\data\data\real\20\IMG_1667840414478.jpg,1,20_rupees,current_real,current_1_img_1667840414478,train
C:\Users\bhave\OneDrive\Desktop\Sem7\ComputerVision\Project\part2\dataset\archive\data\data\real\20\IMG_1667840421974.jpg,1,20_rupees,current_real,current_1_img_1667840421974,train
C:\Users\bhave\OneDrive\Desktop\Sem7\ComputerVision\Project\part2\dataset\archive\data\data\real\20\IMG_1667840485362.jpg,1,20_rupees,current_real,current_1_img_1667840485362,train
C:\Users\bhave\OneDrive\Desktop\Sem7\ComputerVision\Project\part2\dataset\archive\data\data\real\20\IMG_1667840493024.jpg,1,20_rupees,current_real,current_1_img_1667840493024,train
C:\Users\bhave\OneDrive\Desktop\Sem7\ComputerVision\Project\part2\dataset\archive\data\data\real\20\IMG_1667840497054.jpg,1,20_rupees,current_real,current_1_img_1667840497054,train
C:\Users\bhave\OneDrive\Desktop\Sem7\ComputerVision\Project\part2\dataset\archive\data\data\real\20\IMG_1667840504652.jpg,1,20_rupees,current_real,current_1_img_1667840504652,train
C:\Users\bhave\OneDrive\Desktop\Sem7\ComputerVision\Project\part2\dataset\archive\data\data\real\20\IMG_1667840509344.jpg,1,20_rupees,current_real,current_1_img_1667840509344,train
C:\Users\bhave\OneDrive\Desktop\Sem7\ComputerVision\Project\part2\dataset\archive\data\data\real\20\IMG_1667840513805.jpg,1,20_rupees,current_real,current_1_img_1667840513805,train
C:\Users\bhave\OneDrive\Desktop\Sem7\ComputerVision\Project\part2\dataset\archive\data\data\real\20\IMG_1667840517973.jpg,1,20_rupees,current_real,current_1_img_1667840517973,train
C:\Users\bhave\OneDrive\Desktop\Sem7\ComputerVision\Project\part2\dataset\archive\data\data\real\20\IMG_1667840526756.jpg,1,20_rupees,current_real,current_1_img_1667840526756,train
C:\Users\bhave\OneDrive\Desktop\Sem7\ComputerVision\Project\part2\dataset\archive\data\data\real\20\IMG_1667840533448.jpg,1,20_rupees,current_real,current_1_img_1667840533448,train
C:\Users\bhave\OneDrive\Desktop\Sem7\ComputerVision\Project\part2\dataset\archive\data\data\real\20\IMG_1667840551741.jpg,1,20_rupees,current_real,current_1_img_1667840551741,train
C:\Users\bhave\OneDrive\Desktop\Sem7\ComputerVision\Project\part2\dataset\archive\data\data\real\20\IMG_1667840577183.jpg,1,20_rupees,current_real,current_1_img_1667840577183,train
C:\Users\bhave\OneDrive\Desktop\Sem7\ComputerVision\Project\part2\dataset\archive\data\data\real\20\IMG_1667840587831.jpg,1,20_rupees,current_real,current_1_img_1667840587831,train
C:\Users\bhave\OneDrive\Desktop\Sem7\ComputerVision\Project\part2\dataset\archive\data\data\real\20\IMG_1667840591802.jpg,1,20_rupees,current_real,current_1_img_1667840591802,train
C:\Users\bhave\OneDrive\Desktop\Sem7\ComputerVision\Project\part2\dataset\archive\data\data\real\20\IMG_1667840607323.jpg,1,20_rupees,current_real,current_1_img_1667840607323,train
C:\Users\bhave\OneDrive\Desktop\Sem7\ComputerVision\Project\part2\dataset\archive\data\data\real\20\IMG_1667840672344.jpg,1,20_rupees,current_real,current_1_img_1667840672344,train
C:\Users\bhave\OneDrive\Desktop\Sem7\ComputerVision\Project\part2\dataset\archive\data\data\real\20\IMG_1667840677338.jpg,1,20_rupees,current_real,current_1_img_1667840677338,train
C:\Users\bhave\OneDrive\Desktop\Sem7\ComputerVision\Project\part2\dataset\archive\data\data\real\20\IMG_1667840680979.jpg,1,20_rupees,current_real,current_1_img_1667840680979,train
C:\Users\bhave\OneDrive\Desktop\Sem7\ComputerVision\Project\part2\dataset\archive\data\data\real\20\IMG_1667840686004.jpg,1,20_rupees,current_real,current_1_img_1667840686004,train
C:\Users\bhave\OneDrive\Desktop\Sem7\ComputerVision\Project\part2\dataset\archive\data\data\real\20\IMG_1667840690842.jpg,1,20_rupees,current_real,current_1_img_1667840690842,train
C:\Users\bhave\OneDrive\Desktop\Sem7\ComputerVision\Project\part2\dataset\archive\data\data\real\20\IMG_1667840695703.jpg,1,20_rupees,current_real,current_1_img_1667840695703,train
C:\Users\bhave\OneDrive\Desktop\Sem7\ComputerVision\Project\part2\dataset\archive\data\data\real\20\IMG_1667840699899.jpg,1,20_rupees,current_real,current_1_img_1667840699899,train
C:\Users\bhave\OneDrive\Desktop\Sem7\ComputerVision\Project\part2\dataset\archive\data\data\real\20\IMG_1667840704332.jpg,1,20_rupees,current_real,current_1_img_1667840704332,train
C:\Users\bhave\OneDrive\Desktop\Sem7\ComputerVision\Project\part2\dataset\archive\data\data\real\20\IMG_1667840728696.jpg,1,20_rupees,current_real,current_1_img_1667840728696,train
C:\Users\bhave\OneDrive\Desktop\Sem7\ComputerVision\Project\part2\dataset\archive\data\data\real\20\IMG_1667840734095.jpg,1,20_rupees,current_real,current_1_img_1667840734095,train
C:\Users\bhave\OneDrive\Desktop\Sem7\ComputerVision\Project\part2\dataset\archive\data\data\real\20\IMG_1667840738791.jpg,1,20_rupees,current_real,current_1_img_1667840738791,train
C:\Users\bhave\OneDrive\Desktop\Sem7\ComputerVision\Project\part2\dataset\archive\data\data\real\20\IMG_1667840743290.jpg,1,20_rupees,current_real,current_1_img_1667840743290,train
C:\Users\bhave\OneDrive\Desktop\Sem7\ComputerVision\Project\part2\dataset\archive\data\data\real\20\IMG_1667840748012.jpg,1,20_rupees,current_real,current_1_img_1667840748012,train
C:\Users\bhave\OneDrive\Desktop\Sem7\ComputerVision\Project\part2\dataset\archive\data\data\real\20\IMG_1667840752016.jpg,1,20_rupees,current_real,current_1_img_1667840752016,train
C:\Users\bhave\OneDrive\Desktop\Sem7\ComputerVision\Project\part2\dataset\archive\data\data\real\20\IMG_1667840756167.jpg,1,20_rupees,current_real,current_1_img_1667840756167,train
C:\Users\bhave\OneDrive\Desktop\Sem7\ComputerVision\Project\part2\dataset\archive\data\data\real\20\IMG_1667840766149.jpg,1,20_rupees,current_real,current_1_img_1667840766149,train
C:\Users\bhave\OneDrive\Desktop\Sem7\ComputerVision\Project\part2\dataset\archive\data\data\real\20\IMG_1667840770714.jpg,1,20_rupees,current_real,current_1_img_1667840770714,train
C:\Users\bhave\OneDrive\Desktop\Sem7\ComputerVision\Project\part2\dataset\archive\data\data\real\20\IMG_1667840779994.jpg,1,20_rupees,current_real,current_1_img_1667840779994,train
C:\Users\bhave\OneDrive\Desktop\Sem7\ComputerVision\Project\part2\dataset\archive\data\data\real\20\IMG_1667840793837.jpg,1,20_rupees,current_real,current_1_img_1667840793837,train
C:\Users\bhave\OneDrive\Desktop\Sem7\ComputerVision\Project\part2\dataset\archive\data\data\real\20\IMG_1667840799332.jpg,1,20_rupees,current_real,current_1_img_1667840799332,train
C:\Users\bhave\OneDrive\Desktop\Sem7\ComputerVision\Project\part2\dataset\archive\data\data\real\20\IMG_1667840833698.jpg,1,20_rupees,current_real,current_1_img_1667840833698,train
C:\Users\bhave\OneDrive\Desktop\Sem7\ComputerVision\Project\part2\dataset\archive\data\data\real\20\IMG_1667840837662.jpg,1,20_rupees,current_real,current_1_img_1667840837662,train
C:\Users\bhave\OneDrive\Desktop\Sem7\ComputerVision\Project\part2\dataset\archive\data\data\real\20\IMG_1667840842122.jpg,1,20_rupees,current_real,current_1_img_1667840842122,train
C:\Users\bhave\OneDrive\Desktop\Sem7\ComputerVision\Project\part2\dataset\archive\data\data\real\20\IMG_1667840850336.jpg,1,20_rupees,current_real,current_1_img_1667840850336,train
C:\Users\bhave\OneDrive\Desktop\Sem7\ComputerVision\Project\part2\dataset\archive\data\data\real\20\IMG_1667840855140.jpg,1,20_rupees,current_real,current_1_img_1667840855140,train
C:\Users\bhave\OneDrive\Desktop\Sem7\ComputerVision\Project\part2\dataset\archive\data\data\real\20\IMG_1667840859815.jpg,1,20_rupees,current_real,current_1_img_1667840859815,train
C:\Users\bhave\OneDrive\Desktop\Sem7\ComputerVision\Project\part2\dataset\archive\data\data\real\20\IMG_1667840864344.jpg,1,20_rupees,current_real,current_1_img_1667840864344,train
C:\Users\bhave\OneDrive\Desktop\Sem7\ComputerVision\Project\part2\dataset\archive\data\data\real\20\IMG_1667840868703.jpg,1,20_rupees,current_real,current_1_img_1667840868703,train
C:\Users\bhave\OneDrive\Desktop\Sem7\ComputerVision\Project\part2\dataset\archive\data\data\real\20\IMG_1667840878962.jpg,1,20_rupees,current_real,current_1_img_1667840878962,train
C:\Users\bhave\OneDrive\Desktop\Sem7\ComputerVision\Project\part2\dataset\archive\data\data\real\20\IMG_1667840921011.jpg,1,20_rupees,current_real,current_1_img_1667840921011,train
C:\Users\bhave\OneDrive\Desktop\Sem7\ComputerVision\Project\part2\dataset\archive\data\data\real\20\IMG_1667840930644.jpg,1,20_rupees,current_real,current_1_img_1667840930644,train
C:\Users\bhave\OneDrive\Desktop\Sem7\ComputerVision\Project\part2\dataset\archive\data\data\real\20\IMG_1667840940485.jpg,1,20_rupees,current_real,current_1_img_1667840940485,train
C:\Users\bhave\OneDrive\Desktop\Sem7\ComputerVision\Project\part2\dataset\archive\data\data\real\20\IMG_1667840944452.jpg,1,20_rupees,current_real,current_1_img_1667840944452,train
C:\Users\bhave\OneDrive\Desktop\Sem7\ComputerVision\Project\part2\dataset\archive\data\data\real\20\IMG_1667840949219.jpg,1,20_rupees,current_real,current_1_img_1667840949219,train
C:\Users\bhave\OneDrive\Desktop\Sem7\ComputerVision\Project\part2\dataset\archive\data\data\real\20\IMG_1667840954968.jpg,1,20_rupees,current_real,current_1_img_1667840954968,train
C:\Users\bhave\OneDrive\Desktop\Sem7\ComputerVision\Project\part2\dataset\archive\data\data\real\20\IMG_1667840989175.jpg,1,20_rupees,current_real,current_1_img_1667840989175,train
C:\Users\bhave\OneDrive\Desktop\Sem7\ComputerVision\Project\part2\dataset\archive\data\data\real\20\IMG_1667841004056.jpg,1,20_rupees,current_real,current_1_img_1667841004056,train
C:\Users\bhave\OneDrive\Desktop\Sem7\ComputerVision\Project\part2\dataset\archive\data\data\real\20\IMG_1667841008036.jpg,1,20_rupees,current_real,current_1_img_1667841008036,train
C:\Users\bhave\OneDrive\Desktop\Sem7\ComputerVision\Project\part2\dataset\archive\data\data\real\20\IMG_1667841040630.jpg,1,20_rupees,current_real,current_1_img_1667841040630,train
C:\Users\bhave\OneDrive\Desktop\Sem7\ComputerVision\Project\part2\dataset\archive\data\data\real\20\IMG_1667841048337.jpg,1,20_rupees,current_real,current_1_img_1667841048337,train
C:\Users\bhave\OneDrive\Desktop\Sem7\ComputerVision\Project\part2\dataset\archive\data\data\real\20\IMG_1667841051655.jpg,1,20_rupees,current_real,current_1_img_1667841051655,train
C:\Users\bhave\OneDrive\Desktop\Sem7\ComputerVision\Project\part2\dataset\archive\data\data\real\20\IMG_1667841059988.jpg,1,20_rupees,current_real,current_1_img_1667841059988,train
C:\Users\bhave\OneDrive\Desktop\Sem7\ComputerVision\Project\part2\dataset\archive\data\data\real\20\IMG_1667841063656.jpg,1,20_rupees,current_real,current_1_img_1667841063656,train
C:\Users\bhave\OneDrive\Desktop\Sem7\ComputerVision\Project\part2\dataset\archive\data\data\real\20\IMG_1667841070984.jpg,1,20_rupees,current_real,current_1_img_1667841070984,train
C:\Users\bhave\OneDrive\Desktop\Sem7\ComputerVision\Project\part2\dataset\archive\data\data\real\20\IMG_1667841073182.jpg,1,20_rupees,current_real,current_1_img_1667841073182,train
C:\Users\bhave\OneDrive\Desktop\Sem7\ComputerVision\Project\part2\dataset\archive\data\data\real\20\IMG_1667841077707.jpg,1,20_rupees,current_real,current_1_img_1667841077707,train
C:\Users\bhave\OneDrive\Desktop\Sem7\ComputerVision\Project\part2\dataset\archive\data\data\real\20\IMG_1667841081593.jpg,1,20_rupees,current_real,current_1_img_1667841081593,train
C:\Users\bhave\OneDrive\Desktop\Sem7\ComputerVision\Project\part2\dataset\archive\data\data\real\20\IMG_1667841085958.jpg,1,20_rupees,current_real,current_1_img_1667841085958,train
C:\Users\bhave\OneDrive\Desktop\Sem7\ComputerVision\Project\part2\dataset\archive\data\data\real\20\IMG_1667841089072.jpg,1,20_rupees,current_real,current_1_img_1667841089072,train
C:\Users\bhave\OneDrive\Desktop\Sem7\ComputerVision\Project\part2\dataset\archive\data\data\real\20\IMG_1667841093571.jpg,1,20_rupees,current_real,current_1_img_1667841093571,train
C:\Users\bhave\OneDrive\Desktop\Sem7\ComputerVision\Project\part2\dataset\archive\data\data\real\20\IMG_1667841096392.jpg,1,20_rupees,current_real,current_1_img_1667841096392,train
C:\Users\bhave\OneDrive\Desktop\Sem7\ComputerVision\Project\part2\dataset\archive\data\data\real\20\IMG_1667841100970.jpg,1,20_rupees,current_real,current_1_img_1667841100970,train
C:\Users\bhave\OneDrive\Desktop\Sem7\ComputerVision\Project\part2\dataset\archive\data\data\real\20\IMG_1667841109309.jpg,1,20_rupees,current_real,current_1_img_1667841109309,train
C:\Users\bhave\OneDrive\Desktop\Sem7\ComputerVision\Project\part2\dataset\archive\data\data\real\20\IMG_1667841112507.jpg,1,20_rupees,current_real,current_1_img_1667841112507,train
C:\Users\bhave\OneDrive\Desktop\Sem7\ComputerVision\Project\part2\dataset\archive\data\data\real\20\IMG_1667841118567.jpg,1,20_rupees,current_real,current_1_img_1667841118567,train
C:\Users\bhave\OneDrive\Desktop\Sem7\ComputerVision\Project\part2\dataset\archive\data\data\real\20\IMG_1667841130783.jpg,1,20_rupees,current_real,current_1_img_1667841130783,train
C:\Users\bhave\OneDrive\Desktop\Sem7\ComputerVision\Project\part2\dataset\archive\data\data\real\20\IMG_1667841146062.jpg,1,20_rupees,current_real,current_1_img_1667841146062,train
C:\Users\bhave\OneDrive\Desktop\Sem7\ComputerVision\Project\part2\dataset\archive\data\data\real\20\IMG_1667841152213.jpg,1,20_rupees,current_real,current_1_img_1667841152213,train
C:\Users\bhave\OneDrive\Desktop\Sem7\ComputerVision\Project\part2\dataset\archive\data\data\real\20\IMG_1667841156452.jpg,1,20_rupees,current_real,current_1_img_1667841156452,train
C:\Users\bhave\OneDrive\Desktop\Sem7\ComputerVision\Project\part2\dataset\archive\data\data\real\20\IMG_1667841180925.jpg,1,20_rupees,current_real,current_1_img_1667841180925,train
C:\Users\bhave\OneDrive\Desktop\Sem7\ComputerVision\Project\part2\dataset\archive\data\data\real\20\IMG_1667841185968.jpg,1,20_rupees,current_real,current_1_img_1667841185968,train
C:\Users\bhave\OneDrive\Desktop\Sem7\ComputerVision\Project\part2\dataset\archive\data\data\real\20\IMG_1667841190898.jpg,1,20_rupees,current_real,current_1_img_1667841190898,train
C:\Users\bhave\OneDrive\Desktop\Sem7\ComputerVision\Project\part2\dataset\archive\data\data\real\20\IMG_1667841200077.jpg,1,20_rupees,current_real,current_1_img_1667841200077,train
C:\Users\bhave\OneDrive\Desktop\Sem7\ComputerVision\Project\part2\dataset\archive\data\data\real\20\IMG_1667841204255.jpg,1,20_rupees,current_real,current_1_img_1667841204255,train
C:\Users\bhave\OneDrive\Desktop\Sem7\ComputerVision\Project\part2\dataset\archive\data\data\real\20\IMG_1667841207766.jpg,1,20_rupees,current_real,current_1_img_1667841207766,train
C:\Users\bhave\OneDrive\Desktop\Sem7\ComputerVision\Project\part2\dataset\archive\data\data\real\20\IMG_1667841220527.jpg,1,20_rupees,current_real,current_1_img_1667841220527,train
C:\Users\bhave\OneDrive\Desktop\Sem7\ComputerVision\Project\part2\dataset\archive\data\data\real\20\IMG_1667841232963.jpg,1,20_rupees,current_real,current_1_img_1667841232963,train
C:\Users\bhave\OneDrive\Desktop\Sem7\ComputerVision\Project\part2\dataset\archive\data\data\real\20\IMG_1667841235793.jpg,1,20_rupees,current_real,current_1_img_1667841235793,train
C:\Users\bhave\OneDrive\Desktop\Sem7\ComputerVision\Project\part2\dataset\archive\data\data\real\20\IMG_1667841239281.jpg,1,20_rupees,current_real,current_1_img_1667841239281,train
C:\Users\bhave\OneDrive\Desktop\Sem7\ComputerVision\Project\part2\dataset\archive\data\data\real\20\IMG_1667841246289.jpg,1,20_rupees,current_real,current_1_img_1667841246289,train
C:\Users\bhave\OneDrive\Desktop\Sem7\ComputerVision\Project\part2\dataset\archive\data\data\real\20\IMG_1667841263917.jpg,1,20_rupees,current_real,current_1_img_1667841263917,train
C:\Users\bhave\OneDrive\Desktop\Sem7\ComputerVision\Project\part2\dataset\archive\data\data\real\20\IMG_1667841268042.jpg,1,20_rupees,current_real,current_1_img_1667841268042,train
C:\Users\bhave\OneDrive\Desktop\Sem7\ComputerVision\Project\part2\dataset\archive\data\data\real\20\IMG_1667841286623.jpg,1,20_rupees,current_real,current_1_img_1667841286623,train
C:\Users\bhave\OneDrive\Desktop\Sem7\ComputerVision\Project\part2\dataset\archive\data\data\real\20\IMG_1667841302629.jpg,1,20_rupees,current_real,current_1_img_1667841302629,train
C:\Users\bhave\OneDrive\Desktop\Sem7\ComputerVision\Project\part2\dataset\archive\data\data\real\20\IMG_1667841306383.jpg,1,20_rupees,current_real,current_1_img_1667841306383,train
C:\Users\bhave\OneDrive\Desktop\Sem7\ComputerVision\Project\part2\dataset\archive\data\data\real\20\IMG_1667841560429.jpg,1,20_rupees,current_real,current_1_img_1667841560429,train
C:\Users\bhave\OneDrive\Desktop\Sem7\ComputerVision\Project\part2\dataset\archive\data\data\real\20\IMG_1667841565044.jpg,1,20_rupees,current_real,current_1_img_1667841565044,train
C:\Users\bhave\OneDrive\Desktop\Sem7\ComputerVision\Project\part2\dataset\archive\data\data\real\20\IMG_1667841571328.jpg,1,20_rupees,current_real,current_1_img_1667841571328,train
C:\Users\bhave\OneDrive\Desktop\Sem7\ComputerVision\Project\part2\dataset\archive\data\data\real\20\IMG_1667841575584.jpg,1,20_rupees,current_real,current_1_img_1667841575584,train
C:\Users\bhave\OneDrive\Desktop\Sem7\ComputerVision\Project\part2\dataset\archive\data\data\real\20\IMG_1667841579360.jpg,1,20_rupees,current_real,current_1_img_1667841579360,train
C:\Users\bhave\OneDrive\Desktop\Sem7\ComputerVision\Project\part2\dataset\archive\data\data\real\20\IMG_1667841583451.jpg,1,20_rupees,current_real,current_1_img_1667841583451,train
C:\Users\bhave\OneDrive\Desktop\Sem7\ComputerVision\Project\part2\dataset\archive\data\data\real\20\IMG_1667841589362.jpg,1,20_rupees,current_real,current_1_img_1667841589362,train
C:\Users\bhave\OneDrive\Desktop\Sem7\ComputerVision\Project\part2\dataset\archive\data\data\real\20\IMG_1667841593471.jpg,1,20_rupees,current_real,current_1_img_1667841593471,train
C:\Users\bhave\OneDrive\Desktop\Sem7\ComputerVision\Project\part2\dataset\archive\data\data\real\20\IMG_1667841623177.jpg,1,20_rupees,current_real,current_1_img_1667841623177,train
C:\Users\bhave\OneDrive\Desktop\Sem7\ComputerVision\Project\part2\dataset\archive\data\data\real\20\IMG_1667841632729.jpg,1,20_rupees,current_real,current_1_img_1667841632729,train
C:\Users\bhave\OneDrive\Desktop\Sem7\ComputerVision\Project\part2\dataset\archive\data\data\real\20\IMG_1667841638020.jpg,1,20_rupees,current_real,current_1_img_1667841638020,train
C:\Users\bhave\OneDrive\Desktop\Sem7\ComputerVision\Project\part2\dataset\archive\data\data\real\20\IMG_1667841641686.jpg,1,20_rupees,current_real,current_1_img_1667841641686,train
C:\Users\bhave\OneDrive\Desktop\Sem7\ComputerVision\Project\part2\dataset\archive\data\data\real\20\IMG_1667841649078.jpg,1,20_rupees,current_real,current_1_img_1667841649078,train
C:\Users\bhave\OneDrive\Desktop\Sem7\ComputerVision\Project\part2\dataset\archive\data\data\real\20\IMG_1667841652963.jpg,1,20_rupees,current_real,current_1_img_1667841652963,train
C:\Users\bhave\OneDrive\Desktop\Sem7\ComputerVision\Project\part2\dataset\archive\data\data\real\20\IMG_1667841661297.jpg,1,20_rupees,current_real,current_1_img_1667841661297,train
C:\Users\bhave\OneDrive\Desktop\Sem7\ComputerVision\Project\part2\dataset\archive\data\data\real\20\IMG_1667841664527.jpg,1,20_rupees,current_real,current_1_img_1667841664527,train
C:\Users\bhave\OneDrive\Desktop\Sem7\ComputerVision\Project\part2\dataset\archive\data\data\real\20\IMG_1667841736565.jpg,1,20_rupees,current_real,current_1_img_1667841736565,train
C:\Users\bhave\OneDrive\Desktop\Sem7\ComputerVision\Project\part2\dataset\archive\data\data\real\20\IMG_1667841746492.jpg,1,20_rupees,current_real,current_1_img_1667841746492,train
C:\Users\bhave\OneDrive\Desktop\Sem7\ComputerVision\Project\part2\dataset\archive\data\data\real\20\IMG_1667841752336.jpg,1,20_rupees,current_real,current_1_img_1667841752336,train
C:\Users\bhave\OneDrive\Desktop\Sem7\ComputerVision\Project\part2\dataset\archive\data\data\real\20\IMG_1667841756271.jpg,1,20_rupees,current_real,current_1_img_1667841756271,train
C:\Users\bhave\OneDrive\Desktop\Sem7\ComputerVision\Project\part2\dataset\archive\data\data\real\20\IMG_1667841760667.jpg,1,20_rupees,current_real,current_1_img_1667841760667,train
C:\Users\bhave\OneDrive\Desktop\Sem7\ComputerVision\Project\part2\dataset\archive\data\data\real\20\IMG_1667841768448.jpg,1,20_rupees,current_real,current_1_img_1667841768448,train
C:\Users\bhave\OneDrive\Desktop\Sem7\ComputerVision\Project\part2\dataset\archive\data\data\real\20\IMG_1667841779345.jpg,1,20_rupees,current_real,current_1_img_1667841779345,train
C:\Users\bhave\OneDrive\Desktop\Sem7\ComputerVision\Project\part2\dataset\archive\data\data\real\20\IMG_1667841783360.jpg,1,20_rupees,current_real,current_1_img_1667841783360,train
C:\Users\bhave\OneDrive\Desktop\Sem7\ComputerVision\Project\part2\dataset\archive\data\data\real\20\IMG_1667841787745.jpg,1,20_rupees,current_real,current_1_img_1667841787745,train
C:\Users\bhave\OneDrive\Desktop\Sem7\ComputerVision\Project\part2\dataset\archive\data\data\real\20\IMG_1667841792606.jpg,1,20_rupees,current_real,current_1_img_1667841792606,train
C:\Users\bhave\OneDrive\Desktop\Sem7\ComputerVision\Project\part2\dataset\archive\data\data\real\20\IMG_1667841813131.jpg,1,20_rupees,current_real,current_1_img_1667841813131,train
C:\Users\bhave\OneDrive\Desktop\Sem7\ComputerVision\Project\part2\dataset\archive\data\data\real\20\IMG_1667841818083.jpg,1,20_rupees,current_real,current_1_img_1667841818083,train
C:\Users\bhave\OneDrive\Desktop\Sem7\ComputerVision\Project\part2\dataset\archive\data\data\real\20\IMG_1667841822182.jpg,1,20_rupees,current_real,current_1_img_1667841822182,train
C:\Users\bhave\OneDrive\Desktop\Sem7\ComputerVision\Project\part2\dataset\archive\data\data\real\20\IMG_1667841834291.jpg,1,20_rupees,current_real,current_1_img_1667841834291,train
C:\Users\bhave\OneDrive\Desktop\Sem7\ComputerVision\Project\part2\dataset\archive\data\data\real\20\IMG_1667841838447.jpg,1,20_rupees,current_real,current_1_img_1667841838447,train
C:\Users\bhave\OneDrive\Desktop\Sem7\ComputerVision\Project\part2\dataset\archive\data\data\real\20\IMG_1667841843465.jpg,1,20_rupees,current_real,current_1_img_1667841843465,train
C:\Users\bhave\OneDrive\Desktop\Sem7\ComputerVision\Project\part2\dataset\archive\data\data\real\20\IMG_1667841846898.jpg,1,20_rupees,current_real,current_1_img_1667841846898,train
C:\Users\bhave\OneDrive\Desktop\Sem7\ComputerVision\Project\part2\dataset\archive\data\data\real\20\IMG_1667841850411.jpg,1,20_rupees,current_real,current_1_img_1667841850411,train
C:\Users\bhave\OneDrive\Desktop\Sem7\ComputerVision\Project\part2\dataset\archive\data\data\real\20\IMG_1667841854973.jpg,1,20_rupees,current_real,current_1_img_1667841854973,train
C:\Users\bhave\OneDrive\Desktop\Sem7\ComputerVision\Project\part2\dataset\archive\data\data\real\20\IMG_1667841862549.jpg,1,20_rupees,current_real,current_1_img_1667841862549,train
C:\Users\bhave\OneDrive\Desktop\Sem7\ComputerVision\Project\part2\dataset\archive\data\data\real\20\IMG_1667841866558.jpg,1,20_rupees,current_real,current_1_img_1667841866558,train
C:\Users\bhave\OneDrive\Desktop\Sem7\ComputerVision\Project\part2\dataset\archive\data\data\real\20\IMG_1667841871375.jpg,1,20_rupees,current_real,current_1_img_1667841871375,train
C:\Users\bhave\OneDrive\Desktop\Sem7\ComputerVision\Project\part2\dataset\archive\data\data\real\20\IMG_1667842393054.jpg,1,20_rupees,current_real,current_1_img_1667842393054,train
C:\Users\bhave\OneDrive\Desktop\Sem7\ComputerVision\Project\part2\dataset\archive\data\data\real\20\IMG_1667842397055.jpg,1,20_rupees,current_real,current_1_img_1667842397055,train
C:\Users\bhave\OneDrive\Desktop\Sem7\ComputerVision\Project\part2\dataset\archive\data\data\real\20\IMG_1667842401360.jpg,1,20_rupees,current_real,current_1_img_1667842401360,train
C:\Users\bhave\OneDrive\Desktop\Sem7\ComputerVision\Project\part2\dataset\archive\data\data\real\20\IMG_1667842405738.jpg,1,20_rupees,current_real,current_1_img_1667842405738,train
C:\Users\bhave\OneDrive\Desktop\Sem7\ComputerVision\Project\part2\dataset\archive\data\data\real\20\IMG_1667842414309.jpg,1,20_rupees,current_real,current_1_img_1667842414309,train
C:\Users\bhave\OneDrive\Desktop\Sem7\ComputerVision\Project\part2\dataset\archive\data\data\real\20\IMG_1667842431435.jpg,1,20_rupees,current_real,current_1_img_1667842431435,train
C:\Users\bhave\OneDrive\Desktop\Sem7\ComputerVision\Project\part2\dataset\archive\data\data\real\20\IMG_1667842448548.jpg,1,20_rupees,current_real,current_1_img_1667842448548,train
C:\Users\bhave\OneDrive\Desktop\Sem7\ComputerVision\Project\part2\dataset\archive\data\data\real\20\IMG_1667842462787.jpg,1,20_rupees,current_real,current_1_img_1667842462787,train
C:\Users\bhave\OneDrive\Desktop\Sem7\ComputerVision\Project\part2\dataset\archive\data\data\real\20\IMG_1667842488939.jpg,1,20_rupees,current_real,current_1_img_1667842488939,train
C:\Users\bhave\OneDrive\Desktop\Sem7\ComputerVision\Project\part2\dataset\archive\data\data\real\20\IMG_1667842501581.jpg,1,20_rupees,current_real,current_1_img_1667842501581,train
C:\Users\bhave\OneDrive\Desktop\Sem7\ComputerVision\Project\part2\dataset\archive\data\data\real\20\IMG_1667842505351.jpg,1,20_rupees,current_real,current_1_img_1667842505351,train
C:\Users\bhave\OneDrive\Desktop\Sem7\ComputerVision\Project\part2\dataset\archive\data\data\real\20\IMG_1667842511544.jpg,1,20_rupees,current_real,current_1_img_1667842511544,train
C:\Users\bhave\OneDrive\Desktop\Sem7\ComputerVision\Project\part2\dataset\archive\data\data\real\20\IMG_1667842516519.jpg,1,20_rupees,current_real,current_1_img_1667842516519,train
C:\Users\bhave\OneDrive\Desktop\Sem7\ComputerVision\Project\part2\dataset\archive\data\data\real\20\IMG_1667842531329.jpg,1,20_rupees,current_real,current_1_img_1667842531329,train
C:\Users\bhave\OneDrive\Desktop\Sem7\ComputerVision\Project\part2\dataset\archive\data\data\real\20\IMG_1667842535037.jpg,1,20_rupees,current_real,current_1_img_1667842535037,train
C:\Users\bhave\OneDrive\Desktop\Sem7\ComputerVision\Project\part2\dataset\archive\data\data\real\20\IMG_1667842546794.jpg,1,20_rupees,current_real,current_1_img_1667842546794,train
C:\Users\bhave\OneDrive\Desktop\Sem7\ComputerVision\Project\part2\dataset\archive\data\data\real\20\IMG_1667842551094.jpg,1,20_rupees,current_real,current_1_img_1667842551094,train
C:\Users\bhave\OneDrive\Desktop\Sem7\ComputerVision\Project\part2\dataset\archive\data\data\real\20\IMG_1667842561558.jpg,1,20_rupees,current_real,current_1_img_1667842561558,train
C:\Users\bhave\OneDrive\Desktop\Sem7\ComputerVision\Project\part2\dataset\archive\data\data\real\20\IMG_1667842566823.jpg,1,20_rupees,current_real,current_1_img_1667842566823,train
C:\Users\bhave\OneDrive\Desktop\Sem7\ComputerVision\Project\part2\dataset\archive\data\data\real\20\IMG_1667842607405.jpg,1,20_rupees,current_real,current_1_img_1667842607405,train
C:\Users\bhave\OneDrive\Desktop\Sem7\ComputerVision\Project\part2\dataset\archive\data\data\real\20\IMG_1667842611579.jpg,1,20_rupees,current_real,current_1_img_1667842611579,train
C:\Users\bhave\OneDrive\Desktop\Sem7\ComputerVision\Project\part2\dataset\archive\data\data\real\20\IMG_1667842621174.jpg,1,20_rupees,current_real,current_1_img_1667842621174,train
C:\Users\bhave\OneDrive\Desktop\Sem7\ComputerVision\Project\part2\dataset\archive\data\data\real\20\IMG_1667842631461.jpg,1,20_rupees,current_real,current_1_img_1667842631461,train
C:\Users\bhave\OneDrive\Desktop\Sem7\ComputerVision\Project\part2\dataset\archive\data\data\real\20\IMG_1667842640411.jpg,1,20_rupees,current_real,current_1_img_1667842640411,train
C:\Users\bhave\OneDrive\Desktop\Sem7\ComputerVision\Project\part2\dataset\archive\data\data\real\20\IMG_1667842650381.jpg,1,20_rupees,current_real,current_1_img_1667842650381,train
C:\Users\bhave\OneDrive\Desktop\Sem7\ComputerVision\Project\part2\dataset\archive\data\data\real\20\IMG_1667842653832.jpg,1,20_rupees,current_real,current_1_img_1667842653832,train
C:\Users\bhave\OneDrive\Desktop\Sem7\ComputerVision\Project\part2\dataset\archive\data\data\real\20\IMG_1667842657712.jpg,1,20_rupees,current_real,current_1_img_1667842657712,train
C:\Users\bhave\OneDrive\Desktop\Sem7\ComputerVision\Project\part2\dataset\archive\data\data\real\20\IMG_1667842662882.jpg,1,20_rupees,current_real,current_1_img_1667842662882,train
C:\Users\bhave\OneDrive\Desktop\Sem7\ComputerVision\Project\part2\dataset\archive\data\data\real\20\IMG_1667842666787.jpg,1,20_rupees,current_real,current_1_img_1667842666787,train
C:\Users\bhave\OneDrive\Desktop\Sem7\ComputerVision\Project\part2\dataset\archive\data\data\real\20\IMG_1667842671595.jpg,1,20_rupees,current_real,current_1_img_1667842671595,train
C:\Users\bhave\OneDrive\Desktop\Sem7\ComputerVision\Project\part2\dataset\archive\data\data\real\20\IMG_1667842676029.jpg,1,20_rupees,current_real,current_1_img_1667842676029,train
C:\Users\bhave\OneDrive\Desktop\Sem7\ComputerVision\Project\part2\dataset\archive\data\data\real\20\IMG_1667842680555.jpg,1,20_rupees,current_real,current_1_img_1667842680555,train
C:\Users\bhave\OneDrive\Desktop\Sem7\ComputerVision\Project\part2\dataset\archive\data\data\real\20\IMG_1667842685133.jpg,1,20_rupees,current_real,current_1_img_1667842685133,train
C:\Users\bhave\OneDrive\Desktop\Sem7\ComputerVision\Project\part2\dataset\archive\data\data\real\20\IMG_1667842694224.jpg,1,20_rupees,current_real,current_1_img_1667842694224,train
C:\Users\bhave\OneDrive\Desktop\Sem7\ComputerVision\Project\part2\dataset\archive\data\data\real\20\IMG_1667842698788.jpg,1,20_rupees,current_real,current_1_img_1667842698788,train
C:\Users\bhave\OneDrive\Desktop\Sem7\ComputerVision\Project\part2\dataset\archive\data\data\real\20\IMG_1667842732238.jpg,1,20_rupees,current_real,current_1_img_1667842732238,train
C:\Users\bhave\OneDrive\Desktop\Sem7\ComputerVision\Project\part2\dataset\archive\data\data\real\20\IMG_1667842745437.jpg,1,20_rupees,current_real,current_1_img_1667842745437,train
C:\Users\bhave\OneDrive\Desktop\Sem7\ComputerVision\Project\part2\dataset\archive\data\data\real\20\IMG_1667842749873.jpg,1,20_rupees,current_real,current_1_img_1667842749873,train
C:\Users\bhave\OneDrive\Desktop\Sem7\ComputerVision\Project\part2\dataset\archive\data\data\real\20\IMG_1667842754326.jpg,1,20_rupees,current_real,current_1_img_1667842754326,train
C:\Users\bhave\OneDrive\Desktop\Sem7\ComputerVision\Project\part2\dataset\archive\data\data\real\20\IMG_1667842761690.jpg,1,20_rupees,current_real,current_1_img_1667842761690,train
C:\Users\bhave\OneDrive\Desktop\Sem7\ComputerVision\Project\part2\dataset\archive\data\data\real\20\IMG_1667842772345.jpg,1,20_rupees,current_real,current_1_img_1667842772345,train
C:\Users\bhave\OneDrive\Desktop\Sem7\ComputerVision\Project\part2\dataset\archive\data\data\real\20\IMG_1667842776716.jpg,1,20_rupees,current_real,current_1_img_1667842776716,train
C:\Users\bhave\OneDrive\Desktop\Sem7\ComputerVision\Project\part2\dataset\archive\data\data\real\20\IMG_1667842790925.jpg,1,20_rupees,current_real,current_1_img_1667842790925,train
C:\Users\bhave\OneDrive\Desktop\Sem7\ComputerVision\Project\part2\dataset\archive\data\data\real\20\IMG_1667842795357.jpg,1,20_rupees,current_real,current_1_img_1667842795357,train
C:\Users\bhave\OneDrive\Desktop\Sem7\ComputerVision\Project\part2\dataset\archive\data\data\real\20\IMG_1667842802811.jpg,1,20_rupees,current_real,current_1_img_1667842802811,train
C:\Users\bhave\OneDrive\Desktop\Sem7\ComputerVision\Project\part2\dataset\archive\data\data\real\20\IMG_1667842808350.jpg,1,20_rupees,current_real,current_1_img_1667842808350,train
C:\Users\bhave\OneDrive\Desktop\Sem7\ComputerVision\Project\part2\dataset\archive\data\data\real\20\IMG_1667842818272.jpg,1,20_rupees,current_real,current_1_img_1667842818272,train
C:\Users\bhave\OneDrive\Desktop\Sem7\ComputerVision\Project\part2\dataset\archive\data\data\real\20\IMG_1667842822342.jpg,1,20_rupees,current_real,current_1_img_1667842822342,train
C:\Users\bhave\OneDrive\Desktop\Sem7\ComputerVision\Project\part2\dataset\archive\data\data\real\20\IMG_1667842827060.jpg,1,20_rupees,current_real,current_1_img_1667842827060,train
C:\Users\bhave\OneDrive\Desktop\Sem7\ComputerVision\Project\part2\dataset\archive\data\data\real\50\1.jpg,2,50_rupees,current_real,current_2_1,train
C:\Users\bhave\OneDrive\Desktop\Sem7\ComputerVision\Project\part2\dataset\archive\data\data\real\50\10.jpg,2,50_rupees,current_real,current_2_10,train
C:\Users\bhave\OneDrive\Desktop\Sem7\ComputerVision\Project\part2\dataset\archive\data\data\real\50\12.jpg,2,50_rupees,current_real,current_2_12,train
C:\Users\bhave\OneDrive\Desktop\Sem7\ComputerVision\Project\part2\dataset\archive\data\data\real\50\15.jpg,2,50_rupees,current_real,current_2_15,train
C:\Users\bhave\OneDrive\Desktop\Sem7\ComputerVision\Project\part2\dataset\archive\data\data\real\50\16.jpg,2,50_rupees,current_real,current_2_16,train
C:\Users\bhave\OneDrive\Desktop\Sem7\ComputerVision\Project\part2\dataset\archive\data\data\real\50\18.jpg,2,50_rupees,current_real,current_2_18,train
C:\Users\bhave\OneDrive\Desktop\Sem7\ComputerVision\Project\part2\dataset\archive\data\data\real\50\19.jpg,2,50_rupees,current_real,current_2_19,train
C:\Users\bhave\OneDrive\Desktop\Sem7\ComputerVision\Project\part2\dataset\archive\data\data\real\50\2.jpg,2,50_rupees,current_real,current_2_2,train
C:\Users\bhave\OneDrive\Desktop\Sem7\ComputerVision\Project\part2\dataset\archive\data\data\real\50\20.jpg,2,50_rupees,current_real,current_2_20,train
C:\Users\bhave\OneDrive\Desktop\Sem7\ComputerVision\Project\part2\dataset\archive\data\data\real\50\22.jpg,2,50_rupees,current_real,current_2_22,train
C:\Users\bhave\OneDrive\Desktop\Sem7\ComputerVision\Project\part2\dataset\archive\data\data\real\50\24.jpg,2,50_rupees,current_real,current_2_24,train
C:\Users\bhave\OneDrive\Desktop\Sem7\ComputerVision\Project\part2\dataset\archive\data\data\real\50\25.jpg,2,50_rupees,current_real,current_2_25,train
C:\Users\bhave\OneDrive\Desktop\Sem7\ComputerVision\Project\part2\dataset\archive\data\data\real\50\26.jpg,2,50_rupees,current_real,current_2_26,train
C:\Users\bhave\OneDrive\Desktop\Sem7\ComputerVision\Project\part2\dataset\archive\data\data\real\50\27.jpg,2,50_rupees,current_real,current_2_27,train
C:\Users\bhave\OneDrive\Desktop\Sem7\ComputerVision\Project\part2\dataset\archive\data\data\real\50\28.jpg,2,50_rupees,current_real,current_2_28,train
C:\Users\bhave\OneDrive\Desktop\Sem7\ComputerVision\Project\part2\dataset\archive\data\data\real\50\29.jpg,2,50_rupees,current_real,current_2_29,train
C:\Users\bhave\OneDrive\Desktop\Sem7\ComputerVision\Project\part2\dataset\archive\data\data\real\50\3.jpg,2,50_rupees,current_real,current_2_3,train
C:\Users\bhave\OneDrive\Desktop\Sem7\ComputerVision\Project\part2\dataset\archive\data\data\real\50\35.jpg,2,50_rupees,current_real,current_2_35,train
C:\Users\bhave\OneDrive\Desktop\Sem7\ComputerVision\Project\part2\dataset\archive\data\data\real\50\36.jpg,2,50_rupees,current_real,current_2_36,train
C:\Users\bhave\OneDrive\Desktop\Sem7\ComputerVision\Project\part2\dataset\archive\data\data\real\50\37.jpg,2,50_rupees,current_real,current_2_37,train
C:\Users\bhave\OneDrive\Desktop\Sem7\ComputerVision\Project\part2\dataset\archive\data\data\real\50\38.jpg,2,50_rupees,current_real,current_2_38,train
C:\Users\bhave\OneDrive\Desktop\Sem7\ComputerVision\Project\part2\dataset\archive\data\data\real\50\4.jpg,2,50_rupees,current_real,current_2_4,train
C:\Users\bhave\OneDrive\Desktop\Sem7\ComputerVision\Project\part2\dataset\archive\data\data\real\50\40.jpg,2,50_rupees,current_real,current_2_40,train
C:\Users\bhave\OneDrive\Desktop\Sem7\ComputerVision\Project\part2\dataset\archive\data\data\real\50\41.jpg,2,50_rupees,current_real,current_2_41,train
C:\Users\bhave\OneDrive\Desktop\Sem7\ComputerVision\Project\part2\dataset\archive\data\data\real\50\42.jpg,2,50_rupees,current_real,current_2_42,train
C:\Users\bhave\OneDrive\Desktop\Sem7\ComputerVision\Project\part2\dataset\archive\data\data\real\50\43.jpg,2,50_rupees,current_real,current_2_43,train
C:\Users\bhave\OneDrive\Desktop\Sem7\ComputerVision\Project\part2\dataset\archive\data\data\real\50\44.jpg,2,50_rupees,current_real,current_2_44,train
C:\Users\bhave\OneDrive\Desktop\Sem7\ComputerVision\Project\part2\dataset\archive\data\data\real\50\45.jpg,2,50_rupees,current_real,current_2_45,train
C:\Users\bhave\OneDrive\Desktop\Sem7\ComputerVision\Project\part2\dataset\archive\data\data\real\50\46.jpg,2,50_rupees,current_real,current_2_46,train
C:\Users\bhave\OneDrive\Desktop\Sem7\ComputerVision\Project\part2\dataset\archive\data\data\real\50\47.jpg,2,50_rupees,current_real,current_2_47,train
C:\Users\bhave\OneDrive\Desktop\Sem7\ComputerVision\Project\part2\dataset\archive\data\data\real\50\48.jpg,2,50_rupees,current_real,current_2_48,train
C:\Users\bhave\OneDrive\Desktop\Sem7\ComputerVision\Project\part2\dataset\archive\data\data\real\50\49.jpg,2,50_rupees,current_real,current_2_49,train
C:\Users\bhave\OneDrive\Desktop\Sem7\ComputerVision\Project\part2\dataset\archive\data\data\real\50\50.jpg,2,50_rupees,current_real,current_2_50,train
C:\Users\bhave\OneDrive\Desktop\Sem7\ComputerVision\Project\part2\dataset\archive\data\data\real\50\51.jpg,2,50_rupees,current_real,current_2_51,train
C:\Users\bhave\OneDrive\Desktop\Sem7\ComputerVision\Project\part2\dataset\archive\data\data\real\50\53.jpg,2,50_rupees,current_real,current_2_53,train
C:\Users\bhave\OneDrive\Desktop\Sem7\ComputerVision\Project\part2\dataset\archive\data\data\real\50\56.jpg,2,50_rupees,current_real,current_2_56,train
C:\Users\bhave\OneDrive\Desktop\Sem7\ComputerVision\Project\part2\dataset\archive\data\data\real\50\57.jpg,2,50_rupees,current_real,current_2_57,train
C:\Users\bhave\OneDrive\Desktop\Sem7\ComputerVision\Project\part2\dataset\archive\data\data\real\50\60.jpg,2,50_rupees,current_real,current_2_60,train
C:\Users\bhave\OneDrive\Desktop\Sem7\ComputerVision\Project\part2\dataset\archive\data\data\real\50\61.jpg,2,50_rupees,current_real,current_2_61,train
C:\Users\bhave\OneDrive\Desktop\Sem7\ComputerVision\Project\part2\dataset\archive\data\data\real\50\62.jpg,2,50_rupees,current_real,current_2_62,train
C:\Users\bhave\OneDrive\Desktop\Sem7\ComputerVision\Project\part2\dataset\archive\data\data\real\50\63.jpg,2,50_rupees,current_real,current_2_63,train
C:\Users\bhave\OneDrive\Desktop\Sem7\ComputerVision\Project\part2\dataset\archive\data\data\real\50\64.jpg,2,50_rupees,current_real,current_2_64,train
C:\Users\bhave\OneDrive\Desktop\Sem7\ComputerVision\Project\part2\dataset\archive\data\data\real\50\7.jpg,2,50_rupees,current_real,current_2_7,train
C:\Users\bhave\OneDrive\Desktop\Sem7\ComputerVision\Project\part2\dataset\archive\data\data\real\50\70.jpg,2,50_rupees,current_real,current_2_70,train
C:\Users\bhave\OneDrive\Desktop\Sem7\ComputerVision\Project\part2\dataset\archive\data\data\real\50\73.jpg,2,50_rupees,current_real,current_2_73,train
C:\Users\bhave\OneDrive\Desktop\Sem7\ComputerVision\Project\part2\dataset\archive\data\data\real\50\74.jpg,2,50_rupees,current_real,current_2_74,train
C:\Users\bhave\OneDrive\Desktop\Sem7\ComputerVision\Project\part2\dataset\archive\data\data\real\50\76.jpg,2,50_rupees,current_real,current_2_76,train
C:\Users\bhave\OneDrive\Desktop\Sem7\ComputerVision\Project\part2\dataset\archive\data\data\real\50\79.jpg,2,50_rupees,current_real,current_2_79,train
C:\Users\bhave\OneDrive\Desktop\Sem7\ComputerVision\Project\part2\dataset\archive\data\data\real\50\8.jpg,2,50_rupees,current_real,current_2_8,train
C:\Users\bhave\OneDrive\Desktop\Sem7\ComputerVision\Project\part2\dataset\archive\data\data\real\50\81.jpg,2,50_rupees,current_real,current_2_81,train
C:\Users\bhave\OneDrive\Desktop\Sem7\ComputerVision\Project\part2\dataset\archive\data\data\real\50\82.jpg,2,50_rupees,current_real,current_2_82,train
C:\Users\bhave\OneDrive\Desktop\Sem7\ComputerVision\Project\part2\dataset\archive\data\data\real\50\83.jpg,2,50_rupees,current_real,current_2_83,train
C:\Users\bhave\OneDrive\Desktop\Sem7\ComputerVision\Project\part2\dataset\archive\data\data\real\50\85.jpg,2,50_rupees,current_real,current_2_85,train
C:\Users\bhave\OneDrive\Desktop\Sem7\ComputerVision\Project\part2\dataset\archive\data\data\real\50\87.jpg,2,50_rupees,current_real,current_2_87,train
C:\Users\bhave\OneDrive\Desktop\Sem7\ComputerVision\Project\part2\dataset\archive\data\data\real\50\89.jpg,2,50_rupees,current_real,current_2_89,train
C:\Users\bhave\OneDrive\Desktop\Sem7\ComputerVision\Project\part2\dataset\archive\data\data\real\50\9.jpg,2,50_rupees,current_real,current_2_9,train
C:\Users\bhave\OneDrive\Desktop\Sem7\ComputerVision\Project\part2\dataset\archive\data\data\real\50\IMG20220927125312.jpg,2,50_rupees,current_real,current_2_img20220927125312,train
C:\Users\bhave\OneDrive\Desktop\Sem7\ComputerVision\Project\part2\dataset\archive\data\data\real\50\IMG20220927125321.jpg,2,50_rupees,current_real,current_2_img20220927125321,train
C:\Users\bhave\OneDrive\Desktop\Sem7\ComputerVision\Project\part2\dataset\archive\data\data\real\50\IMG20220927125324.jpg,2,50_rupees,current_real,current_2_img20220927125324,train
C:\Users\bhave\OneDrive\Desktop\Sem7\ComputerVision\Project\part2\dataset\archive\data\data\real\50\IMG20220927125326.jpg,2,50_rupees,current_real,current_2_img20220927125326,train
C:\Users\bhave\OneDrive\Desktop\Sem7\ComputerVision\Project\part2\dataset\archive\data\data\real\50\IMG20220927125331.jpg,2,50_rupees,current_real,current_2_img20220927125331,train
C:\Users\bhave\OneDrive\Desktop\Sem7\ComputerVision\Project\part2\dataset\archive\data\data\real\50\IMG20220927125338.jpg,2,50_rupees,current_real,current_2_img20220927125338,train
C:\Users\bhave\OneDrive\Desktop\Sem7\ComputerVision\Project\part2\dataset\archive\data\data\real\50\IMG20220927125346.jpg,2,50_rupees,current_real,current_2_img20220927125346,train
C:\Users\bhave\OneDrive\Desktop\Sem7\ComputerVision\Project\part2\dataset\archive\data\data\real\50\IMG20220927125348.jpg,2,50_rupees,current_real,current_2_img20220927125348,train
C:\Users\bhave\OneDrive\Desktop\Sem7\ComputerVision\Project\part2\dataset\archive\data\data\real\50\IMG20220927125352.jpg,2,50_rupees,current_real,current_2_img20220927125352,train
C:\Users\bhave\OneDrive\Desktop\Sem7\ComputerVision\Project\part2\dataset\archive\data\data\real\50\IMG20220927125355.jpg,2,50_rupees,current_real,current_2_img20220927125355,train
C:\Users\bhave\OneDrive\Desktop\Sem7\ComputerVision\Project\part2\dataset\archive\data\data\real\50\IMG20220927125359.jpg,2,50_rupees,current_real,current_2_img20220927125359,train
C:\Users\bhave\OneDrive\Desktop\Sem7\ComputerVision\Project\part2\dataset\archive\data\data\real\50\IMG20220927125402.jpg,2,50_rupees,current_real,current_2_img20220927125402,train
C:\Users\bhave\OneDrive\Desktop\Sem7\ComputerVision\Project\part2\dataset\archive\data\data\real\50\IMG20220927125409.jpg,2,50_rupees,current_real,current_2_img20220927125409,train
C:\Users\bhave\OneDrive\Desktop\Sem7\ComputerVision\Project\part2\dataset\archive\data\data\real\50\IMG20220927125420.jpg,2,50_rupees,current_real,current_2_img20220927125420,train
C:\Users\bhave\OneDrive\Desktop\Sem7\ComputerVision\Project\part2\dataset\archive\data\data\real\50\IMG20220927125426.jpg,2,50_rupees,current_real,current_2_img20220927125426,train
C:\Users\bhave\OneDrive\Desktop\Sem7\ComputerVision\Project\part2\dataset\archive\data\data\real\50\IMG20220927125430.jpg,2,50_rupees,current_real,current_2_img20220927125430,train
C:\Users\bhave\OneDrive\Desktop\Sem7\ComputerVision\Project\part2\dataset\archive\data\data\real\50\IMG20220927125434.jpg,2,50_rupees,current_real,current_2_img20220927125434,train
C:\Users\bhave\OneDrive\Desktop\Sem7\ComputerVision\Project\part2\dataset\archive\data\data\real\50\IMG20220927125454.jpg,2,50_rupees,current_real,current_2_img20220927125454,train
C:\Users\bhave\OneDrive\Desktop\Sem7\ComputerVision\Project\part2\dataset\archive\data\data\real\50\IMG20220927125506.jpg,2,50_rupees,current_real,current_2_img20220927125506,train
C:\Users\bhave\OneDrive\Desktop\Sem7\ComputerVision\Project\part2\dataset\archive\data\data\real\50\IMG20220927125508.jpg,2,50_rupees,current_real,current_2_img20220927125508,train
C:\Users\bhave\OneDrive\Desktop\Sem7\ComputerVision\Project\part2\dataset\archive\data\data\real\50\IMG20220927125540.jpg,2,50_rupees,current_real,current_2_img20220927125540,train
C:\Users\bhave\OneDrive\Desktop\Sem7\ComputerVision\Project\part2\dataset\archive\data\data\real\50\IMG20220927125543.jpg,2,50_rupees,current_real,current_2_img20220927125543,train
C:\Users\bhave\OneDrive\Desktop\Sem7\ComputerVision\Project\part2\dataset\archive\data\data\real\50\IMG20220927125556.jpg,2,50_rupees,current_real,current_2_img20220927125556,train
C:\Users\bhave\OneDrive\Desktop\Sem7\ComputerVision\Project\part2\dataset\archive\data\data\real\50\IMG20220927125559.jpg,2,50_rupees,current_real,current_2_img20220927125559,train
C:\Users\bhave\OneDrive\Desktop\Sem7\ComputerVision\Project\part2\dataset\archive\data\data\real\50\IMG20220927125607.jpg,2,50_rupees,current_real,current_2_img20220927125607,train
C:\Users\bhave\OneDrive\Desktop\Sem7\ComputerVision\Project\part2\dataset\archive\data\data\real\50\IMG20220927125609.jpg,2,50_rupees,current_real,current_2_img20220927125609,train
C:\Users\bhave\OneDrive\Desktop\Sem7\ComputerVision\Project\part2\dataset\archive\data\data\real\50\IMG20220927125611.jpg,2,50_rupees,current_real,current_2_img20220927125611,train
C:\Users\bhave\OneDrive\Desktop\Sem7\ComputerVision\Project\part2\dataset\archive\data\data\real\50\IMG20220929125003.jpg,2,50_rupees,current_real,current_2_img20220929125003,train
C:\Users\bhave\OneDrive\Desktop\Sem7\ComputerVision\Project\part2\dataset\archive\data\data\real\50\IMG20220929125006.jpg,2,50_rupees,current_real,current_2_img20220929125006,train
C:\Users\bhave\OneDrive\Desktop\Sem7\ComputerVision\Project\part2\dataset\archive\data\data\real\50\IMG20220929125013.jpg,2,50_rupees,current_real,current_2_img20220929125013,train
C:\Users\bhave\OneDrive\Desktop\Sem7\ComputerVision\Project\part2\dataset\archive\data\data\real\50\IMG20220929125016.jpg,2,50_rupees,current_real,current_2_img20220929125016,train
C:\Users\bhave\OneDrive\Desktop\Sem7\ComputerVision\Project\part2\dataset\archive\data\data\real\50\IMG20220929125022.jpg,2,50_rupees,current_real,current_2_img20220929125022,train
C:\Users\bhave\OneDrive\Desktop\Sem7\ComputerVision\Project\part2\dataset\archive\data\data\real\50\IMG20220929125024.jpg,2,50_rupees,current_real,current_2_img20220929125024,train
C:\Users\bhave\OneDrive\Desktop\Sem7\ComputerVision\Project\part2\dataset\archive\data\data\real\50\IMG20220929125038.jpg,2,50_rupees,current_real,current_2_img20220929125038,train
C:\Users\bhave\OneDrive\Desktop\Sem7\ComputerVision\Project\part2\dataset\archive\data\data\real\50\IMG20220929125040.jpg,2,50_rupees,current_real,current_2_img20220929125040,train
C:\Users\bhave\OneDrive\Desktop\Sem7\ComputerVision\Project\part2\dataset\archive\data\data\real\50\IMG20220929125041.jpg,2,50_rupees,current_real,current_2_img20220929125041,train
C:\Users\bhave\OneDrive\Desktop\Sem7\ComputerVision\Project\part2\dataset\archive\data\data\real\50\IMG20220929125050.jpg,2,50_rupees,current_real,current_2_img20220929125050,train
C:\Users\bhave\OneDrive\Desktop\Sem7\ComputerVision\Project\part2\dataset\archive\data\data\real\50\IMG20220929125107.jpg,2,50_rupees,current_real,current_2_img20220929125107,train
C:\Users\bhave\OneDrive\Desktop\Sem7\ComputerVision\Project\part2\dataset\archive\data\data\real\50\IMG20220929125109.jpg,2,50_rupees,current_real,current_2_img20220929125109,train
C:\Users\bhave\OneDrive\Desktop\Sem7\ComputerVision\Project\part2\dataset\archive\data\data\real\50\IMG20220929125111.jpg,2,50_rupees,current_real,current_2_img20220929125111,train
C:\Users\bhave\OneDrive\Desktop\Sem7\ComputerVision\Project\part2\dataset\archive\data\data\real\50\IMG20220929125123.jpg,2,50_rupees,current_real,current_2_img20220929125123,train
C:\Users\bhave\OneDrive\Desktop\Sem7\ComputerVision\Project\part2\dataset\archive\data\data\real\50\IMG20220929125124.jpg,2,50_rupees,current_real,current_2_img20220929125124,train
C:\Users\bhave\OneDrive\Desktop\Sem7\ComputerVision\Project\part2\dataset\archive\data\data\real\50\IMG20220929125125.jpg,2,50_rupees,current_real,current_2_img20220929125125,train
C:\Users\bhave\OneDrive\Desktop\Sem7\ComputerVision\Project\part2\dataset\archive\data\data\real\50\IMG20220929125127.jpg,2,50_rupees,current_real,current_2_img20220929125127,train
C:\Users\bhave\OneDrive\Desktop\Sem7\ComputerVision\Project\part2\dataset\archive\data\data\real\50\IMG20220929125200.jpg,2,50_rupees,current_real,current_2_img20220929125200,train
C:\Users\bhave\OneDrive\Desktop\Sem7\ComputerVision\Project\part2\dataset\archive\data\data\real\50\IMG20220929125228.jpg,2,50_rupees,current_real,current_2_img20220929125228,train
C:\Users\bhave\OneDrive\Desktop\Sem7\ComputerVision\Project\part2\dataset\archive\data\data\real\50\IMG20220929125252.jpg,2,50_rupees,current_real,current_2_img20220929125252,train
C:\Users\bhave\OneDrive\Desktop\Sem7\ComputerVision\Project\part2\dataset\archive\data\data\real\50\IMG20220929125302.jpg,2,50_rupees,current_real,current_2_img20220929125302,train
C:\Users\bhave\OneDrive\Desktop\Sem7\ComputerVision\Project\part2\dataset\archive\data\data\real\50\IMG20220929125304.jpg,2,50_rupees,current_real,current_2_img20220929125304,train
C:\Users\bhave\OneDrive\Desktop\Sem7\ComputerVision\Project\part2\dataset\archive\data\data\real\50\IMG20220929125309.jpg,2,50_rupees,current_real,current_2_img20220929125309,train
C:\Users\bhave\OneDrive\Desktop\Sem7\ComputerVision\Project\part2\dataset\archive\data\data\real\50\IMG20220929125320.jpg,2,50_rupees,current_real,current_2_img20220929125320,train
C:\Users\bhave\OneDrive\Desktop\Sem7\ComputerVision\Project\part2\dataset\archive\data\data\real\50\IMG20220929125328.jpg,2,50_rupees,current_real,current_2_img20220929125328,train
C:\Users\bhave\OneDrive\Desktop\Sem7\ComputerVision\Project\part2\dataset\archive\data\data\real\50\IMG20220929125330.jpg,2,50_rupees,current_real,current_2_img20220929125330,train
C:\Users\bhave\OneDrive\Desktop\Sem7\ComputerVision\Project\part2\dataset\archive\data\data\real\50\IMG20220929125334.jpg,2,50_rupees,current_real,current_2_img20220929125334,train
C:\Users\bhave\OneDrive\Desktop\Sem7\ComputerVision\Project\part2\dataset\archive\data\data\real\50\IMG20220929125339.jpg,2,50_rupees,current_real,current_2_img20220929125339,train
C:\Users\bhave\OneDrive\Desktop\Sem7\ComputerVision\Project\part2\dataset\archive\data\data\real\50\IMG20220929125341.jpg,2,50_rupees,current_real,current_2_img20220929125341,train
C:\Users\bhave\OneDrive\Desktop\Sem7\ComputerVision\Project\part2\dataset\archive\data\data\real\50\IMG20220929125344.jpg,2,50_rupees,current_real,current_2_img20220929125344,train
C:\Users\bhave\OneDrive\Desktop\Sem7\ComputerVision\Project\part2\dataset\archive\data\data\real\50\IMG20220929125346.jpg,2,50_rupees,current_real,current_2_img20220929125346,train
C:\Users\bhave\OneDrive\Desktop\Sem7\ComputerVision\Project\part2\dataset\archive\data\data\real\50\IMG20220929125348.jpg,2,50_rupees,current_real,current_2_img20220929125348,train
C:\Users\bhave\OneDrive\Desktop\Sem7\ComputerVision\Project\part2\dataset\archive\data\data\real\50\IMG20220929125349.jpg,2,50_rupees,current_real,current_2_img20220929125349,train
C:\Users\bhave\OneDrive\Desktop\Sem7\ComputerVision\Project\part2\dataset\archive\data\data\real\50\IMG20220929125351.jpg,2,50_rupees,current_real,current_2_img20220929125351,train
C:\Users\bhave\OneDrive\Desktop\Sem7\ComputerVision\Project\part2\dataset\archive\data\data\real\50\IMG20220929125352.jpg,2,50_rupees,current_real,current_2_img20220929125352,train
C:\Users\bhave\OneDrive\Desktop\Sem7\ComputerVision\Project\part2\dataset\archive\data\data\real\50\IMG20220929125356.jpg,2,50_rupees,current_real,current_2_img20220929125356,train
C:\Users\bhave\OneDrive\Desktop\Sem7\ComputerVision\Project\part2\dataset\archive\data\data\real\50\IMG20220929125400.jpg,2,50_rupees,current_real,current_2_img20220929125400,train
C:\Users\bhave\OneDrive\Desktop\Sem7\ComputerVision\Project\part2\dataset\archive\data\data\real\50\IMG20220929125502.jpg,2,50_rupees,current_real,current_2_img20220929125502,train
C:\Users\bhave\OneDrive\Desktop\Sem7\ComputerVision\Project\part2\dataset\archive\data\data\real\50\IMG20220929125503.jpg,2,50_rupees,current_real,current_2_img20220929125503,train
C:\Users\bhave\OneDrive\Desktop\Sem7\ComputerVision\Project\part2\dataset\archive\data\data\real\50\IMG20220929125505.jpg,2,50_rupees,current_real,current_2_img20220929125505,train
C:\Users\bhave\OneDrive\Desktop\Sem7\ComputerVision\Project\part2\dataset\archive\data\data\real\50\IMG20220929125516.jpg,2,50_rupees,current_real,current_2_img20220929125516,train
C:\Users\bhave\OneDrive\Desktop\Sem7\ComputerVision\Project\part2\dataset\archive\data\data\real\50\IMG20220929125518.jpg,2,50_rupees,current_real,current_2_img20220929125518,train
C:\Users\bhave\OneDrive\Desktop\Sem7\ComputerVision\Project\part2\dataset\archive\data\data\real\50\IMG20220929125521.jpg,2,50_rupees,current_real,current_2_img20220929125521,train
C:\Users\bhave\OneDrive\Desktop\Sem7\ComputerVision\Project\part2\dataset\archive\data\data\real\50\IMG20220929125523.jpg,2,50_rupees,current_real,current_2_img20220929125523,train
C:\Users\bhave\OneDrive\Desktop\Sem7\ComputerVision\Project\part2\dataset\archive\data\data\real\50\IMG20220929125535.jpg,2,50_rupees,current_real,current_2_img20220929125535,train
C:\Users\bhave\OneDrive\Desktop\Sem7\ComputerVision\Project\part2\dataset\archive\data\data\real\50\IMG20220929125538.jpg,2,50_rupees,current_real,current_2_img20220929125538,train
C:\Users\bhave\OneDrive\Desktop\Sem7\ComputerVision\Project\part2\dataset\archive\data\data\real\50\IMG20220929125540.jpg,2,50_rupees,current_real,current_2_img20220929125540,train
C:\Users\bhave\OneDrive\Desktop\Sem7\ComputerVision\Project\part2\dataset\archive\data\data\real\50\IMG20220929125544.jpg,2,50_rupees,current_real,current_2_img20220929125544,train
C:\Users\bhave\OneDrive\Desktop\Sem7\ComputerVision\Project\part2\dataset\archive\data\data\real\50\IMG20220929125557.jpg,2,50_rupees,current_real,current_2_img20220929125557,train
C:\Users\bhave\OneDrive\Desktop\Sem7\ComputerVision\Project\part2\dataset\archive\data\data\real\50\IMG20220929125600.jpg,2,50_rupees,current_real,current_2_img20220929125600,train
C:\Users\bhave\OneDrive\Desktop\Sem7\ComputerVision\Project\part2\dataset\archive\data\data\real\50\IMG20220929125603.jpg,2,50_rupees,current_real,current_2_img20220929125603,train
C:\Users\bhave\OneDrive\Desktop\Sem7\ComputerVision\Project\part2\dataset\archive\data\data\real\50\IMG20220929125605.jpg,2,50_rupees,current_real,current_2_img20220929125605,train
C:\Users\bhave\OneDrive\Desktop\Sem7\ComputerVision\Project\part2\dataset\archive\data\data\real\50\IMG20220929125607.jpg,2,50_rupees,current_real,current_2_img20220929125607,train
C:\Users\bhave\OneDrive\Desktop\Sem7\ComputerVision\Project\part2\dataset\archive\data\data\real\50\IMG20220929125611.jpg,2,50_rupees,current_real,current_2_img20220929125611,train
C:\Users\bhave\OneDrive\Desktop\Sem7\ComputerVision\Project\part2\dataset\archive\data\data\real\50\IMG20220929125612.jpg,2,50_rupees,current_real,current_2_img20220929125612,train
C:\Users\bhave\OneDrive\Desktop\Sem7\ComputerVision\Project\part2\dataset\archive\data\data\real\50\IMG20220929125614.jpg,2,50_rupees,current_real,current_2_img20220929125614,train
C:\Users\bhave\OneDrive\Desktop\Sem7\ComputerVision\Project\part2\dataset\archive\data\data\real\50\IMG20220929125616.jpg,2,50_rupees,current_real,current_2_img20220929125616,train
C:\Users\bhave\OneDrive\Desktop\Sem7\ComputerVision\Project\part2\dataset\archive\data\data\real\50\IMG20220929125623.jpg,2,50_rupees,current_real,current_2_img20220929125623,train
C:\Users\bhave\OneDrive\Desktop\Sem7\ComputerVision\Project\part2\dataset\archive\data\data\real\50\IMG20220929125626.jpg,2,50_rupees,current_real,current_2_img20220929125626,train
C:\Users\bhave\OneDrive\Desktop\Sem7\ComputerVision\Project\part2\dataset\archive\data\data\real\50\IMG20220929125631.jpg,2,50_rupees,current_real,current_2_img20220929125631,train
C:\Users\bhave\OneDrive\Desktop\Sem7\ComputerVision\Project\part2\dataset\archive\data\data\real\50\IMG20220929125637.jpg,2,50_rupees,current_real,current_2_img20220929125637,train
C:\Users\bhave\OneDrive\Desktop\Sem7\ComputerVision\Project\part2\dataset\archive\data\data\real\50\IMG20220929125645.jpg,2,50_rupees,current_real,current_2_img20220929125645,train
C:\Users\bhave\OneDrive\Desktop\Sem7\ComputerVision\Project\part2\dataset\archive\data\data\real\50\IMG20220929125650.jpg,2,50_rupees,current_real,current_2_img20220929125650,train
C:\Users\bhave\OneDrive\Desktop\Sem7\ComputerVision\Project\part2\dataset\archive\data\data\real\50\IMG20220929125712.jpg,2,50_rupees,current_real,current_2_img20220929125712,train
C:\Users\bhave\OneDrive\Desktop\Sem7\ComputerVision\Project\part2\dataset\archive\data\data\real\50\IMG20220929125713.jpg,2,50_rupees,current_real,current_2_img20220929125713,train
C:\Users\bhave\OneDrive\Desktop\Sem7\ComputerVision\Project\part2\dataset\archive\data\data\real\50\IMG20220929125715.jpg,2,50_rupees,current_real,current_2_img20220929125715,train
C:\Users\bhave\OneDrive\Desktop\Sem7\ComputerVision\Project\part2\dataset\archive\data\data\real\50\IMG20220929125728.jpg,2,50_rupees,current_real,current_2_img20220929125728,train
C:\Users\bhave\OneDrive\Desktop\Sem7\ComputerVision\Project\part2\dataset\archive\data\data\real\50\IMG20220929125744.jpg,2,50_rupees,current_real,current_2_img20220929125744,train
C:\Users\bhave\OneDrive\Desktop\Sem7\ComputerVision\Project\part2\dataset\archive\data\data\real\50\IMG20220929125751.jpg,2,50_rupees,current_real,current_2_img20220929125751,train
C:\Users\bhave\OneDrive\Desktop\Sem7\ComputerVision\Project\part2\dataset\archive\data\data\real\50\IMG20220929125752.jpg,2,50_rupees,current_real,current_2_img20220929125752,train
C:\Users\bhave\OneDrive\Desktop\Sem7\ComputerVision\Project\part2\dataset\archive\data\data\real\50\IMG20220929125755.jpg,2,50_rupees,current_real,current_2_img20220929125755,train
C:\Users\bhave\OneDrive\Desktop\Sem7\ComputerVision\Project\part2\dataset\archive\data\data\real\50\IMG20220929125756.jpg,2,50_rupees,current_real,current_2_img20220929125756,train
C:\Users\bhave\OneDrive\Desktop\Sem7\ComputerVision\Project\part2\dataset\archive\data\data\real\50\IMG20220929125758.jpg,2,50_rupees,current_real,current_2_img20220929125758,train
C:\Users\bhave\OneDrive\Desktop\Sem7\ComputerVision\Project\part2\dataset\archive\data\data\real\50\IMG20220929125759.jpg,2,50_rupees,current_real,current_2_img20220929125759,train
C:\Users\bhave\OneDrive\Desktop\Sem7\ComputerVision\Project\part2\dataset\archive\data\data\real\50\IMG20220929125805.jpg,2,50_rupees,current_real,current_2_img20220929125805,train
C:\Users\bhave\OneDrive\Desktop\Sem7\ComputerVision\Project\part2\dataset\archive\data\data\real\50\IMG20220929125807.jpg,2,50_rupees,current_real,current_2_img20220929125807,train
C:\Users\bhave\OneDrive\Desktop\Sem7\ComputerVision\Project\part2\dataset\archive\data\data\real\50\IMG20220929125809.jpg,2,50_rupees,current_real,current_2_img20220929125809,train
C:\Users\bhave\OneDrive\Desktop\Sem7\ComputerVision\Project\part2\dataset\archive\data\data\real\50\IMG20220929125833.jpg,2,50_rupees,current_real,current_2_img20220929125833,train
C:\Users\bhave\OneDrive\Desktop\Sem7\ComputerVision\Project\part2\dataset\archive\data\data\real\50\IMG20220929125835.jpg,2,50_rupees,current_real,current_2_img20220929125835,train
C:\Users\bhave\OneDrive\Desktop\Sem7\ComputerVision\Project\part2\dataset\archive\data\data\real\50\IMG20220929125838.jpg,2,50_rupees,current_real,current_2_img20220929125838,train
C:\Users\bhave\OneDrive\Desktop\Sem7\ComputerVision\Project\part2\dataset\archive\data\data\real\50\IMG20220929125839.jpg,2,50_rupees,current_real,current_2_img20220929125839,train
C:\Users\bhave\OneDrive\Desktop\Sem7\ComputerVision\Project\part2\dataset\archive\data\data\real\50\IMG20220929125841.jpg,2,50_rupees,current_real,current_2_img20220929125841,train
C:\Users\bhave\OneDrive\Desktop\Sem7\ComputerVision\Project\part2\dataset\archive\data\data\real\50\IMG20220929125847.jpg,2,50_rupees,current_real,current_2_img20220929125847,train
C:\Users\bhave\OneDrive\Desktop\Sem7\ComputerVision\Project\part2\dataset\archive\data\data\real\50\IMG20220929125850.jpg,2,50_rupees,current_real,current_2_img20220929125850,train
C:\Users\bhave\OneDrive\Desktop\Sem7\ComputerVision\Project\part2\dataset\archive\data\data\real\50\IMG20220929125855.jpg,2,50_rupees,current_real,current_2_img20220929125855,train
C:\Users\bhave\OneDrive\Desktop\Sem7\ComputerVision\Project\part2\dataset\archive\data\data\real\50\IMG20220929125857.jpg,2,50_rupees,current_real,current_2_img20220929125857,train
C:\Users\bhave\OneDrive\Desktop\Sem7\ComputerVision\Project\part2\dataset\archive\data\data\real\50\IMG20220929125900.jpg,2,50_rupees,current_real,current_2_img20220929125900,train
C:\Users\bhave\OneDrive\Desktop\Sem7\ComputerVision\Project\part2\dataset\archive\data\data\real\50\IMG20220929125907.jpg,2,50_rupees,current_real,current_2_img20220929125907,train
C:\Users\bhave\OneDrive\Desktop\Sem7\ComputerVision\Project\part2\dataset\archive\data\data\real\50\IMG20220929125908.jpg,2,50_rupees,current_real,current_2_img20220929125908,train
C:\Users\bhave\OneDrive\Desktop\Sem7\ComputerVision\Project\part2\dataset\archive\data\data\real\50\IMG20220929125909.jpg,2,50_rupees,current_real,current_2_img20220929125909,train
C:\Users\bhave\OneDrive\Desktop\Sem7\ComputerVision\Project\part2\dataset\archive\data\data\real\50\IMG20220929125911.jpg,2,50_rupees,current_real,current_2_img20220929125911,train
C:\Users\bhave\OneDrive\Desktop\Sem7\ComputerVision\Project\part2\dataset\archive\data\data\real\50\IMG20220929125915.jpg,2,50_rupees,current_real,current_2_img20220929125915,train
C:\Users\bhave\OneDrive\Desktop\Sem7\ComputerVision\Project\part2\dataset\archive\data\data\real\50\IMG20220929125916.jpg,2,50_rupees,current_real,current_2_img20220929125916,train
C:\Users\bhave\OneDrive\Desktop\Sem7\ComputerVision\Project\part2\dataset\archive\data\data\real\50\IMG20220929125919.jpg,2,50_rupees,current_real,current_2_img20220929125919,train
C:\Users\bhave\OneDrive\Desktop\Sem7\ComputerVision\Project\part2\dataset\archive\data\data\real\50\IMG20230110195052.jpg,2,50_rupees,current_real,current_2_img20230110195052,train
C:\Users\bhave\OneDrive\Desktop\Sem7\ComputerVision\Project\part2\dataset\archive\data\data\real\50\IMG20230110195058.jpg,2,50_rupees,current_real,current_2_img20230110195058,train
C:\Users\bhave\OneDrive\Desktop\Sem7\ComputerVision\Project\part2\dataset\archive\data\data\real\50\IMG20230110195059.jpg,2,50_rupees,current_real,current_2_img20230110195059,train
C:\Users\bhave\OneDrive\Desktop\Sem7\ComputerVision\Project\part2\dataset\archive\data\data\real\50\IMG20230110195101.jpg,2,50_rupees,current_real,current_2_img20230110195101,train
C:\Users\bhave\OneDrive\Desktop\Sem7\ComputerVision\Project\part2\dataset\archive\data\data\real\50\IMG20230110195106.jpg,2,50_rupees,current_real,current_2_img20230110195106,train
C:\Users\bhave\OneDrive\Desktop\Sem7\ComputerVision\Project\part2\dataset\archive\data\data\real\50\IMG20230110195108.jpg,2,50_rupees,current_real,current_2_img20230110195108,train
C:\Users\bhave\OneDrive\Desktop\Sem7\ComputerVision\Project\part2\dataset\archive\data\data\real\50\IMG20230110195109.jpg,2,50_rupees,current_real,current_2_img20230110195109,train
C:\Users\bhave\OneDrive\Desktop\Sem7\ComputerVision\Project\part2\dataset\archive\data\data\real\50\IMG20230110195433.jpg,2,50_rupees,current_real,current_2_img20230110195433,train
C:\Users\bhave\OneDrive\Desktop\Sem7\ComputerVision\Project\part2\dataset\archive\data\data\real\50\IMG20230110195441.jpg,2,50_rupees,current_real,current_2_img20230110195441,train
C:\Users\bhave\OneDrive\Desktop\Sem7\ComputerVision\Project\part2\dataset\archive\data\data\real\50\IMG20230110195444.jpg,2,50_rupees,current_real,current_2_img20230110195444,train
C:\Users\bhave\OneDrive\Desktop\Sem7\ComputerVision\Project\part2\dataset\archive\data\data\real\50\IMG20230110195446.jpg,2,50_rupees,current_real,current_2_img20230110195446,train
C:\Users\bhave\OneDrive\Desktop\Sem7\ComputerVision\Project\part2\dataset\archive\data\data\real\50\IMG20230110195449.jpg,2,50_rupees,current_real,current_2_img20230110195449,train
C:\Users\bhave\OneDrive\Desktop\Sem7\ComputerVision\Project\part2\dataset\archive\data\data\real\50\IMG20230110195451.jpg,2,50_rupees,current_real,current_2_img20230110195451,train
C:\Users\bhave\OneDrive\Desktop\Sem7\ComputerVision\Project\part2\dataset\archive\data\data\real\50\IMG20230110195453.jpg,2,50_rupees,current_real,current_2_img20230110195453,train
C:\Users\bhave\OneDrive\Desktop\Sem7\ComputerVision\Project\part2\dataset\archive\data\data\real\50\IMG20230110195502.jpg,2,50_rupees,current_real,current_2_img20230110195502,train
C:\Users\bhave\OneDrive\Desktop\Sem7\ComputerVision\Project\part2\dataset\archive\data\data\real\50\IMG20230110195505.jpg,2,50_rupees,current_real,current_2_img20230110195505,train
C:\Users\bhave\OneDrive\Desktop\Sem7\ComputerVision\Project\part2\dataset\archive\data\data\real\50\IMG20230110195509.jpg,2,50_rupees,current_real,current_2_img20230110195509,train
C:\Users\bhave\OneDrive\Desktop\Sem7\ComputerVision\Project\part2\dataset\archive\data\data\real\50\IMG20230110195512.jpg,2,50_rupees,current_real,current_2_img20230110195512,train
C:\Users\bhave\OneDrive\Desktop\Sem7\ComputerVision\Project\part2\dataset\archive\data\data\real\50\IMG20230110195513.jpg,2,50_rupees,current_real,current_2_img20230110195513,train
C:\Users\bhave\OneDrive\Desktop\Sem7\ComputerVision\Project\part2\dataset\archive\data\data\real\50\IMG20230110195518.jpg,2,50_rupees,current_real,current_2_img20230110195518,train
C:\Users\bhave\OneDrive\Desktop\Sem7\ComputerVision\Project\part2\dataset\archive\data\data\real\50\IMG20230110195522.jpg,2,50_rupees,current_real,current_2_img20230110195522,train
C:\Users\bhave\OneDrive\Desktop\Sem7\ComputerVision\Project\part2\dataset\archive\data\data\real\50\IMG20230110195523.jpg,2,50_rupees,current_real,current_2_img20230110195523,train
C:\Users\bhave\OneDrive\Desktop\Sem7\ComputerVision\Project\part2\dataset\archive\data\data\real\50\IMG20230110195524.jpg,2,50_rupees,current_real,current_2_img20230110195524,train
C:\Users\bhave\OneDrive\Desktop\Sem7\ComputerVision\Project\part2\dataset\archive\data\data\real\50\IMG20230110195528.jpg,2,50_rupees,current_real,current_2_img20230110195528,train
C:\Users\bhave\OneDrive\Desktop\Sem7\ComputerVision\Project\part2\dataset\archive\data\data\real\50\IMG20230110195550.jpg,2,50_rupees,current_real,current_2_img20230110195550,train
C:\Users\bhave\OneDrive\Desktop\Sem7\ComputerVision\Project\part2\dataset\archive\data\data\real\50\IMG20230110195551.jpg,2,50_rupees,current_real,current_2_img20230110195551,train
C:\Users\bhave\OneDrive\Desktop\Sem7\ComputerVision\Project\part2\dataset\archive\data\data\real\50\IMG20230110195553.jpg,2,50_rupees,current_real,current_2_img20230110195553,train
C:\Users\bhave\OneDrive\Desktop\Sem7\ComputerVision\Project\part2\dataset\archive\data\data\real\50\IMG20230110195618.jpg,2,50_rupees,current_real,current_2_img20230110195618,train
C:\Users\bhave\OneDrive\Desktop\Sem7\ComputerVision\Project\part2\dataset\archive\data\data\real\50\IMG20230110195620.jpg,2,50_rupees,current_real,current_2_img20230110195620,train
C:\Users\bhave\OneDrive\Desktop\Sem7\ComputerVision\Project\part2\dataset\archive\data\data\real\50\IMG20230110195622.jpg,2,50_rupees,current_real,current_2_img20230110195622,train
C:\Users\bhave\OneDrive\Desktop\Sem7\ComputerVision\Project\part2\dataset\archive\data\data\real\50\IMG20230110195623.jpg,2,50_rupees,current_real,current_2_img20230110195623,train
C:\Users\bhave\OneDrive\Desktop\Sem7\ComputerVision\Project\part2\dataset\archive\data\data\real\50\IMG20230110195625.jpg,2,50_rupees,current_real,current_2_img20230110195625,train
C:\Users\bhave\OneDrive\Desktop\Sem7\ComputerVision\Project\part2\dataset\archive\data\data\real\50\IMG20230110195628.jpg,2,50_rupees,current_real,current_2_img20230110195628,train
C:\Users\bhave\OneDrive\Desktop\Sem7\ComputerVision\Project\part2\dataset\archive\data\data\real\50\IMG20230110195630.jpg,2,50_rupees,current_real,current_2_img20230110195630,train
C:\Users\bhave\OneDrive\Desktop\Sem7\ComputerVision\Project\part2\dataset\archive\data\data\real\50\IMG20230110195721.jpg,2,50_rupees,current_real,current_2_img20230110195721,train
C:\Users\bhave\OneDrive\Desktop\Sem7\ComputerVision\Project\part2\dataset\archive\data\data\real\50\IMG20230110195723.jpg,2,50_rupees,current_real,current_2_img20230110195723,train
C:\Users\bhave\OneDrive\Desktop\Sem7\ComputerVision\Project\part2\dataset\archive\data\data\real\50\IMG20230110195727.jpg,2,50_rupees,current_real,current_2_img20230110195727,train
C:\Users\bhave\OneDrive\Desktop\Sem7\ComputerVision\Project\part2\dataset\archive\data\data\real\50\IMG20230110195729.jpg,2,50_rupees,current_real,current_2_img20230110195729,train
C:\Users\bhave\OneDrive\Desktop\Sem7\ComputerVision\Project\part2\dataset\archive\data\data\real\50\IMG20230110195731.jpg,2,50_rupees,current_real,current_2_img20230110195731,train
C:\Users\bhave\OneDrive\Desktop\Sem7\ComputerVision\Project\part2\dataset\archive\data\data\real\50\IMG_1666262244525.jpg,2,50_rupees,current_real,current_2_img_1666262244525,train
C:\Users\bhave\OneDrive\Desktop\Sem7\ComputerVision\Project\part2\dataset\archive\data\data\real\50\IMG_1666262250511.jpg,2,50_rupees,current_real,current_2_img_1666262250511,train
C:\Users\bhave\OneDrive\Desktop\Sem7\ComputerVision\Project\part2\dataset\archive\data\data\real\50\IMG_1666262259755.jpg,2,50_rupees,current_real,current_2_img_1666262259755,train
C:\Users\bhave\OneDrive\Desktop\Sem7\ComputerVision\Project\part2\dataset\archive\data\data\real\50\IMG_1666262265188.jpg,2,50_rupees,current_real,current_2_img_1666262265188,train
C:\Users\bhave\OneDrive\Desktop\Sem7\ComputerVision\Project\part2\dataset\archive\data\data\real\50\IMG_1666262272119.jpg,2,50_rupees,current_real,current_2_img_1666262272119,train
C:\Users\bhave\OneDrive\Desktop\Sem7\ComputerVision\Project\part2\dataset\archive\data\data\real\50\IMG_1666262281469.jpg,2,50_rupees,current_real,current_2_img_1666262281469,train
C:\Users\bhave\OneDrive\Desktop\Sem7\ComputerVision\Project\part2\dataset\archive\data\data\real\50\IMG_1666262294489.jpg,2,50_rupees,current_real,current_2_img_1666262294489,train
C:\Users\bhave\OneDrive\Desktop\Sem7\ComputerVision\Project\part2\dataset\archive\data\data\real\50\IMG_1666262306451.jpg,2,50_rupees,current_real,current_2_img_1666262306451,train
C:\Users\bhave\OneDrive\Desktop\Sem7\ComputerVision\Project\part2\dataset\archive\data\data\real\50\IMG_1666262318529.jpg,2,50_rupees,current_real,current_2_img_1666262318529,train
C:\Users\bhave\OneDrive\Desktop\Sem7\ComputerVision\Project\part2\dataset\archive\data\data\real\50\IMG_1666262327339.jpg,2,50_rupees,current_real,current_2_img_1666262327339,train
C:\Users\bhave\OneDrive\Desktop\Sem7\ComputerVision\Project\part2\dataset\archive\data\data\real\50\IMG_1666262348869.jpg,2,50_rupees,current_real,current_2_img_1666262348869,train
C:\Users\bhave\OneDrive\Desktop\Sem7\ComputerVision\Project\part2\dataset\archive\data\data\real\50\IMG_1666262382190.jpg,2,50_rupees,current_real,current_2_img_1666262382190,train
C:\Users\bhave\OneDrive\Desktop\Sem7\ComputerVision\Project\part2\dataset\archive\data\data\real\50\IMG_1666262388013.jpg,2,50_rupees,current_real,current_2_img_1666262388013,train
C:\Users\bhave\OneDrive\Desktop\Sem7\ComputerVision\Project\part2\dataset\archive\data\data\real\50\IMG_1666262485053.jpg,2,50_rupees,current_real,current_2_img_1666262485053,train
C:\Users\bhave\OneDrive\Desktop\Sem7\ComputerVision\Project\part2\dataset\archive\data\data\real\50\IMG_1666262496635.jpg,2,50_rupees,current_real,current_2_img_1666262496635,train
C:\Users\bhave\OneDrive\Desktop\Sem7\ComputerVision\Project\part2\dataset\archive\data\data\real\50\IMG_1666262503818.jpg,2,50_rupees,current_real,current_2_img_1666262503818,train
C:\Users\bhave\OneDrive\Desktop\Sem7\ComputerVision\Project\part2\dataset\archive\data\data\real\50\IMG_1666262526581.jpg,2,50_rupees,current_real,current_2_img_1666262526581,train
C:\Users\bhave\OneDrive\Desktop\Sem7\ComputerVision\Project\part2\dataset\archive\data\data\real\50\IMG_1666262544847.jpg,2,50_rupees,current_real,current_2_img_1666262544847,train
C:\Users\bhave\OneDrive\Desktop\Sem7\ComputerVision\Project\part2\dataset\archive\data\data\real\50\IMG_1666262570255.jpg,2,50_rupees,current_real,current_2_img_1666262570255,train
C:\Users\bhave\OneDrive\Desktop\Sem7\ComputerVision\Project\part2\dataset\archive\data\data\real\50\IMG_1666262603414.jpg,2,50_rupees,current_real,current_2_img_1666262603414,train
C:\Users\bhave\OneDrive\Desktop\Sem7\ComputerVision\Project\part2\dataset\archive\data\data\real\50\IMG_1666262608962.jpg,2,50_rupees,current_real,current_2_img_1666262608962,train
C:\Users\bhave\OneDrive\Desktop\Sem7\ComputerVision\Project\part2\dataset\archive\data\data\real\50\IMG_1666262656121.jpg,2,50_rupees,current_real,current_2_img_1666262656121,train
C:\Users\bhave\OneDrive\Desktop\Sem7\ComputerVision\Project\part2\dataset\archive\data\data\real\50\IMG_1666262674179.jpg,2,50_rupees,current_real,current_2_img_1666262674179,train
C:\Users\bhave\OneDrive\Desktop\Sem7\ComputerVision\Project\part2\dataset\archive\data\data\real\50\IMG_1666262689009.jpg,2,50_rupees,current_real,current_2_img_1666262689009,train
C:\Users\bhave\OneDrive\Desktop\Sem7\ComputerVision\Project\part2\dataset\archive\data\data\real\50\IMG_1666262695803.jpg,2,50_rupees,current_real,current_2_img_1666262695803,train
C:\Users\bhave\OneDrive\Desktop\Sem7\ComputerVision\Project\part2\dataset\archive\data\data\real\50\IMG_1666262703140.jpg,2,50_rupees,current_real,current_2_img_1666262703140,train
C:\Users\bhave\OneDrive\Desktop\Sem7\ComputerVision\Project\part2\dataset\archive\data\data\real\50\IMG_1666262722913.jpg,2,50_rupees,current_real,current_2_img_1666262722913,train
C:\Users\bhave\OneDrive\Desktop\Sem7\ComputerVision\Project\part2\dataset\archive\data\data\real\50\IMG_1666262744203.jpg,2,50_rupees,current_real,current_2_img_1666262744203,train
C:\Users\bhave\OneDrive\Desktop\Sem7\ComputerVision\Project\part2\dataset\archive\data\data\real\50\IMG_1666262770090.jpg,2,50_rupees,current_real,current_2_img_1666262770090,train
C:\Users\bhave\OneDrive\Desktop\Sem7\ComputerVision\Project\part2\dataset\archive\data\data\real\50\IMG_1666262795768.jpg,2,50_rupees,current_real,current_2_img_1666262795768,train
C:\Users\bhave\OneDrive\Desktop\Sem7\ComputerVision\Project\part2\dataset\archive\data\data\real\50\IMG_1666262814583.jpg,2,50_rupees,current_real,current_2_img_1666262814583,train
C:\Users\bhave\OneDrive\Desktop\Sem7\ComputerVision\Project\part2\dataset\archive\data\data\real\50\IMG_1666262835095.jpg,2,50_rupees,current_real,current_2_img_1666262835095,train
C:\Users\bhave\OneDrive\Desktop\Sem7\ComputerVision\Project\part2\dataset\archive\data\data\real\50\IMG_1666262884651.jpg,2,50_rupees,current_real,current_2_img_1666262884651,train
C:\Users\bhave\OneDrive\Desktop\Sem7\ComputerVision\Project\part2\dataset\archive\data\data\real\50\IMG_1666262889322.jpg,2,50_rupees,current_real,current_2_img_1666262889322,train
C:\Users\bhave\OneDrive\Desktop\Sem7\ComputerVision\Project\part2\dataset\archive\data\data\real\50\IMG_1666262894673.jpg,2,50_rupees,current_real,current_2_img_1666262894673,train
C:\Users\bhave\OneDrive\Desktop\Sem7\ComputerVision\Project\part2\dataset\archive\data\data\real\50\IMG_1666262915130.jpg,2,50_rupees,current_real,current_2_img_1666262915130,train
C:\Users\bhave\OneDrive\Desktop\Sem7\ComputerVision\Project\part2\dataset\archive\data\data\real\50\IMG_1666262955616.jpg,2,50_rupees,current_real,current_2_img_1666262955616,train
C:\Users\bhave\OneDrive\Desktop\Sem7\ComputerVision\Project\part2\dataset\archive\data\data\real\50\IMG_1666262961222.jpg,2,50_rupees,current_real,current_2_img_1666262961222,train
C:\Users\bhave\OneDrive\Desktop\Sem7\ComputerVision\Project\part2\dataset\archive\data\data\real\50\IMG_1666263021052.jpg,2,50_rupees,current_real,current_2_img_1666263021052,train
C:\Users\bhave\OneDrive\Desktop\Sem7\ComputerVision\Project\part2\dataset\archive\data\data\real\50\IMG_1666263027073.jpg,2,50_rupees,current_real,current_2_img_1666263027073,train
C:\Users\bhave\OneDrive\Desktop\Sem7\ComputerVision\Project\part2\dataset\archive\data\data\real\50\IMG_1666263044938.jpg,2,50_rupees,current_real,current_2_img_1666263044938,train
C:\Users\bhave\OneDrive\Desktop\Sem7\ComputerVision\Project\part2\dataset\archive\data\data\real\50\IMG_1666263077650.jpg,2,50_rupees,current_real,current_2_img_1666263077650,train
C:\Users\bhave\OneDrive\Desktop\Sem7\ComputerVision\Project\part2\dataset\archive\data\data\real\50\IMG_1666263084639.jpg,2,50_rupees,current_real,current_2_img_1666263084639,train
C:\Users\bhave\OneDrive\Desktop\Sem7\ComputerVision\Project\part2\dataset\archive\data\data\real\50\IMG_1666263092682.jpg,2,50_rupees,current_real,current_2_img_1666263092682,train
C:\Users\bhave\OneDrive\Desktop\Sem7\ComputerVision\Project\part2\dataset\archive\data\data\real\50\IMG_1666263096717.jpg,2,50_rupees,current_real,current_2_img_1666263096717,train
C:\Users\bhave\OneDrive\Desktop\Sem7\ComputerVision\Project\part2\dataset\archive\data\data\real\50\IMG_1666263114412.jpg,2,50_rupees,current_real,current_2_img_1666263114412,train
C:\Users\bhave\OneDrive\Desktop\Sem7\ComputerVision\Project\part2\dataset\archive\data\data\real\50\IMG_1666263182866.jpg,2,50_rupees,current_real,current_2_img_1666263182866,train
C:\Users\bhave\OneDrive\Desktop\Sem7\ComputerVision\Project\part2\dataset\archive\data\data\real\50\IMG_1666263189708.jpg,2,50_rupees,current_real,current_2_img_1666263189708,train
C:\Users\bhave\OneDrive\Desktop\Sem7\ComputerVision\Project\part2\dataset\archive\data\data\real\50\IMG_1666263210216.jpg,2,50_rupees,current_real,current_2_img_1666263210216,train
C:\Users\bhave\OneDrive\Desktop\Sem7\ComputerVision\Project\part2\dataset\archive\data\data\real\50\IMG_1666263214900.jpg,2,50_rupees,current_real,current_2_img_1666263214900,train
C:\Users\bhave\OneDrive\Desktop\Sem7\ComputerVision\Project\part2\dataset\archive\data\data\real\50\IMG_1666263267078.jpg,2,50_rupees,current_real,current_2_img_1666263267078,train
C:\Users\bhave\OneDrive\Desktop\Sem7\ComputerVision\Project\part2\dataset\archive\data\data\real\50\IMG_1666263285845.jpg,2,50_rupees,current_real,current_2_img_1666263285845,train
C:\Users\bhave\OneDrive\Desktop\Sem7\ComputerVision\Project\part2\dataset\archive\data\data\real\50\IMG_1666263310691.jpg,2,50_rupees,current_real,current_2_img_1666263310691,train
C:\Users\bhave\OneDrive\Desktop\Sem7\ComputerVision\Project\part2\dataset\archive\data\data\real\50\IMG_1666263315640.jpg,2,50_rupees,current_real,current_2_img_1666263315640,train
C:\Users\bhave\OneDrive\Desktop\Sem7\ComputerVision\Project\part2\dataset\archive\data\data\real\50\IMG_1666263322058.jpg,2,50_rupees,current_real,current_2_img_1666263322058,train
C:\Users\bhave\OneDrive\Desktop\Sem7\ComputerVision\Project\part2\dataset\archive\data\data\real\50\IMG_1666263328583.jpg,2,50_rupees,current_real,current_2_img_1666263328583,train
C:\Users\bhave\OneDrive\Desktop\Sem7\ComputerVision\Project\part2\dataset\archive\data\data\real\50\IMG_1666263343609.jpg,2,50_rupees,current_real,current_2_img_1666263343609,train
C:\Users\bhave\OneDrive\Desktop\Sem7\ComputerVision\Project\part2\dataset\archive\data\data\real\50\IMG_1666263369300.jpg,2,50_rupees,current_real,current_2_img_1666263369300,train
C:\Users\bhave\OneDrive\Desktop\Sem7\ComputerVision\Project\part2\dataset\archive\data\data\real\50\IMG_1666263374930.jpg,2,50_rupees,current_real,current_2_img_1666263374930,train
C:\Users\bhave\OneDrive\Desktop\Sem7\ComputerVision\Project\part2\dataset\archive\data\data\real\50\IMG_1666263402396.jpg,2,50_rupees,current_real,current_2_img_1666263402396,train
C:\Users\bhave\OneDrive\Desktop\Sem7\ComputerVision\Project\part2\dataset\archive\data\data\real\50\IMG_1666263409526.jpg,2,50_rupees,current_real,current_2_img_1666263409526,train
C:\Users\bhave\OneDrive\Desktop\Sem7\ComputerVision\Project\part2\dataset\archive\data\data\real\50\IMG_1666263429109.jpg,2,50_rupees,current_real,current_2_img_1666263429109,train
C:\Users\bhave\OneDrive\Desktop\Sem7\ComputerVision\Project\part2\dataset\archive\data\data\real\50\IMG_1666263443497.jpg,2,50_rupees,current_real,current_2_img_1666263443497,train
C:\Users\bhave\OneDrive\Desktop\Sem7\ComputerVision\Project\part2\dataset\archive\data\data\real\50\IMG_1666263486817.jpg,2,50_rupees,current_real,current_2_img_1666263486817,train
C:\Users\bhave\OneDrive\Desktop\Sem7\ComputerVision\Project\part2\dataset\archive\data\data\real\50\IMG_1666263503473.jpg,2,50_rupees,current_real,current_2_img_1666263503473,train
C:\Users\bhave\OneDrive\Desktop\Sem7\ComputerVision\Project\part2\dataset\archive\data\data\real\50\IMG_1666263520569.jpg,2,50_rupees,current_real,current_2_img_1666263520569,train
C:\Users\bhave\OneDrive\Desktop\Sem7\ComputerVision\Project\part2\dataset\archive\data\data\real\50\IMG_1666265221045.jpg,2,50_rupees,current_real,current_2_img_1666265221045,train
C:\Users\bhave\OneDrive\Desktop\Sem7\ComputerVision\Project\part2\dataset\archive\data\data\real\50\IMG_1666265257844.jpg,2,50_rupees,current_real,current_2_img_1666265257844,train
C:\Users\bhave\OneDrive\Desktop\Sem7\ComputerVision\Project\part2\dataset\archive\data\data\real\50\IMG_1666265292121.jpg,2,50_rupees,current_real,current_2_img_1666265292121,train
C:\Users\bhave\OneDrive\Desktop\Sem7\ComputerVision\Project\part2\dataset\archive\data\data\real\50\IMG_1666265296761.jpg,2,50_rupees,current_real,current_2_img_1666265296761,train
C:\Users\bhave\OneDrive\Desktop\Sem7\ComputerVision\Project\part2\dataset\archive\data\data\real\50\IMG_1666265314657.jpg,2,50_rupees,current_real,current_2_img_1666265314657,train
C:\Users\bhave\OneDrive\Desktop\Sem7\ComputerVision\Project\part2\dataset\archive\data\data\real\50\IMG_1666265329001.jpg,2,50_rupees,current_real,current_2_img_1666265329001,train
C:\Users\bhave\OneDrive\Desktop\Sem7\ComputerVision\Project\part2\dataset\archive\data\data\real\50\IMG_1666265348595.jpg,2,50_rupees,current_real,current_2_img_1666265348595,train
C:\Users\bhave\OneDrive\Desktop\Sem7\ComputerVision\Project\part2\dataset\archive\data\data\real\50\IMG_1666265394208.jpg,2,50_rupees,current_real,current_2_img_1666265394208,train
C:\Users\bhave\OneDrive\Desktop\Sem7\ComputerVision\Project\part2\dataset\archive\data\data\real\50\IMG_1666265408473.jpg,2,50_rupees,current_real,current_2_img_1666265408473,train
C:\Users\bhave\OneDrive\Desktop\Sem7\ComputerVision\Project\part2\dataset\archive\data\data\real\50\IMG_1666265426645.jpg,2,50_rupees,current_real,current_2_img_1666265426645,train
C:\Users\bhave\OneDrive\Desktop\Sem7\ComputerVision\Project\part2\dataset\archive\data\data\real\50\IMG_1666265432869.jpg,2,50_rupees,current_real,current_2_img_1666265432869,train
C:\Users\bhave\OneDrive\Desktop\Sem7\ComputerVision\Project\part2\dataset\archive\data\data\real\50\IMG_1666265450121.jpg,2,50_rupees,current_real,current_2_img_1666265450121,train
C:\Users\bhave\OneDrive\Desktop\Sem7\ComputerVision\Project\part2\dataset\archive\data\data\real\50\IMG_1666265483371.jpg,2,50_rupees,current_real,current_2_img_1666265483371,train
C:\Users\bhave\OneDrive\Desktop\Sem7\ComputerVision\Project\part2\dataset\archive\data\data\real\50\IMG_1666265545022.jpg,2,50_rupees,current_real,current_2_img_1666265545022,train
C:\Users\bhave\OneDrive\Desktop\Sem7\ComputerVision\Project\part2\dataset\archive\data\data\real\50\IMG_1666265566925.jpg,2,50_rupees,current_real,current_2_img_1666265566925,train
C:\Users\bhave\OneDrive\Desktop\Sem7\ComputerVision\Project\part2\dataset\archive\data\data\real\50\IMG_1666265602796.jpg,2,50_rupees,current_real,current_2_img_1666265602796,train
C:\Users\bhave\OneDrive\Desktop\Sem7\ComputerVision\Project\part2\dataset\archive\data\data\real\50\IMG_1666265771936.jpg,2,50_rupees,current_real,current_2_img_1666265771936,train
C:\Users\bhave\OneDrive\Desktop\Sem7\ComputerVision\Project\part2\dataset\archive\data\data\real\50\IMG_1666265821940.jpg,2,50_rupees,current_real,current_2_img_1666265821940,train
C:\Users\bhave\OneDrive\Desktop\Sem7\ComputerVision\Project\part2\dataset\archive\data\data\real\50\IMG_1666265829108.jpg,2,50_rupees,current_real,current_2_img_1666265829108,train
C:\Users\bhave\OneDrive\Desktop\Sem7\ComputerVision\Project\part2\dataset\archive\data\data\real\50\IMG_1666265832748.jpg,2,50_rupees,current_real,current_2_img_1666265832748,train
C:\Users\bhave\OneDrive\Desktop\Sem7\ComputerVision\Project\part2\dataset\archive\data\data\real\50\IMG_1666265837786.jpg,2,50_rupees,current_real,current_2_img_1666265837786,train
C:\Users\bhave\OneDrive\Desktop\Sem7\ComputerVision\Project\part2\dataset\archive\data\data\real\50\IMG_1666265844072.jpg,2,50_rupees,current_real,current_2_img_1666265844072,train
C:\Users\bhave\OneDrive\Desktop\Sem7\ComputerVision\Project\part2\dataset\archive\data\data\real\50\IMG_1666265849015.jpg,2,50_rupees,current_real,current_2_img_1666265849015,train
C:\Users\bhave\OneDrive\Desktop\Sem7\ComputerVision\Project\part2\dataset\archive\data\data\real\50\IMG_1666265853885.jpg,2,50_rupees,current_real,current_2_img_1666265853885,train
C:\Users\bhave\OneDrive\Desktop\Sem7\ComputerVision\Project\part2\dataset\archive\data\data\real\50\IMG_1666265872942.jpg,2,50_rupees,current_real,current_2_img_1666265872942,train
C:\Users\bhave\OneDrive\Desktop\Sem7\ComputerVision\Project\part2\dataset\archive\data\data\real\50\IMG_1666265877562.jpg,2,50_rupees,current_real,current_2_img_1666265877562,train
C:\Users\bhave\OneDrive\Desktop\Sem7\ComputerVision\Project\part2\dataset\archive\data\data\real\50\IMG_1666265882829.jpg,2,50_rupees,current_real,current_2_img_1666265882829,train
C:\Users\bhave\OneDrive\Desktop\Sem7\ComputerVision\Project\part2\dataset\archive\data\data\real\50\IMG_1666265907161.jpg,2,50_rupees,current_real,current_2_img_1666265907161,train
C:\Users\bhave\OneDrive\Desktop\Sem7\ComputerVision\Project\part2\dataset\archive\data\data\real\50\IMG_1666265913639.jpg,2,50_rupees,current_real,current_2_img_1666265913639,train
C:\Users\bhave\OneDrive\Desktop\Sem7\ComputerVision\Project\part2\dataset\archive\data\data\real\50\IMG_1666265965655.jpg,2,50_rupees,current_real,current_2_img_1666265965655,train
C:\Users\bhave\OneDrive\Desktop\Sem7\ComputerVision\Project\part2\dataset\archive\data\data\real\50\IMG_1667847239100.jpg,2,50_rupees,current_real,current_2_img_1667847239100,train
C:\Users\bhave\OneDrive\Desktop\Sem7\ComputerVision\Project\part2\dataset\archive\data\data\real\50\IMG_1667847245270.jpg,2,50_rupees,current_real,current_2_img_1667847245270,train
C:\Users\bhave\OneDrive\Desktop\Sem7\ComputerVision\Project\part2\dataset\archive\data\data\real\50\IMG_1667847259047.jpg,2,50_rupees,current_real,current_2_img_1667847259047,train
C:\Users\bhave\OneDrive\Desktop\Sem7\ComputerVision\Project\part2\dataset\archive\data\data\real\50\IMG_1667847262793.jpg,2,50_rupees,current_real,current_2_img_1667847262793,train
C:\Users\bhave\OneDrive\Desktop\Sem7\ComputerVision\Project\part2\dataset\archive\data\data\real\50\IMG_1667847267005.jpg,2,50_rupees,current_real,current_2_img_1667847267005,train
C:\Users\bhave\OneDrive\Desktop\Sem7\ComputerVision\Project\part2\dataset\archive\data\data\real\50\IMG_1667847274484.jpg,2,50_rupees,current_real,current_2_img_1667847274484,train
C:\Users\bhave\OneDrive\Desktop\Sem7\ComputerVision\Project\part2\dataset\archive\data\data\real\50\IMG_1667847280489.jpg,2,50_rupees,current_real,current_2_img_1667847280489,train
C:\Users\bhave\OneDrive\Desktop\Sem7\ComputerVision\Project\part2\dataset\archive\data\data\real\50\IMG_1667847284034.jpg,2,50_rupees,current_real,current_2_img_1667847284034,train
C:\Users\bhave\OneDrive\Desktop\Sem7\ComputerVision\Project\part2\dataset\archive\data\data\real\50\IMG_1667847290116.jpg,2,50_rupees,current_real,current_2_img_1667847290116,train
C:\Users\bhave\OneDrive\Desktop\Sem7\ComputerVision\Project\part2\dataset\archive\data\data\real\50\IMG_1667847294312.jpg,2,50_rupees,current_real,current_2_img_1667847294312,train
C:\Users\bhave\OneDrive\Desktop\Sem7\ComputerVision\Project\part2\dataset\archive\data\data\real\50\IMG_1667847298034.jpg,2,50_rupees,current_real,current_2_img_1667847298034,train
C:\Users\bhave\OneDrive\Desktop\Sem7\ComputerVision\Project\part2\dataset\archive\data\data\real\50\IMG_1667847302445.jpg,2,50_rupees,current_real,current_2_img_1667847302445,train
C:\Users\bhave\OneDrive\Desktop\Sem7\ComputerVision\Project\part2\dataset\archive\data\data\real\50\IMG_1667847316352.jpg,2,50_rupees,current_real,current_2_img_1667847316352,train
C:\Users\bhave\OneDrive\Desktop\Sem7\ComputerVision\Project\part2\dataset\archive\data\data\real\50\IMG_1667847321937.jpg,2,50_rupees,current_real,current_2_img_1667847321937,train
C:\Users\bhave\OneDrive\Desktop\Sem7\ComputerVision\Project\part2\dataset\archive\data\data\real\50\IMG_1667847326699.jpg,2,50_rupees,current_real,current_2_img_1667847326699,train
C:\Users\bhave\OneDrive\Desktop\Sem7\ComputerVision\Project\part2\dataset\archive\data\data\real\50\IMG_1667847331117.jpg,2,50_rupees,current_real,current_2_img_1667847331117,train
C:\Users\bhave\OneDrive\Desktop\Sem7\ComputerVision\Project\part2\dataset\archive\data\data\real\50\IMG_1667847336442.jpg,2,50_rupees,current_real,current_2_img_1667847336442,train
C:\Users\bhave\OneDrive\Desktop\Sem7\ComputerVision\Project\part2\dataset\archive\data\data\real\50\IMG_1667847340882.jpg,2,50_rupees,current_real,current_2_img_1667847340882,train
C:\Users\bhave\OneDrive\Desktop\Sem7\ComputerVision\Project\part2\dataset\archive\data\data\real\50\IMG_1667847353574.jpg,2,50_rupees,current_real,current_2_img_1667847353574,train
C:\Users\bhave\OneDrive\Desktop\Sem7\ComputerVision\Project\part2\dataset\archive\data\data\real\50\IMG_1667847358110.jpg,2,50_rupees,current_real,current_2_img_1667847358110,train
C:\Users\bhave\OneDrive\Desktop\Sem7\ComputerVision\Project\part2\dataset\archive\data\data\real\50\IMG_1667847391571.jpg,2,50_rupees,current_real,current_2_img_1667847391571,train
C:\Users\bhave\OneDrive\Desktop\Sem7\ComputerVision\Project\part2\dataset\archive\data\data\real\50\IMG_1667847395774.jpg,2,50_rupees,current_real,current_2_img_1667847395774,train
C:\Users\bhave\OneDrive\Desktop\Sem7\ComputerVision\Project\part2\dataset\archive\data\data\real\50\IMG_1667847412680.jpg,2,50_rupees,current_real,current_2_img_1667847412680,train
C:\Users\bhave\OneDrive\Desktop\Sem7\ComputerVision\Project\part2\dataset\archive\data\data\real\50\IMG_1667847425318.jpg,2,50_rupees,current_real,current_2_img_1667847425318,train
C:\Users\bhave\OneDrive\Desktop\Sem7\ComputerVision\Project\part2\dataset\archive\data\data\real\50\IMG_1667847441210.jpg,2,50_rupees,current_real,current_2_img_1667847441210,train
C:\Users\bhave\OneDrive\Desktop\Sem7\ComputerVision\Project\part2\dataset\archive\data\data\real\50\IMG_1667847445013.jpg,2,50_rupees,current_real,current_2_img_1667847445013,train
C:\Users\bhave\OneDrive\Desktop\Sem7\ComputerVision\Project\part2\dataset\archive\data\data\real\50\IMG_1667847447757.jpg,2,50_rupees,current_real,current_2_img_1667847447757,train
C:\Users\bhave\OneDrive\Desktop\Sem7\ComputerVision\Project\part2\dataset\archive\data\data\real\50\IMG_1667847451017.jpg,2,50_rupees,current_real,current_2_img_1667847451017,train
C:\Users\bhave\OneDrive\Desktop\Sem7\ComputerVision\Project\part2\dataset\archive\data\data\real\50\IMG_1667847455337.jpg,2,50_rupees,current_real,current_2_img_1667847455337,train
C:\Users\bhave\OneDrive\Desktop\Sem7\ComputerVision\Project\part2\dataset\archive\data\data\real\50\IMG_1667847459689.jpg,2,50_rupees,current_real,current_2_img_1667847459689,train
C:\Users\bhave\OneDrive\Desktop\Sem7\ComputerVision\Project\part2\dataset\archive\data\data\real\50\IMG_1667847465257.jpg,2,50_rupees,current_real,current_2_img_1667847465257,train
C:\Users\bhave\OneDrive\Desktop\Sem7\ComputerVision\Project\part2\dataset\archive\data\data\real\50\IMG_1667847469722.jpg,2,50_rupees,current_real,current_2_img_1667847469722,train
C:\Users\bhave\OneDrive\Desktop\Sem7\ComputerVision\Project\part2\dataset\archive\data\data\real\50\IMG_1667847495864.jpg,2,50_rupees,current_real,current_2_img_1667847495864,train
C:\Users\bhave\OneDrive\Desktop\Sem7\ComputerVision\Project\part2\dataset\archive\data\data\real\50\IMG_1667847505161.jpg,2,50_rupees,current_real,current_2_img_1667847505161,train
C:\Users\bhave\OneDrive\Desktop\Sem7\ComputerVision\Project\part2\dataset\archive\data\data\real\50\IMG_1667847514169.jpg,2,50_rupees,current_real,current_2_img_1667847514169,train
C:\Users\bhave\OneDrive\Desktop\Sem7\ComputerVision\Project\part2\dataset\archive\data\data\real\50\IMG_1667847541865.jpg,2,50_rupees,current_real,current_2_img_1667847541865,train
C:\Users\bhave\OneDrive\Desktop\Sem7\ComputerVision\Project\part2\dataset\archive\data\data\real\50\IMG_1667847557061.jpg,2,50_rupees,current_real,current_2_img_1667847557061,train
C:\Users\bhave\OneDrive\Desktop\Sem7\ComputerVision\Project\part2\dataset\archive\data\data\real\50\IMG_1667847568012.jpg,2,50_rupees,current_real,current_2_img_1667847568012,train
C:\Users\bhave\OneDrive\Desktop\Sem7\ComputerVision\Project\part2\dataset\archive\data\data\real\50\IMG_1667847571819.jpg,2,50_rupees,current_real,current_2_img_1667847571819,train
C:\Users\bhave\OneDrive\Desktop\Sem7\ComputerVision\Project\part2\dataset\archive\data\data\real\50\IMG_1667847591231.jpg,2,50_rupees,current_real,current_2_img_1667847591231,train
C:\Users\bhave\OneDrive\Desktop\Sem7\ComputerVision\Project\part2\dataset\archive\data\data\real\50\IMG_1667847596133.jpg,2,50_rupees,current_real,current_2_img_1667847596133,train
C:\Users\bhave\OneDrive\Desktop\Sem7\ComputerVision\Project\part2\dataset\archive\data\data\real\50\IMG_1667847603349.jpg,2,50_rupees,current_real,current_2_img_1667847603349,train
C:\Users\bhave\OneDrive\Desktop\Sem7\ComputerVision\Project\part2\dataset\archive\data\data\real\50\IMG_1667847626652.jpg,2,50_rupees,current_real,current_2_img_1667847626652,train
C:\Users\bhave\OneDrive\Desktop\Sem7\ComputerVision\Project\part2\dataset\archive\data\data\real\50\IMG_1667847631058.jpg,2,50_rupees,current_real,current_2_img_1667847631058,train
C:\Users\bhave\OneDrive\Desktop\Sem7\ComputerVision\Project\part2\dataset\archive\data\data\real\50\IMG_1667847640319.jpg,2,50_rupees,current_real,current_2_img_1667847640319,train
C:\Users\bhave\OneDrive\Desktop\Sem7\ComputerVision\Project\part2\dataset\archive\data\data\real\50\IMG_1667847673946.jpg,2,50_rupees,current_real,current_2_img_1667847673946,train
C:\Users\bhave\OneDrive\Desktop\Sem7\ComputerVision\Project\part2\dataset\archive\data\data\real\50\IMG_1667847680195.jpg,2,50_rupees,current_real,current_2_img_1667847680195,train
C:\Users\bhave\OneDrive\Desktop\Sem7\ComputerVision\Project\part2\dataset\archive\data\data\real\50\IMG_1667847687842.jpg,2,50_rupees,current_real,current_2_img_1667847687842,train
C:\Users\bhave\OneDrive\Desktop\Sem7\ComputerVision\Project\part2\dataset\archive\data\data\real\50\IMG_1667847704220.jpg,2,50_rupees,current_real,current_2_img_1667847704220,train
C:\Users\bhave\OneDrive\Desktop\Sem7\ComputerVision\Project\part2\dataset\archive\data\data\real\50\IMG_1667847710117.jpg,2,50_rupees,current_real,current_2_img_1667847710117,train
C:\Users\bhave\OneDrive\Desktop\Sem7\ComputerVision\Project\part2\dataset\archive\data\data\real\50\IMG_1667847760583.jpg,2,50_rupees,current_real,current_2_img_1667847760583,train
C:\Users\bhave\OneDrive\Desktop\Sem7\ComputerVision\Project\part2\dataset\archive\data\data\real\50\IMG_1667847764908.jpg,2,50_rupees,current_real,current_2_img_1667847764908,train
C:\Users\bhave\OneDrive\Desktop\Sem7\ComputerVision\Project\part2\dataset\archive\data\data\real\50\IMG_1667847768992.jpg,2,50_rupees,current_real,current_2_img_1667847768992,train
C:\Users\bhave\OneDrive\Desktop\Sem7\ComputerVision\Project\part2\dataset\archive\data\data\real\50\IMG_1667847773608.jpg,2,50_rupees,current_real,current_2_img_1667847773608,train
C:\Users\bhave\OneDrive\Desktop\Sem7\ComputerVision\Project\part2\dataset\archive\data\data\real\50\IMG_1667847783324.jpg,2,50_rupees,current_real,current_2_img_1667847783324,train
C:\Users\bhave\OneDrive\Desktop\Sem7\ComputerVision\Project\part2\dataset\archive\data\data\real\50\IMG_1667847790866.jpg,2,50_rupees,current_real,current_2_img_1667847790866,train
C:\Users\bhave\OneDrive\Desktop\Sem7\ComputerVision\Project\part2\dataset\archive\data\data\real\50\IMG_1667847821755.jpg,2,50_rupees,current_real,current_2_img_1667847821755,train
C:\Users\bhave\OneDrive\Desktop\Sem7\ComputerVision\Project\part2\dataset\archive\data\data\real\50\IMG_1667847831727.jpg,2,50_rupees,current_real,current_2_img_1667847831727,train
C:\Users\bhave\OneDrive\Desktop\Sem7\ComputerVision\Project\part2\dataset\archive\data\data\real\50\IMG_1667847835940.jpg,2,50_rupees,current_real,current_2_img_1667847835940,train
C:\Users\bhave\OneDrive\Desktop\Sem7\ComputerVision\Project\part2\dataset\archive\data\data\real\50\IMG_1667847841644.jpg,2,50_rupees,current_real,current_2_img_1667847841644,train
C:\Users\bhave\OneDrive\Desktop\Sem7\ComputerVision\Project\part2\dataset\archive\data\data\real\50\IMG_1667847850503.jpg,2,50_rupees,current_real,current_2_img_1667847850503,train
C:\Users\bhave\OneDrive\Desktop\Sem7\ComputerVision\Project\part2\dataset\archive\data\data\real\50\IMG_1667847855179.jpg,2,50_rupees,current_real,current_2_img_1667847855179,train
C:\Users\bhave\OneDrive\Desktop\Sem7\ComputerVision\Project\part2\dataset\archive\data\data\real\50\IMG_1667847863641.jpg,2,50_rupees,current_real,current_2_img_1667847863641,train
C:\Users\bhave\OneDrive\Desktop\Sem7\ComputerVision\Project\part2\dataset\archive\data\data\real\50\IMG_1667847869656.jpg,2,50_rupees,current_real,current_2_img_1667847869656,train
C:\Users\bhave\OneDrive\Desktop\Sem7\ComputerVision\Project\part2\dataset\archive\data\data\real\50\IMG_1667847878505.jpg,2,50_rupees,current_real,current_2_img_1667847878505,train
C:\Users\bhave\OneDrive\Desktop\Sem7\ComputerVision\Project\part2\dataset\archive\data\data\real\50\IMG_1667847882834.jpg,2,50_rupees,current_real,current_2_img_1667847882834,train
C:\Users\bhave\OneDrive\Desktop\Sem7\ComputerVision\Project\part2\dataset\archive\data\data\real\50\IMG_1667847916117.jpg,2,50_rupees,current_real,current_2_img_1667847916117,train
C:\Users\bhave\OneDrive\Desktop\Sem7\ComputerVision\Project\part2\dataset\archive\data\data\real\50\IMG_1667847962387.jpg,2,50_rupees,current_real,current_2_img_1667847962387,train
C:\Users\bhave\OneDrive\Desktop\Sem7\ComputerVision\Project\part2\dataset\archive\data\data\real\50\IMG_1667847966716.jpg,2,50_rupees,current_real,current_2_img_1667847966716,train
C:\Users\bhave\OneDrive\Desktop\Sem7\ComputerVision\Project\part2\dataset\archive\data\data\real\50\IMG_1667847978929.jpg,2,50_rupees,current_real,current_2_img_1667847978929,train
C:\Users\bhave\OneDrive\Desktop\Sem7\ComputerVision\Project\part2\dataset\archive\data\data\real\50\IMG_1667847986223.jpg,2,50_rupees,current_real,current_2_img_1667847986223,train
C:\Users\bhave\OneDrive\Desktop\Sem7\ComputerVision\Project\part2\dataset\archive\data\data\real\50\IMG_1667847989743.jpg,2,50_rupees,current_real,current_2_img_1667847989743,train
C:\Users\bhave\OneDrive\Desktop\Sem7\ComputerVision\Project\part2\dataset\archive\data\data\real\50\IMG_1667848000698.jpg,2,50_rupees,current_real,current_2_img_1667848000698,train
C:\Users\bhave\OneDrive\Desktop\Sem7\ComputerVision\Project\part2\dataset\archive\data\data\real\50\IMG_1667848011639.jpg,2,50_rupees,current_real,current_2_img_1667848011639,train
C:\Users\bhave\OneDrive\Desktop\Sem7\ComputerVision\Project\part2\dataset\archive\data\data\real\50\IMG_1667848015195.jpg,2,50_rupees,current_real,current_2_img_1667848015195,train
C:\Users\bhave\OneDrive\Desktop\Sem7\ComputerVision\Project\part2\dataset\archive\data\data\real\50\IMG_1667848109756.jpg,2,50_rupees,current_real,current_2_img_1667848109756,train
C:\Users\bhave\OneDrive\Desktop\Sem7\ComputerVision\Project\part2\dataset\archive\data\data\real\50\IMG_1667848115657.jpg,2,50_rupees,current_real,current_2_img_1667848115657,train
C:\Users\bhave\OneDrive\Desktop\Sem7\ComputerVision\Project\part2\dataset\archive\data\data\real\50\IMG_1667848119140.jpg,2,50_rupees,current_real,current_2_img_1667848119140,train
C:\Users\bhave\OneDrive\Desktop\Sem7\ComputerVision\Project\part2\dataset\archive\data\data\real\50\IMG_1667848123460.jpg,2,50_rupees,current_real,current_2_img_1667848123460,train
C:\Users\bhave\OneDrive\Desktop\Sem7\ComputerVision\Project\part2\dataset\archive\data\data\real\50\IMG_1667848128546.jpg,2,50_rupees,current_real,current_2_img_1667848128546,train
C:\Users\bhave\OneDrive\Desktop\Sem7\ComputerVision\Project\part2\dataset\archive\data\data\real\50\IMG_1667848149526.jpg,2,50_rupees,current_real,current_2_img_1667848149526,train
C:\Users\bhave\OneDrive\Desktop\Sem7\ComputerVision\Project\part2\dataset\archive\data\data\real\50\IMG_1667848174265.jpg,2,50_rupees,current_real,current_2_img_1667848174265,train
C:\Users\bhave\OneDrive\Desktop\Sem7\ComputerVision\Project\part2\dataset\archive\data\data\real\50\IMG_1667848194951.jpg,2,50_rupees,current_real,current_2_img_1667848194951,train
C:\Users\bhave\OneDrive\Desktop\Sem7\ComputerVision\Project\part2\dataset\archive\data\data\real\50\IMG_1667848228497.jpg,2,50_rupees,current_real,current_2_img_1667848228497,train
C:\Users\bhave\OneDrive\Desktop\Sem7\ComputerVision\Project\part2\dataset\archive\data\data\real\50\IMG_1667848304536.jpg,2,50_rupees,current_real,current_2_img_1667848304536,train
C:\Users\bhave\OneDrive\Desktop\Sem7\ComputerVision\Project\part2\dataset\archive\data\data\real\50\IMG_1667848309752.jpg,2,50_rupees,current_real,current_2_img_1667848309752,train
C:\Users\bhave\OneDrive\Desktop\Sem7\ComputerVision\Project\part2\dataset\archive\data\data\real\50\IMG_1667848314440.jpg,2,50_rupees,current_real,current_2_img_1667848314440,train
C:\Users\bhave\OneDrive\Desktop\Sem7\ComputerVision\Project\part2\dataset\archive\data\data\real\50\IMG_1667848319540.jpg,2,50_rupees,current_real,current_2_img_1667848319540,train
C:\Users\bhave\OneDrive\Desktop\Sem7\ComputerVision\Project\part2\dataset\archive\data\data\real\50\IMG_1667848327431.jpg,2,50_rupees,current_real,current_2_img_1667848327431,train
C:\Users\bhave\OneDrive\Desktop\Sem7\ComputerVision\Project\part2\dataset\archive\data\data\real\50\IMG_1667848362077.jpg,2,50_rupees,current_real,current_2_img_1667848362077,train
C:\Users\bhave\OneDrive\Desktop\Sem7\ComputerVision\Project\part2\dataset\archive\data\data\real\50\IMG_1667848434253.jpg,2,50_rupees,current_real,current_2_img_1667848434253,train
C:\Users\bhave\OneDrive\Desktop\Sem7\ComputerVision\Project\part2\dataset\archive\data\data\real\50\IMG_1667848452119.jpg,2,50_rupees,current_real,current_2_img_1667848452119,train
C:\Users\bhave\OneDrive\Desktop\Sem7\ComputerVision\Project\part2\dataset\archive\data\data\real\50\IMG_1667848456383.jpg,2,50_rupees,current_real,current_2_img_1667848456383,train
C:\Users\bhave\OneDrive\Desktop\Sem7\ComputerVision\Project\part2\dataset\archive\data\data\real\50\IMG_1667851877630.jpg,2,50_rupees,current_real,current_2_img_1667851877630,train
C:\Users\bhave\OneDrive\Desktop\Sem7\ComputerVision\Project\part2\dataset\archive\data\data\real\50\IMG_1667851881730.jpg,2,50_rupees,current_real,current_2_img_1667851881730,train
C:\Users\bhave\OneDrive\Desktop\Sem7\ComputerVision\Project\part2\dataset\archive\data\data\real\50\IMG_1667851889246.jpg,2,50_rupees,current_real,current_2_img_1667851889246,train
C:\Users\bhave\OneDrive\Desktop\Sem7\ComputerVision\Project\part2\dataset\archive\data\data\real\50\IMG_1667851893615.jpg,2,50_rupees,current_real,current_2_img_1667851893615,train
C:\Users\bhave\OneDrive\Desktop\Sem7\ComputerVision\Project\part2\dataset\archive\data\data\real\50\IMG_1667851897956.jpg,2,50_rupees,current_real,current_2_img_1667851897956,train
C:\Users\bhave\OneDrive\Desktop\Sem7\ComputerVision\Project\part2\dataset\archive\data\data\real\50\IMG_1667851907663.jpg,2,50_rupees,current_real,current_2_img_1667851907663,train
C:\Users\bhave\OneDrive\Desktop\Sem7\ComputerVision\Project\part2\dataset\archive\data\data\real\50\IMG_1667851912493.jpg,2,50_rupees,current_real,current_2_img_1667851912493,train
C:\Users\bhave\OneDrive\Desktop\Sem7\ComputerVision\Project\part2\dataset\archive\data\data\real\50\IMG_1667851964173.jpg,2,50_rupees,current_real,current_2_img_1667851964173,train
C:\Users\bhave\OneDrive\Desktop\Sem7\ComputerVision\Project\part2\dataset\archive\data\data\real\50\IMG_1667851968221.jpg,2,50_rupees,current_real,current_2_img_1667851968221,train
C:\Users\bhave\OneDrive\Desktop\Sem7\ComputerVision\Project\part2\dataset\archive\data\data\real\50\IMG_1667851971707.jpg,2,50_rupees,current_real,current_2_img_1667851971707,train
C:\Users\bhave\OneDrive\Desktop\Sem7\ComputerVision\Project\part2\dataset\archive\data\data\real\50\IMG_1667851981351.jpg,2,50_rupees,current_real,current_2_img_1667851981351,train
C:\Users\bhave\OneDrive\Desktop\Sem7\ComputerVision\Project\part2\dataset\archive\data\data\real\50\IMG_1667851987536.jpg,2,50_rupees,current_real,current_2_img_1667851987536,train
C:\Users\bhave\OneDrive\Desktop\Sem7\ComputerVision\Project\part2\dataset\archive\data\data\real\50\IMG_1667851992305.jpg,2,50_rupees,current_real,current_2_img_1667851992305,train
C:\Users\bhave\OneDrive\Desktop\Sem7\ComputerVision\Project\part2\dataset\archive\data\data\real\50\IMG_1667852000680.jpg,2,50_rupees,current_real,current_2_img_1667852000680,train
C:\Users\bhave\OneDrive\Desktop\Sem7\ComputerVision\Project\part2\dataset\archive\data\data\real\50\IMG_1667852003727.jpg,2,50_rupees,current_real,current_2_img_1667852003727,train
C:\Users\bhave\OneDrive\Desktop\Sem7\ComputerVision\Project\part2\dataset\archive\data\data\real\50\IMG_1667852015959.jpg,2,50_rupees,current_real,current_2_img_1667852015959,train
C:\Users\bhave\OneDrive\Desktop\Sem7\ComputerVision\Project\part2\dataset\archive\data\data\real\50\IMG_1667852023512.jpg,2,50_rupees,current_real,current_2_img_1667852023512,train
C:\Users\bhave\OneDrive\Desktop\Sem7\ComputerVision\Project\part2\dataset\archive\data\data\real\50\IMG_1667852035579.jpg,2,50_rupees,current_real,current_2_img_1667852035579,train
C:\Users\bhave\OneDrive\Desktop\Sem7\ComputerVision\Project\part2\dataset\archive\data\data\real\50\IMG_1667852051766.jpg,2,50_rupees,current_real,current_2_img_1667852051766,train
C:\Users\bhave\OneDrive\Desktop\Sem7\ComputerVision\Project\part2\dataset\archive\data\data\real\50\IMG_1667852064221.jpg,2,50_rupees,current_real,current_2_img_1667852064221,train
C:\Users\bhave\OneDrive\Desktop\Sem7\ComputerVision\Project\part2\dataset\archive\data\data\real\50\IMG_1667852071391.jpg,2,50_rupees,current_real,current_2_img_1667852071391,train
C:\Users\bhave\OneDrive\Desktop\Sem7\ComputerVision\Project\part2\dataset\archive\data\data\real\50\IMG_1667852076398.jpg,2,50_rupees,current_real,current_2_img_1667852076398,train
C:\Users\bhave\OneDrive\Desktop\Sem7\ComputerVision\Project\part2\dataset\archive\data\data\real\50\IMG_1667852083427.jpg,2,50_rupees,current_real,current_2_img_1667852083427,train
C:\Users\bhave\OneDrive\Desktop\Sem7\ComputerVision\Project\part2\dataset\archive\data\data\real\50\IMG_1667852099705.jpg,2,50_rupees,current_real,current_2_img_1667852099705,train
C:\Users\bhave\OneDrive\Desktop\Sem7\ComputerVision\Project\part2\dataset\archive\data\data\real\50\IMG_1667852103613.jpg,2,50_rupees,current_real,current_2_img_1667852103613,train
C:\Users\bhave\OneDrive\Desktop\Sem7\ComputerVision\Project\part2\dataset\archive\data\data\real\50\IMG_1667852109070.jpg,2,50_rupees,current_real,current_2_img_1667852109070,train
C:\Users\bhave\OneDrive\Desktop\Sem7\ComputerVision\Project\part2\dataset\archive\data\data\real\50\IMG_1667852139373.jpg,2,50_rupees,current_real,current_2_img_1667852139373,train
C:\Users\bhave\OneDrive\Desktop\Sem7\ComputerVision\Project\part2\dataset\archive\data\data\real\50\IMG_1667852151253.jpg,2,50_rupees,current_real,current_2_img_1667852151253,train
C:\Users\bhave\OneDrive\Desktop\Sem7\ComputerVision\Project\part2\dataset\archive\data\data\real\50\IMG_1667852156729.jpg,2,50_rupees,current_real,current_2_img_1667852156729,train
C:\Users\bhave\OneDrive\Desktop\Sem7\ComputerVision\Project\part2\dataset\archive\data\data\real\50\IMG_1667852164325.jpg,2,50_rupees,current_real,current_2_img_1667852164325,train
C:\Users\bhave\OneDrive\Desktop\Sem7\ComputerVision\Project\part2\dataset\archive\data\data\real\50\IMG_1667852196760.jpg,2,50_rupees,current_real,current_2_img_1667852196760,train
C:\Users\bhave\OneDrive\Desktop\Sem7\ComputerVision\Project\part2\dataset\archive\data\data\real\50\IMG_1667852206326.jpg,2,50_rupees,current_real,current_2_img_1667852206326,train
C:\Users\bhave\OneDrive\Desktop\Sem7\ComputerVision\Project\part2\dataset\archive\data\data\real\50\IMG_1667852210450.jpg,2,50_rupees,current_real,current_2_img_1667852210450,train
C:\Users\bhave\OneDrive\Desktop\Sem7\ComputerVision\Project\part2\dataset\archive\data\data\real\50\IMG_1667852215303.jpg,2,50_rupees,current_real,current_2_img_1667852215303,train
C:\Users\bhave\OneDrive\Desktop\Sem7\ComputerVision\Project\part2\dataset\archive\data\data\real\50\IMG_1667852224948.jpg,2,50_rupees,current_real,current_2_img_1667852224948,train
C:\Users\bhave\OneDrive\Desktop\Sem7\ComputerVision\Project\part2\dataset\archive\data\data\real\50\IMG_1667852290529.jpg,2,50_rupees,current_real,current_2_img_1667852290529,train
C:\Users\bhave\OneDrive\Desktop\Sem7\ComputerVision\Project\part2\dataset\archive\data\data\real\50\IMG_1667852297132.jpg,2,50_rupees,current_real,current_2_img_1667852297132,train
C:\Users\bhave\OneDrive\Desktop\Sem7\ComputerVision\Project\part2\dataset\archive\data\data\real\50\IMG_1667852320863.jpg,2,50_rupees,current_real,current_2_img_1667852320863,train
C:\Users\bhave\OneDrive\Desktop\Sem7\ComputerVision\Project\part2\dataset\archive\data\data\real\50\IMG_1667852331726.jpg,2,50_rupees,current_real,current_2_img_1667852331726,train
C:\Users\bhave\OneDrive\Desktop\Sem7\ComputerVision\Project\part2\dataset\archive\data\data\real\50\IMG_1667852338001.jpg,2,50_rupees,current_real,current_2_img_1667852338001,train
C:\Users\bhave\OneDrive\Desktop\Sem7\ComputerVision\Project\part2\dataset\archive\data\data\real\50\IMG_1667852343648.jpg,2,50_rupees,current_real,current_2_img_1667852343648,train
C:\Users\bhave\OneDrive\Desktop\Sem7\ComputerVision\Project\part2\dataset\archive\data\data\real\50\IMG_1667852361171.jpg,2,50_rupees,current_real,current_2_img_1667852361171,train
C:\Users\bhave\OneDrive\Desktop\Sem7\ComputerVision\Project\part2\dataset\archive\data\data\real\50\IMG_1667852373931.jpg,2,50_rupees,current_real,current_2_img_1667852373931,train
C:\Users\bhave\OneDrive\Desktop\Sem7\ComputerVision\Project\part2\dataset\archive\data\data\real\50\IMG_1667852380118.jpg,2,50_rupees,current_real,current_2_img_1667852380118,train
C:\Users\bhave\OneDrive\Desktop\Sem7\ComputerVision\Project\part2\dataset\archive\data\data\real\50\IMG_1667852390253.jpg,2,50_rupees,current_real,current_2_img_1667852390253,train
C:\Users\bhave\OneDrive\Desktop\Sem7\ComputerVision\Project\part2\dataset\archive\data\data\real\50\IMG_1667852408361.jpg,2,50_rupees,current_real,current_2_img_1667852408361,train
C:\Users\bhave\OneDrive\Desktop\Sem7\ComputerVision\Project\part2\dataset\archive\data\data\real\50\IMG_1667852490102.jpg,2,50_rupees,current_real,current_2_img_1667852490102,train
C:\Users\bhave\OneDrive\Desktop\Sem7\ComputerVision\Project\part2\dataset\archive\data\data\real\50\IMG_1667852497948.jpg,2,50_rupees,current_real,current_2_img_1667852497948,train
C:\Users\bhave\OneDrive\Desktop\Sem7\ComputerVision\Project\part2\dataset\archive\data\data\real\50\IMG_1667886453640.jpg,2,50_rupees,current_real,current_2_img_1667886453640,train
C:\Users\bhave\OneDrive\Desktop\Sem7\ComputerVision\Project\part2\dataset\archive\data\data\real\50\IMG_1667886456014.jpg,2,50_rupees,current_real,current_2_img_1667886456014,train
C:\Users\bhave\OneDrive\Desktop\Sem7\ComputerVision\Project\part2\dataset\archive\data\data\real\50\IMG_1667886467867.jpg,2,50_rupees,current_real,current_2_img_1667886467867,train
C:\Users\bhave\OneDrive\Desktop\Sem7\ComputerVision\Project\part2\dataset\archive\data\data\real\50\IMG_1667886479040.jpg,2,50_rupees,current_real,current_2_img_1667886479040,train
C:\Users\bhave\OneDrive\Desktop\Sem7\ComputerVision\Project\part2\dataset\archive\data\data\real\50\IMG_1667886487712.jpg,2,50_rupees,current_real,current_2_img_1667886487712,train
C:\Users\bhave\OneDrive\Desktop\Sem7\ComputerVision\Project\part2\dataset\archive\data\data\real\50\IMG_1667886510892.jpg,2,50_rupees,current_real,current_2_img_1667886510892,train
C:\Users\bhave\OneDrive\Desktop\Sem7\ComputerVision\Project\part2\dataset\archive\data\data\real\50\IMG_1667886534060.jpg,2,50_rupees,current_real,current_2_img_1667886534060,train
C:\Users\bhave\OneDrive\Desktop\Sem7\ComputerVision\Project\part2\dataset\archive\data\data\real\50\IMG_1667886538929.jpg,2,50_rupees,current_real,current_2_img_1667886538929,train
C:\Users\bhave\OneDrive\Desktop\Sem7\ComputerVision\Project\part2\dataset\archive\data\data\real\50\IMG_1667886542675.jpg,2,50_rupees,current_real,current_2_img_1667886542675,train
C:\Users\bhave\OneDrive\Desktop\Sem7\ComputerVision\Project\part2\dataset\archive\data\data\real\50\IMG_1667886546389.jpg,2,50_rupees,current_real,current_2_img_1667886546389,train
C:\Users\bhave\OneDrive\Desktop\Sem7\ComputerVision\Project\part2\dataset\archive\data\data\real\50\IMG_1667886555474.jpg,2,50_rupees,current_real,current_2_img_1667886555474,train
C:\Users\bhave\OneDrive\Desktop\Sem7\ComputerVision\Project\part2\dataset\archive\data\data\real\50\IMG_1667886559257.jpg,2,50_rupees,current_real,current_2_img_1667886559257,train
C:\Users\bhave\OneDrive\Desktop\Sem7\ComputerVision\Project\part2\dataset\archive\data\data\real\50\IMG_1667886569517.jpg,2,50_rupees,current_real,current_2_img_1667886569517,train
C:\Users\bhave\OneDrive\Desktop\Sem7\ComputerVision\Project\part2\dataset\archive\data\data\real\50\IMG_1667886579168.jpg,2,50_rupees,current_real,current_2_img_1667886579168,train
C:\Users\bhave\OneDrive\Desktop\Sem7\ComputerVision\Project\part2\dataset\archive\data\data\real\50\IMG_1667886605066.jpg,2,50_rupees,current_real,current_2_img_1667886605066,train
C:\Users\bhave\OneDrive\Desktop\Sem7\ComputerVision\Project\part2\dataset\archive\data\data\real\50\IMG_1667886613961.jpg,2,50_rupees,current_real,current_2_img_1667886613961,train
C:\Users\bhave\OneDrive\Desktop\Sem7\ComputerVision\Project\part2\dataset\archive\data\data\real\50\IMG_1667886623863.jpg,2,50_rupees,current_real,current_2_img_1667886623863,train
C:\Users\bhave\OneDrive\Desktop\Sem7\ComputerVision\Project\part2\dataset\archive\data\data\real\50\IMG_1667886650085.jpg,2,50_rupees,current_real,current_2_img_1667886650085,train
C:\Users\bhave\OneDrive\Desktop\Sem7\ComputerVision\Project\part2\dataset\archive\data\data\real\50\IMG_1667886654966.jpg,2,50_rupees,current_real,current_2_img_1667886654966,train
C:\Users\bhave\OneDrive\Desktop\Sem7\ComputerVision\Project\part2\dataset\archive\data\data\real\50\IMG_1667886664705.jpg,2,50_rupees,current_real,current_2_img_1667886664705,train
C:\Users\bhave\OneDrive\Desktop\Sem7\ComputerVision\Project\part2\dataset\archive\data\data\real\50\IMG_1667886686887.jpg,2,50_rupees,current_real,current_2_img_1667886686887,train
C:\Users\bhave\OneDrive\Desktop\Sem7\ComputerVision\Project\part2\dataset\archive\data\data\real\50\IMG_1667886704463.jpg,2,50_rupees,current_real,current_2_img_1667886704463,train
C:\Users\bhave\OneDrive\Desktop\Sem7\ComputerVision\Project\part2\dataset\archive\data\data\real\50\IMG_1667886713200.jpg,2,50_rupees,current_real,current_2_img_1667886713200,train
C:\Users\bhave\OneDrive\Desktop\Sem7\ComputerVision\Project\part2\dataset\archive\data\data\real\50\IMG_1667886736242.jpg,2,50_rupees,current_real,current_2_img_1667886736242,train
C:\Users\bhave\OneDrive\Desktop\Sem7\ComputerVision\Project\part2\dataset\archive\data\data\real\50\IMG_1667886740893.jpg,2,50_rupees,current_real,current_2_img_1667886740893,train
C:\Users\bhave\OneDrive\Desktop\Sem7\ComputerVision\Project\part2\dataset\archive\data\data\real\50\IMG_1667886748248.jpg,2,50_rupees,current_real,current_2_img_1667886748248,train
C:\Users\bhave\OneDrive\Desktop\Sem7\ComputerVision\Project\part2\dataset\archive\data\data\real\50\IMG_1667886752697.jpg,2,50_rupees,current_real,current_2_img_1667886752697,train
C:\Users\bhave\OneDrive\Desktop\Sem7\ComputerVision\Project\part2\dataset\archive\data\data\real\50\IMG_1667886756900.jpg,2,50_rupees,current_real,current_2_img_1667886756900,train
C:\Users\bhave\OneDrive\Desktop\Sem7\ComputerVision\Project\part2\dataset\archive\data\data\real\50\IMG_1667886762950.jpg,2,50_rupees,current_real,current_2_img_1667886762950,train
C:\Users\bhave\OneDrive\Desktop\Sem7\ComputerVision\Project\part2\dataset\archive\data\data\real\50\IMG_1667886766922.jpg,2,50_rupees,current_real,current_2_img_1667886766922,train
C:\Users\bhave\OneDrive\Desktop\Sem7\ComputerVision\Project\part2\dataset\archive\data\data\real\50\IMG_1667886775136.jpg,2,50_rupees,current_real,current_2_img_1667886775136,train
C:\Users\bhave\OneDrive\Desktop\Sem7\ComputerVision\Project\part2\dataset\archive\data\data\real\50\IMG_1667886779188.jpg,2,50_rupees,current_real,current_2_img_1667886779188,train
C:\Users\bhave\OneDrive\Desktop\Sem7\ComputerVision\Project\part2\dataset\archive\data\data\real\50\IMG_1667886786550.jpg,2,50_rupees,current_real,current_2_img_1667886786550,train
C:\Users\bhave\OneDrive\Desktop\Sem7\ComputerVision\Project\part2\dataset\archive\data\data\real\50\IMG_1667886792427.jpg,2,50_rupees,current_real,current_2_img_1667886792427,train
C:\Users\bhave\OneDrive\Desktop\Sem7\ComputerVision\Project\part2\dataset\archive\data\data\real\50\IMG_1667886796966.jpg,2,50_rupees,current_real,current_2_img_1667886796966,train
C:\Users\bhave\OneDrive\Desktop\Sem7\ComputerVision\Project\part2\dataset\archive\data\data\real\50\IMG_1667886801234.jpg,2,50_rupees,current_real,current_2_img_1667886801234,train
C:\Users\bhave\OneDrive\Desktop\Sem7\ComputerVision\Project\part2\dataset\archive\data\data\real\50\IMG_1667886814301.jpg,2,50_rupees,current_real,current_2_img_1667886814301,train
C:\Users\bhave\OneDrive\Desktop\Sem7\ComputerVision\Project\part2\dataset\archive\data\data\real\50\IMG_1667886818303.jpg,2,50_rupees,current_real,current_2_img_1667886818303,train
C:\Users\bhave\OneDrive\Desktop\Sem7\ComputerVision\Project\part2\dataset\archive\data\data\real\50\IMG_1667886826420.jpg,2,50_rupees,current_real,current_2_img_1667886826420,train
C:\Users\bhave\OneDrive\Desktop\Sem7\ComputerVision\Project\part2\dataset\archive\data\data\real\50\IMG_1667886830331.jpg,2,50_rupees,current_real,current_2_img_1667886830331,train
C:\Users\bhave\OneDrive\Desktop\Sem7\ComputerVision\Project\part2\dataset\archive\data\data\real\50\IMG_1667886837199.jpg,2,50_rupees,current_real,current_2_img_1667886837199,train
C:\Users\bhave\OneDrive\Desktop\Sem7\ComputerVision\Project\part2\dataset\archive\data\data\real\50\IMG_1667886843212.jpg,2,50_rupees,current_real,current_2_img_1667886843212,train
C:\Users\bhave\OneDrive\Desktop\Sem7\ComputerVision\Project\part2\dataset\archive\data\data\real\50\IMG_1667886847599.jpg,2,50_rupees,current_real,current_2_img_1667886847599,train
C:\Users\bhave\OneDrive\Desktop\Sem7\ComputerVision\Project\part2\dataset\archive\data\data\real\50\IMG_1667886857328.jpg,2,50_rupees,current_real,current_2_img_1667886857328,train
C:\Users\bhave\OneDrive\Desktop\Sem7\ComputerVision\Project\part2\dataset\archive\data\data\real\50\IMG_1667886874105.jpg,2,50_rupees,current_real,current_2_img_1667886874105,train
C:\Users\bhave\OneDrive\Desktop\Sem7\ComputerVision\Project\part2\dataset\archive\data\data\real\50\IMG_1667886891350.jpg,2,50_rupees,current_real,current_2_img_1667886891350,train
C:\Users\bhave\OneDrive\Desktop\Sem7\ComputerVision\Project\part2\dataset\archive\data\data\real\50\IMG_1667886894913.jpg,2,50_rupees,current_real,current_2_img_1667886894913,train
C:\Users\bhave\OneDrive\Desktop\Sem7\ComputerVision\Project\part2\dataset\archive\data\data\real\50\IMG_1667886898001.jpg,2,50_rupees,current_real,current_2_img_1667886898001,train
C:\Users\bhave\OneDrive\Desktop\Sem7\ComputerVision\Project\part2\dataset\archive\data\data\real\50\IMG_1667886901496.jpg,2,50_rupees,current_real,current_2_img_1667886901496,train
C:\Users\bhave\OneDrive\Desktop\Sem7\ComputerVision\Project\part2\dataset\archive\data\data\real\50\IMG_1667886904348.jpg,2,50_rupees,current_real,current_2_img_1667886904348,train
C:\Users\bhave\OneDrive\Desktop\Sem7\ComputerVision\Project\part2\dataset\archive\data\data\real\50\IMG_1667886907540.jpg,2,50_rupees,current_real,current_2_img_1667886907540,train
C:\Users\bhave\OneDrive\Desktop\Sem7\ComputerVision\Project\part2\dataset\archive\data\data\real\50\IMG_1667886910335.jpg,2,50_rupees,current_real,current_2_img_1667886910335,train
C:\Users\bhave\OneDrive\Desktop\Sem7\ComputerVision\Project\part2\dataset\archive\data\data\real\50\IMG_1667886913700.jpg,2,50_rupees,current_real,current_2_img_1667886913700,train
C:\Users\bhave\OneDrive\Desktop\Sem7\ComputerVision\Project\part2\dataset\archive\data\data\real\50\IMG_1667886921679.jpg,2,50_rupees,current_real,current_2_img_1667886921679,train
C:\Users\bhave\OneDrive\Desktop\Sem7\ComputerVision\Project\part2\dataset\archive\data\data\real\50\IMG_1667886924428.jpg,2,50_rupees,current_real,current_2_img_1667886924428,train
C:\Users\bhave\OneDrive\Desktop\Sem7\ComputerVision\Project\part2\dataset\archive\data\data\real\50\IMG_1667886956488.jpg,2,50_rupees,current_real,current_2_img_1667886956488,train
C:\Users\bhave\OneDrive\Desktop\Sem7\ComputerVision\Project\part2\dataset\archive\data\data\real\50\IMG_1667886963364.jpg,2,50_rupees,current_real,current_2_img_1667886963364,train
C:\Users\bhave\OneDrive\Desktop\Sem7\ComputerVision\Project\part2\dataset\archive\data\data\real\50\IMG_1667886976628.jpg,2,50_rupees,current_real,current_2_img_1667886976628,train
C:\Users\bhave\OneDrive\Desktop\Sem7\ComputerVision\Project\part2\dataset\archive\data\data\real\50\IMG_1667886981811.jpg,2,50_rupees,current_real,current_2_img_1667886981811,train
C:\Users\bhave\OneDrive\Desktop\Sem7\ComputerVision\Project\part2\dataset\archive\data\data\real\50\IMG_1667886992105.jpg,2,50_rupees,current_real,current_2_img_1667886992105,train
C:\Users\bhave\OneDrive\Desktop\Sem7\ComputerVision\Project\part2\dataset\archive\data\data\real\50\IMG_1667887020280.jpg,2,50_rupees,current_real,current_2_img_1667887020280,train
C:\Users\bhave\OneDrive\Desktop\Sem7\ComputerVision\Project\part2\dataset\archive\data\data\real\50\IMG_1667887027913.jpg,2,50_rupees,current_real,current_2_img_1667887027913,train
C:\Users\bhave\OneDrive\Desktop\Sem7\ComputerVision\Project\part2\dataset\archive\data\data\real\50\IMG_1667887032727.jpg,2,50_rupees,current_real,current_2_img_1667887032727,train
C:\Users\bhave\OneDrive\Desktop\Sem7\ComputerVision\Project\part2\dataset\archive\data\data\real\50\IMG_1667887040497.jpg,2,50_rupees,current_real,current_2_img_1667887040497,train
C:\Users\bhave\OneDrive\Desktop\Sem7\ComputerVision\Project\part2\dataset\archive\data\data\real\50\IMG_1667887046073.jpg,2,50_rupees,current_real,current_2_img_1667887046073,train
C:\Users\bhave\OneDrive\Desktop\Sem7\ComputerVision\Project\part2\dataset\archive\data\data\real\50\IMG_1667887050093.jpg,2,50_rupees,current_real,current_2_img_1667887050093,train
C:\Users\bhave\OneDrive\Desktop\Sem7\ComputerVision\Project\part2\dataset\archive\data\data\real\50\IMG_1667887054227.jpg,2,50_rupees,current_real,current_2_img_1667887054227,train
C:\Users\bhave\OneDrive\Desktop\Sem7\ComputerVision\Project\part2\dataset\archive\data\data\real\50\IMG_1667887058595.jpg,2,50_rupees,current_real,current_2_img_1667887058595,train
C:\Users\bhave\OneDrive\Desktop\Sem7\ComputerVision\Project\part2\dataset\archive\data\data\real\50\IMG_1667887082496.jpg,2,50_rupees,current_real,current_2_img_1667887082496,train
C:\Users\bhave\OneDrive\Desktop\Sem7\ComputerVision\Project\part2\dataset\archive\data\data\real\50\IMG_1667887086919.jpg,2,50_rupees,current_real,current_2_img_1667887086919,train
C:\Users\bhave\OneDrive\Desktop\Sem7\ComputerVision\Project\part2\dataset\archive\data\data\real\50\IMG_1667887094865.jpg,2,50_rupees,current_real,current_2_img_1667887094865,train
C:\Users\bhave\OneDrive\Desktop\Sem7\ComputerVision\Project\part2\dataset\archive\data\data\real\50\IMG_1667887116227.jpg,2,50_rupees,current_real,current_2_img_1667887116227,train
C:\Users\bhave\OneDrive\Desktop\Sem7\ComputerVision\Project\part2\dataset\archive\data\data\real\50\IMG_1667887120223.jpg,2,50_rupees,current_real,current_2_img_1667887120223,train
C:\Users\bhave\OneDrive\Desktop\Sem7\ComputerVision\Project\part2\dataset\archive\data\data\real\50\IMG_1667887125058.jpg,2,50_rupees,current_real,current_2_img_1667887125058,train
C:\Users\bhave\OneDrive\Desktop\Sem7\ComputerVision\Project\part2\dataset\archive\data\data\real\50\IMG_1667887129078.jpg,2,50_rupees,current_real,current_2_img_1667887129078,train
C:\Users\bhave\OneDrive\Desktop\Sem7\ComputerVision\Project\part2\dataset\archive\data\data\real\50\IMG_1667887132821.jpg,2,50_rupees,current_real,current_2_img_1667887132821,train
C:\Users\bhave\OneDrive\Desktop\Sem7\ComputerVision\Project\part2\dataset\archive\data\data\real\50\IMG_1667887136814.jpg,2,50_rupees,current_real,current_2_img_1667887136814,train
C:\Users\bhave\OneDrive\Desktop\Sem7\ComputerVision\Project\part2\dataset\archive\data\data\real\50\IMG_1667887157390.jpg,2,50_rupees,current_real,current_2_img_1667887157390,train
C:\Users\bhave\OneDrive\Desktop\Sem7\ComputerVision\Project\part2\dataset\archive\data\data\real\50\IMG_1667887161663.jpg,2,50_rupees,current_real,current_2_img_1667887161663,train
C:\Users\bhave\OneDrive\Desktop\Sem7\ComputerVision\Project\part2\dataset\archive\data\data\real\50\IMG_1667887169295.jpg,2,50_rupees,current_real,current_2_img_1667887169295,train
C:\Users\bhave\OneDrive\Desktop\Sem7\ComputerVision\Project\part2\dataset\archive\data\data\real\50\IMG_1667887173128.jpg,2,50_rupees,current_real,current_2_img_1667887173128,train
C:\Users\bhave\OneDrive\Desktop\Sem7\ComputerVision\Project\part2\dataset\archive\data\data\real\50\IMG_1667887185451.jpg,2,50_rupees,current_real,current_2_img_1667887185451,train
C:\Users\bhave\OneDrive\Desktop\Sem7\ComputerVision\Project\part2\dataset\archive\data\data\real\50\IMG_1667887196450.jpg,2,50_rupees,current_real,current_2_img_1667887196450,train
C:\Users\bhave\OneDrive\Desktop\Sem7\ComputerVision\Project\part2\dataset\archive\data\data\real\50\IMG_1667887219316.jpg,2,50_rupees,current_real,current_2_img_1667887219316,train
C:\Users\bhave\OneDrive\Desktop\Sem7\ComputerVision\Project\part2\dataset\archive\data\data\real\50\IMG_1667887223660.jpg,2,50_rupees,current_real,current_2_img_1667887223660,train
C:\Users\bhave\OneDrive\Desktop\Sem7\ComputerVision\Project\part2\dataset\archive\data\data\real\50\IMG_1667887227711.jpg,2,50_rupees,current_real,current_2_img_1667887227711,train
C:\Users\bhave\OneDrive\Desktop\Sem7\ComputerVision\Project\part2\dataset\archive\data\data\real\50\IMG_1667887232077.jpg,2,50_rupees,current_real,current_2_img_1667887232077,train
C:\Users\bhave\OneDrive\Desktop\Sem7\ComputerVision\Project\part2\dataset\archive\data\data\real\50\IMG_1667887236012.jpg,2,50_rupees,current_real,current_2_img_1667887236012,train
C:\Users\bhave\OneDrive\Desktop\Sem7\ComputerVision\Project\part2\dataset\archive\data\data\real\50\IMG_1667887255972.jpg,2,50_rupees,current_real,current_2_img_1667887255972,train
C:\Users\bhave\OneDrive\Desktop\Sem7\ComputerVision\Project\part2\dataset\archive\data\data\real\50\IMG_1667887261147.jpg,2,50_rupees,current_real,current_2_img_1667887261147,train
C:\Users\bhave\OneDrive\Desktop\Sem7\ComputerVision\Project\part2\dataset\archive\data\data\real\50\IMG_1667887277782.jpg,2,50_rupees,current_real,current_2_img_1667887277782,train
C:\Users\bhave\OneDrive\Desktop\Sem7\ComputerVision\Project\part2\dataset\archive\data\data\real\50\IMG_1667887293125.jpg,2,50_rupees,current_real,current_2_img_1667887293125,train
C:\Users\bhave\OneDrive\Desktop\Sem7\ComputerVision\Project\part2\dataset\archive\data\data\real\50\IMG_1667887299017.jpg,2,50_rupees,current_real,current_2_img_1667887299017,train
C:\Users\bhave\OneDrive\Desktop\Sem7\ComputerVision\Project\part2\dataset\archive\data\data\real\50\IMG_1667887303259.jpg,2,50_rupees,current_real,current_2_img_1667887303259,train
C:\Users\bhave\OneDrive\Desktop\Sem7\ComputerVision\Project\part2\dataset\archive\data\data\real\50\IMG_1667887307082.jpg,2,50_rupees,current_real,current_2_img_1667887307082,train
C:\Users\bhave\OneDrive\Desktop\Sem7\ComputerVision\Project\part2\dataset\archive\data\data\real\50\IMG_1667887312014.jpg,2,50_rupees,current_real,current_2_img_1667887312014,train
C:\Users\bhave\OneDrive\Desktop\Sem7\ComputerVision\Project\part2\dataset\archive\data\data\real\50\IMG_1667887317087.jpg,2,50_rupees,current_real,current_2_img_1667887317087,train
C:\Users\bhave\OneDrive\Desktop\Sem7\ComputerVision\Project\part2\dataset\archive\data\data\real\50\IMG_1667887321494.jpg,2,50_rupees,current_real,current_2_img_1667887321494,train
C:\Users\bhave\OneDrive\Desktop\Sem7\ComputerVision\Project\part2\dataset\archive\data\data\real\50\IMG_1667887325600.jpg,2,50_rupees,current_real,current_2_img_1667887325600,train
C:\Users\bhave\OneDrive\Desktop\Sem7\ComputerVision\Project\part2\dataset\archive\data\data\real\50\IMG_1667887337547.jpg,2,50_rupees,current_real,current_2_img_1667887337547,train
C:\Users\bhave\OneDrive\Desktop\Sem7\ComputerVision\Project\part2\dataset\archive\data\data\real\50\IMG_1667887350306.jpg,2,50_rupees,current_real,current_2_img_1667887350306,train
C:\Users\bhave\OneDrive\Desktop\Sem7\ComputerVision\Project\part2\dataset\archive\data\data\real\50\IMG_1667887381236.jpg,2,50_rupees,current_real,current_2_img_1667887381236,train
C:\Users\bhave\OneDrive\Desktop\Sem7\ComputerVision\Project\part2\dataset\archive\data\data\real\50\IMG_1667887386853.jpg,2,50_rupees,current_real,current_2_img_1667887386853,train
C:\Users\bhave\OneDrive\Desktop\Sem7\ComputerVision\Project\part2\dataset\archive\data\data\real\50\IMG_1667887392249.jpg,2,50_rupees,current_real,current_2_img_1667887392249,train
C:\Users\bhave\OneDrive\Desktop\Sem7\ComputerVision\Project\part2\dataset\archive\data\data\real\50\IMG_1667887396425.jpg,2,50_rupees,current_real,current_2_img_1667887396425,train
C:\Users\bhave\OneDrive\Desktop\Sem7\ComputerVision\Project\part2\dataset\archive\data\data\real\50\IMG_1667887408746.jpg,2,50_rupees,current_real,current_2_img_1667887408746,train
C:\Users\bhave\OneDrive\Desktop\Sem7\ComputerVision\Project\part2\dataset\archive\data\data\real\50\IMG_1667887412809.jpg,2,50_rupees,current_real,current_2_img_1667887412809,train
C:\Users\bhave\OneDrive\Desktop\Sem7\ComputerVision\Project\part2\dataset\archive\data\data\real\50\IMG_1667887417521.jpg,2,50_rupees,current_real,current_2_img_1667887417521,train
C:\Users\bhave\OneDrive\Desktop\Sem7\ComputerVision\Project\part2\dataset\archive\data\data\real\50\IMG_1667887434355.jpg,2,50_rupees,current_real,current_2_img_1667887434355,train
C:\Users\bhave\OneDrive\Desktop\Sem7\ComputerVision\Project\part2\dataset\archive\data\data\real\50\IMG_1667887453180.jpg,2,50_rupees,current_real,current_2_img_1667887453180,train
C:\Users\bhave\OneDrive\Desktop\Sem7\ComputerVision\Project\part2\dataset\archive\data\data\real\50\IMG_1667887473379.jpg,2,50_rupees,current_real,current_2_img_1667887473379,train
C:\Users\bhave\OneDrive\Desktop\Sem7\ComputerVision\Project\part2\dataset\archive\data\data\real\50\IMG_1667887478611.jpg,2,50_rupees,current_real,current_2_img_1667887478611,train
C:\Users\bhave\OneDrive\Desktop\Sem7\ComputerVision\Project\part2\dataset\archive\data\data\real\50\IMG_1667887490443.jpg,2,50_rupees,current_real,current_2_img_1667887490443,train
C:\Users\bhave\OneDrive\Desktop\Sem7\ComputerVision\Project\part2\dataset\archive\data\data\real\50\IMG_1667887506307.jpg,2,50_rupees,current_real,current_2_img_1667887506307,train
C:\Users\bhave\OneDrive\Desktop\Sem7\ComputerVision\Project\part2\dataset\archive\data\data\real\50\IMG_1667887510852.jpg,2,50_rupees,current_real,current_2_img_1667887510852,train
C:\Users\bhave\OneDrive\Desktop\Sem7\ComputerVision\Project\part2\dataset\archive\data\data\real\50\IMG_1667887514313.jpg,2,50_rupees,current_real,current_2_img_1667887514313,train
C:\Users\bhave\OneDrive\Desktop\Sem7\ComputerVision\Project\part2\dataset\archive\data\data\real\50\IMG_1667887519186.jpg,2,50_rupees,current_real,current_2_img_1667887519186,train
C:\Users\bhave\OneDrive\Desktop\Sem7\ComputerVision\Project\part2\dataset\archive\data\data\real\50\IMG_1667887524021.jpg,2,50_rupees,current_real,current_2_img_1667887524021,train
C:\Users\bhave\OneDrive\Desktop\Sem7\ComputerVision\Project\part2\dataset\archive\data\data\real\50\IMG_1667887540850.jpg,2,50_rupees,current_real,current_2_img_1667887540850,train
C:\Users\bhave\OneDrive\Desktop\Sem7\ComputerVision\Project\part2\dataset\archive\data\data\real\50\IMG_1667887548079.jpg,2,50_rupees,current_real,current_2_img_1667887548079,train
C:\Users\bhave\OneDrive\Desktop\Sem7\ComputerVision\Project\part2\dataset\archive\data\data\real\50\IMG_1667887562867.jpg,2,50_rupees,current_real,current_2_img_1667887562867,train
C:\Users\bhave\OneDrive\Desktop\Sem7\ComputerVision\Project\part2\dataset\archive\data\data\real\50\IMG_1667887580437.jpg,2,50_rupees,current_real,current_2_img_1667887580437,train
C:\Users\bhave\OneDrive\Desktop\Sem7\ComputerVision\Project\part2\dataset\archive\data\data\real\50\IMG_1667887667715.jpg,2,50_rupees,current_real,current_2_img_1667887667715,train
C:\Users\bhave\OneDrive\Desktop\Sem7\ComputerVision\Project\part2\dataset\archive\data\data\real\50\IMG_1778.jpg,2,50_rupees,current_real,current_2_img_1778,train
C:\Users\bhave\OneDrive\Desktop\Sem7\ComputerVision\Project\part2\dataset\archive\data\data\real\50\IMG_1779.jpg,2,50_rupees,current_real,current_2_img_1779,train
C:\Users\bhave\OneDrive\Desktop\Sem7\ComputerVision\Project\part2\dataset\archive\data\data\real\50\IMG_1784.jpg,2,50_rupees,current_real,current_2_img_1784,train
C:\Users\bhave\OneDrive\Desktop\Sem7\ComputerVision\Project\part2\dataset\archive\data\data\real\50\IMG_1785.jpg,2,50_rupees,current_real,current_2_img_1785,train
C:\Users\bhave\OneDrive\Desktop\Sem7\ComputerVision\Project\part2\dataset\archive\data\data\real\50\IMG_1786.jpg,2,50_rupees,current_real,current_2_img_1786,train
C:\Users\bhave\OneDrive\Desktop\Sem7\ComputerVision\Project\part2\dataset\archive\data\data\real\50\IMG_1788.jpg,2,50_rupees,current_real,current_2_img_1788,train
C:\Users\bhave\OneDrive\Desktop\Sem7\ComputerVision\Project\part2\dataset\archive\data\data\real\50\IMG_1791.jpg,2,50_rupees,current_real,current_2_img_1791,train
C:\Users\bhave\OneDrive\Desktop\Sem7\ComputerVision\Project\part2\dataset\archive\data\data\real\50\IMG_1792.jpg,2,50_rupees,current_real,current_2_img_1792,train
C:\Users\bhave\OneDrive\Desktop\Sem7\ComputerVision\Project\part2\dataset\archive\data\data\real\50\IMG_1794.jpg,2,50_rupees,current_real,current_2_img_1794,train
C:\Users\bhave\OneDrive\Desktop\Sem7\ComputerVision\Project\part2\dataset\archive\data\data\real\50\IMG_1795.jpg,2,50_rupees,current_real,current_2_img_1795,train
C:\Users\bhave\OneDrive\Desktop\Sem7\ComputerVision\Project\part2\dataset\archive\data\data\real\50\IMG_1797.jpg,2,50_rupees,current_real,current_2_img_1797,train
C:\Users\bhave\OneDrive\Desktop\Sem7\ComputerVision\Project\part2\dataset\archive\data\data\real\50\IMG_1801.jpg,2,50_rupees,current_real,current_2_img_1801,train
C:\Users\bhave\OneDrive\Desktop\Sem7\ComputerVision\Project\part2\dataset\archive\data\data\real\50\IMG_1802.jpg,2,50_rupees,current_real,current_2_img_1802,train
C:\Users\bhave\OneDrive\Desktop\Sem7\ComputerVision\Project\part2\dataset\archive\data\data\real\50\IMG_1803.jpg,2,50_rupees,current_real,current_2_img_1803,train
C:\Users\bhave\OneDrive\Desktop\Sem7\ComputerVision\Project\part2\dataset\archive\data\data\real\50\IMG_1804.jpg,2,50_rupees,current_real,current_2_img_1804,train
C:\Users\bhave\OneDrive\Desktop\Sem7\ComputerVision\Project\part2\dataset\archive\data\data\real\50\IMG_1805.jpg,2,50_rupees,current_real,current_2_img_1805,train
C:\Users\bhave\OneDrive\Desktop\Sem7\ComputerVision\Project\part2\dataset\archive\data\data\real\50\IMG_1806.jpg,2,50_rupees,current_real,current_2_img_1806,train
C:\Users\bhave\OneDrive\Desktop\Sem7\ComputerVision\Project\part2\dataset\archive\data\data\real\50\IMG_1807.jpg,2,50_rupees,current_real,current_2_img_1807,train
C:\Users\bhave\OneDrive\Desktop\Sem7\ComputerVision\Project\part2\dataset\archive\data\data\real\50\IMG_1808.jpg,2,50_rupees,current_real,current_2_img_1808,train
C:\Users\bhave\OneDrive\Desktop\Sem7\ComputerVision\Project\part2\dataset\archive\data\data\real\50\IMG_1809.jpg,2,50_rupees,current_real,current_2_img_1809,train
C:\Users\bhave\OneDrive\Desktop\Sem7\ComputerVision\Project\part2\dataset\archive\data\data\real\50\IMG_1810.jpg,2,50_rupees,current_real,current_2_img_1810,train
C:\Users\bhave\OneDrive\Desktop\Sem7\ComputerVision\Project\part2\dataset\archive\data\data\real\50\IMG_1811.jpg,2,50_rupees,current_real,current_2_img_1811,train
C:\Users\bhave\OneDrive\Desktop\Sem7\ComputerVision\Project\part2\dataset\archive\data\data\real\50\IMG_1814.jpg,2,50_rupees,current_real,current_2_img_1814,train
C:\Users\bhave\OneDrive\Desktop\Sem7\ComputerVision\Project\part2\dataset\archive\data\data\real\50\IMG_1815.jpg,2,50_rupees,current_real,current_2_img_1815,train
C:\Users\bhave\OneDrive\Desktop\Sem7\ComputerVision\Project\part2\dataset\archive\data\data\real\50\IMG_1816.jpg,2,50_rupees,current_real,current_2_img_1816,train
C:\Users\bhave\OneDrive\Desktop\Sem7\ComputerVision\Project\part2\dataset\archive\data\data\real\50\IMG_1817.jpg,2,50_rupees,current_real,current_2_img_1817,train
C:\Users\bhave\OneDrive\Desktop\Sem7\ComputerVision\Project\part2\dataset\archive\data\data\real\50\IMG_1818.jpg,2,50_rupees,current_real,current_2_img_1818,train
C:\Users\bhave\OneDrive\Desktop\Sem7\ComputerVision\Project\part2\dataset\archive\data\data\real\50\IMG_1909.jpg,2,50_rupees,current_real,current_2_img_1909,train
C:\Users\bhave\OneDrive\Desktop\Sem7\ComputerVision\Project\part2\dataset\archive\data\data\real\100\0.jpg,3,100_rupees,current_real,current_3_0,train
C:\Users\bhave\OneDrive\Desktop\Sem7\ComputerVision\Project\part2\dataset\archive\data\data\real\100\1.jpg,3,100_rupees,current_real,current_3_1,train
C:\Users\bhave\OneDrive\Desktop\Sem7\ComputerVision\Project\part2\dataset\archive\data\data\real\100\10.jpg,3,100_rupees,current_real,current_3_10,train
C:\Users\bhave\OneDrive\Desktop\Sem7\ComputerVision\Project\part2\dataset\archive\data\data\real\100\100.jpg,3,100_rupees,current_real,current_3_100,train
C:\Users\bhave\OneDrive\Desktop\Sem7\ComputerVision\Project\part2\dataset\archive\data\data\real\100\101.jpg,3,100_rupees,current_real,current_3_101,train
C:\Users\bhave\OneDrive\Desktop\Sem7\ComputerVision\Project\part2\dataset\archive\data\data\real\100\11.jpg,3,100_rupees,current_real,current_3_11,train
C:\Users\bhave\OneDrive\Desktop\Sem7\ComputerVision\Project\part2\dataset\archive\data\data\real\100\14.jpg,3,100_rupees,current_real,current_3_14,train
C:\Users\bhave\OneDrive\Desktop\Sem7\ComputerVision\Project\part2\dataset\archive\data\data\real\100\17.jpg,3,100_rupees,current_real,current_3_17,train
C:\Users\bhave\OneDrive\Desktop\Sem7\ComputerVision\Project\part2\dataset\archive\data\data\real\100\18.jpg,3,100_rupees,current_real,current_3_18,train
C:\Users\bhave\OneDrive\Desktop\Sem7\ComputerVision\Project\part2\dataset\archive\data\data\real\100\25.jpg,3,100_rupees,current_real,current_3_25,train
C:\Users\bhave\OneDrive\Desktop\Sem7\ComputerVision\Project\part2\dataset\archive\data\data\real\100\26.jpg,3,100_rupees,current_real,current_3_26,train
C:\Users\bhave\OneDrive\Desktop\Sem7\ComputerVision\Project\part2\dataset\archive\data\data\real\100\27.jpg,3,100_rupees,current_real,current_3_27,train
C:\Users\bhave\OneDrive\Desktop\Sem7\ComputerVision\Project\part2\dataset\archive\data\data\real\100\28.jpg,3,100_rupees,current_real,current_3_28,train
C:\Users\bhave\OneDrive\Desktop\Sem7\ComputerVision\Project\part2\dataset\archive\data\data\real\100\29.jpg,3,100_rupees,current_real,current_3_29,train
C:\Users\bhave\OneDrive\Desktop\Sem7\ComputerVision\Project\part2\dataset\archive\data\data\real\100\3.jpg,3,100_rupees,current_real,current_3_3,train
C:\Users\bhave\OneDrive\Desktop\Sem7\ComputerVision\Project\part2\dataset\archive\data\data\real\100\31.jpg,3,100_rupees,current_real,current_3_31,train
C:\Users\bhave\OneDrive\Desktop\Sem7\ComputerVision\Project\part2\dataset\archive\data\data\real\100\33.jpg,3,100_rupees,current_real,current_3_33,train
C:\Users\bhave\OneDrive\Desktop\Sem7\ComputerVision\Project\part2\dataset\archive\data\data\real\100\34.jpg,3,100_rupees,current_real,current_3_34,train
C:\Users\bhave\OneDrive\Desktop\Sem7\ComputerVision\Project\part2\dataset\archive\data\data\real\100\35.jpg,3,100_rupees,current_real,current_3_35,train
C:\Users\bhave\OneDrive\Desktop\Sem7\ComputerVision\Project\part2\dataset\archive\data\data\real\100\36.jpg,3,100_rupees,current_real,current_3_36,train
C:\Users\bhave\OneDrive\Desktop\Sem7\ComputerVision\Project\part2\dataset\archive\data\data\real\100\37.jpg,3,100_rupees,current_real,current_3_37,train
C:\Users\bhave\OneDrive\Desktop\Sem7\ComputerVision\Project\part2\dataset\archive\data\data\real\100\39.jpg,3,100_rupees,current_real,current_3_39,train
C:\Users\bhave\OneDrive\Desktop\Sem7\ComputerVision\Project\part2\dataset\archive\data\data\real\100\4.jpg,3,100_rupees,current_real,current_3_4,train
C:\Users\bhave\OneDrive\Desktop\Sem7\ComputerVision\Project\part2\dataset\archive\data\data\real\100\40.jpg,3,100_rupees,current_real,current_3_40,train
C:\Users\bhave\OneDrive\Desktop\Sem7\ComputerVision\Project\part2\dataset\archive\data\data\real\100\42.jpg,3,100_rupees,current_real,current_3_42,train
C:\Users\bhave\OneDrive\Desktop\Sem7\ComputerVision\Project\part2\dataset\archive\data\data\real\100\43.jpg,3,100_rupees,current_real,current_3_43,train
C:\Users\bhave\OneDrive\Desktop\Sem7\ComputerVision\Project\part2\dataset\archive\data\data\real\100\45.jpg,3,100_rupees,current_real,current_3_45,train
C:\Users\bhave\OneDrive\Desktop\Sem7\ComputerVision\Project\part2\dataset\archive\data\data\real\100\46.jpg,3,100_rupees,current_real,current_3_46,train
C:\Users\bhave\OneDrive\Desktop\Sem7\ComputerVision\Project\part2\dataset\archive\data\data\real\100\47.jpg,3,100_rupees,current_real,current_3_47,train
C:\Users\bhave\OneDrive\Desktop\Sem7\ComputerVision\Project\part2\dataset\archive\data\data\real\100\48.jpg,3,100_rupees,current_real,current_3_48,train
C:\Users\bhave\OneDrive\Desktop\Sem7\ComputerVision\Project\part2\dataset\archive\data\data\real\100\49.jpg,3,100_rupees,current_real,current_3_49,train
C:\Users\bhave\OneDrive\Desktop\Sem7\ComputerVision\Project\part2\dataset\archive\data\data\real\100\5.jpg,3,100_rupees,current_real,current_3_5,train
C:\Users\bhave\OneDrive\Desktop\Sem7\ComputerVision\Project\part2\dataset\archive\data\data\real\100\50.jpg,3,100_rupees,current_real,current_3_50,train
C:\Users\bhave\OneDrive\Desktop\Sem7\ComputerVision\Project\part2\dataset\archive\data\data\real\100\52.jpg,3,100_rupees,current_real,current_3_52,train
C:\Users\bhave\OneDrive\Desktop\Sem7\ComputerVision\Project\part2\dataset\archive\data\data\real\100\55.jpg,3,100_rupees,current_real,current_3_55,train
C:\Users\bhave\OneDrive\Desktop\Sem7\ComputerVision\Project\part2\dataset\archive\data\data\real\100\57.jpg,3,100_rupees,current_real,current_3_57,train
C:\Users\bhave\OneDrive\Desktop\Sem7\ComputerVision\Project\part2\dataset\archive\data\data\real\100\58.jpg,3,100_rupees,current_real,current_3_58,train
C:\Users\bhave\OneDrive\Desktop\Sem7\ComputerVision\Project\part2\dataset\archive\data\data\real\100\59.jpg,3,100_rupees,current_real,current_3_59,train
C:\Users\bhave\OneDrive\Desktop\Sem7\ComputerVision\Project\part2\dataset\archive\data\data\real\100\6.jpg,3,100_rupees,current_real,current_3_6,train
C:\Users\bhave\OneDrive\Desktop\Sem7\ComputerVision\Project\part2\dataset\archive\data\data\real\100\60.jpg,3,100_rupees,current_real,current_3_60,train
C:\Users\bhave\OneDrive\Desktop\Sem7\ComputerVision\Project\part2\dataset\archive\data\data\real\100\61.jpg,3,100_rupees,current_real,current_3_61,train
C:\Users\bhave\OneDrive\Desktop\Sem7\ComputerVision\Project\part2\dataset\archive\data\data\real\100\63.jpg,3,100_rupees,current_real,current_3_63,train
C:\Users\bhave\OneDrive\Desktop\Sem7\ComputerVision\Project\part2\dataset\archive\data\data\real\100\64.jpg,3,100_rupees,current_real,current_3_64,train
C:\Users\bhave\OneDrive\Desktop\Sem7\ComputerVision\Project\part2\dataset\archive\data\data\real\100\65.jpg,3,100_rupees,current_real,current_3_65,train
C:\Users\bhave\OneDrive\Desktop\Sem7\ComputerVision\Project\part2\dataset\archive\data\data\real\100\67.jpg,3,100_rupees,current_real,current_3_67,train
C:\Users\bhave\OneDrive\Desktop\Sem7\ComputerVision\Project\part2\dataset\archive\data\data\real\100\68.jpg,3,100_rupees,current_real,current_3_68,train
C:\Users\bhave\OneDrive\Desktop\Sem7\ComputerVision\Project\part2\dataset\archive\data\data\real\100\7.jpg,3,100_rupees,current_real,current_3_7,train
C:\Users\bhave\OneDrive\Desktop\Sem7\ComputerVision\Project\part2\dataset\archive\data\data\real\100\70.jpg,3,100_rupees,current_real,current_3_70,train
C:\Users\bhave\OneDrive\Desktop\Sem7\ComputerVision\Project\part2\dataset\archive\data\data\real\100\72.jpg,3,100_rupees,current_real,current_3_72,train
C:\Users\bhave\OneDrive\Desktop\Sem7\ComputerVision\Project\part2\dataset\archive\data\data\real\100\73.jpg,3,100_rupees,current_real,current_3_73,train
C:\Users\bhave\OneDrive\Desktop\Sem7\ComputerVision\Project\part2\dataset\archive\data\data\real\100\74.jpg,3,100_rupees,current_real,current_3_74,train
C:\Users\bhave\OneDrive\Desktop\Sem7\ComputerVision\Project\part2\dataset\archive\data\data\real\100\75.jpg,3,100_rupees,current_real,current_3_75,train
C:\Users\bhave\OneDrive\Desktop\Sem7\ComputerVision\Project\part2\dataset\archive\data\data\real\100\8.jpg,3,100_rupees,current_real,current_3_8,train
C:\Users\bhave\OneDrive\Desktop\Sem7\ComputerVision\Project\part2\dataset\archive\data\data\real\100\80.jpg,3,100_rupees,current_real,current_3_80,train
C:\Users\bhave\OneDrive\Desktop\Sem7\ComputerVision\Project\part2\dataset\archive\data\data\real\100\81.jpg,3,100_rupees,current_real,current_3_81,train
C:\Users\bhave\OneDrive\Desktop\Sem7\ComputerVision\Project\part2\dataset\archive\data\data\real\100\82.jpg,3,100_rupees,current_real,current_3_82,train
C:\Users\bhave\OneDrive\Desktop\Sem7\ComputerVision\Project\part2\dataset\archive\data\data\real\100\84.jpg,3,100_rupees,current_real,current_3_84,train
C:\Users\bhave\OneDrive\Desktop\Sem7\ComputerVision\Project\part2\dataset\archive\data\data\real\100\85.jpg,3,100_rupees,current_real,current_3_85,train
C:\Users\bhave\OneDrive\Desktop\Sem7\ComputerVision\Project\part2\dataset\archive\data\data\real\100\86.jpg,3,100_rupees,current_real,current_3_86,train
C:\Users\bhave\OneDrive\Desktop\Sem7\ComputerVision\Project\part2\dataset\archive\data\data\real\100\87.jpg,3,100_rupees,current_real,current_3_87,train
C:\Users\bhave\OneDrive\Desktop\Sem7\ComputerVision\Project\part2\dataset\archive\data\data\real\100\9.jpg,3,100_rupees,current_real,current_3_9,train
C:\Users\bhave\OneDrive\Desktop\Sem7\ComputerVision\Project\part2\dataset\archive\data\data\real\100\91.jpg,3,100_rupees,current_real,current_3_91,train
C:\Users\bhave\OneDrive\Desktop\Sem7\ComputerVision\Project\part2\dataset\archive\data\data\real\100\94.jpg,3,100_rupees,current_real,current_3_94,train
C:\Users\bhave\OneDrive\Desktop\Sem7\ComputerVision\Project\part2\dataset\archive\data\data\real\100\95.jpg,3,100_rupees,current_real,current_3_95,train
C:\Users\bhave\OneDrive\Desktop\Sem7\ComputerVision\Project\part2\dataset\archive\data\data\real\100\IMG20220901124047.jpg,3,100_rupees,current_real,current_3_img20220901124047,train
C:\Users\bhave\OneDrive\Desktop\Sem7\ComputerVision\Project\part2\dataset\archive\data\data\real\100\IMG20220901124108.jpg,3,100_rupees,current_real,current_3_img20220901124108,train
C:\Users\bhave\OneDrive\Desktop\Sem7\ComputerVision\Project\part2\dataset\archive\data\data\real\100\IMG20220901133149.jpg,3,100_rupees,current_real,current_3_img20220901133149,train
C:\Users\bhave\OneDrive\Desktop\Sem7\ComputerVision\Project\part2\dataset\archive\data\data\real\100\IMG20220901133201.jpg,3,100_rupees,current_real,current_3_img20220901133201,train
C:\Users\bhave\OneDrive\Desktop\Sem7\ComputerVision\Project\part2\dataset\archive\data\data\real\100\IMG20220901133317.jpg,3,100_rupees,current_real,current_3_img20220901133317,train
C:\Users\bhave\OneDrive\Desktop\Sem7\ComputerVision\Project\part2\dataset\archive\data\data\real\100\IMG20220901133326.jpg,3,100_rupees,current_real,current_3_img20220901133326,train
C:\Users\bhave\OneDrive\Desktop\Sem7\ComputerVision\Project\part2\dataset\archive\data\data\real\100\IMG20220901133331.jpg,3,100_rupees,current_real,current_3_img20220901133331,train
C:\Users\bhave\OneDrive\Desktop\Sem7\ComputerVision\Project\part2\dataset\archive\data\data\real\100\IMG20220927120730.jpg,3,100_rupees,current_real,current_3_img20220927120730,train
C:\Users\bhave\OneDrive\Desktop\Sem7\ComputerVision\Project\part2\dataset\archive\data\data\real\100\IMG20220927120735.jpg,3,100_rupees,current_real,current_3_img20220927120735,train
C:\Users\bhave\OneDrive\Desktop\Sem7\ComputerVision\Project\part2\dataset\archive\data\data\real\100\IMG20220927120753.jpg,3,100_rupees,current_real,current_3_img20220927120753,train
C:\Users\bhave\OneDrive\Desktop\Sem7\ComputerVision\Project\part2\dataset\archive\data\data\real\100\IMG20220927120807.jpg,3,100_rupees,current_real,current_3_img20220927120807,train
C:\Users\bhave\OneDrive\Desktop\Sem7\ComputerVision\Project\part2\dataset\archive\data\data\real\100\IMG20220927120836.jpg,3,100_rupees,current_real,current_3_img20220927120836,train
C:\Users\bhave\OneDrive\Desktop\Sem7\ComputerVision\Project\part2\dataset\archive\data\data\real\100\IMG20220927120849.jpg,3,100_rupees,current_real,current_3_img20220927120849,train
C:\Users\bhave\OneDrive\Desktop\Sem7\ComputerVision\Project\part2\dataset\archive\data\data\real\100\IMG20220927120902.jpg,3,100_rupees,current_real,current_3_img20220927120902,train
C:\Users\bhave\OneDrive\Desktop\Sem7\ComputerVision\Project\part2\dataset\archive\data\data\real\100\IMG20220927120910.jpg,3,100_rupees,current_real,current_3_img20220927120910,train
C:\Users\bhave\OneDrive\Desktop\Sem7\ComputerVision\Project\part2\dataset\archive\data\data\real\100\IMG20220927120918.jpg,3,100_rupees,current_real,current_3_img20220927120918,train
C:\Users\bhave\OneDrive\Desktop\Sem7\ComputerVision\Project\part2\dataset\archive\data\data\real\100\IMG20220927120920.jpg,3,100_rupees,current_real,current_3_img20220927120920,train
C:\Users\bhave\OneDrive\Desktop\Sem7\ComputerVision\Project\part2\dataset\archive\data\data\real\100\IMG20220927120944.jpg,3,100_rupees,current_real,current_3_img20220927120944,train
C:\Users\bhave\OneDrive\Desktop\Sem7\ComputerVision\Project\part2\dataset\archive\data\data\real\100\IMG20220927120951.jpg,3,100_rupees,current_real,current_3_img20220927120951,train
C:\Users\bhave\OneDrive\Desktop\Sem7\ComputerVision\Project\part2\dataset\archive\data\data\real\100\IMG20220927121034.jpg,3,100_rupees,current_real,current_3_img20220927121034,train
C:\Users\bhave\OneDrive\Desktop\Sem7\ComputerVision\Project\part2\dataset\archive\data\data\real\100\IMG20220927121053.jpg,3,100_rupees,current_real,current_3_img20220927121053,train
C:\Users\bhave\OneDrive\Desktop\Sem7\ComputerVision\Project\part2\dataset\archive\data\data\real\100\IMG20220927121108.jpg,3,100_rupees,current_real,current_3_img20220927121108,train
C:\Users\bhave\OneDrive\Desktop\Sem7\ComputerVision\Project\part2\dataset\archive\data\data\real\100\IMG20220927121111.jpg,3,100_rupees,current_real,current_3_img20220927121111,train
C:\Users\bhave\OneDrive\Desktop\Sem7\ComputerVision\Project\part2\dataset\archive\data\data\real\100\IMG20220927121113.jpg,3,100_rupees,current_real,current_3_img20220927121113,train
C:\Users\bhave\OneDrive\Desktop\Sem7\ComputerVision\Project\part2\dataset\archive\data\data\real\100\IMG20220927121120.jpg,3,100_rupees,current_real,current_3_img20220927121120,train
C:\Users\bhave\OneDrive\Desktop\Sem7\ComputerVision\Project\part2\dataset\archive\data\data\real\100\IMG20220927121123.jpg,3,100_rupees,current_real,current_3_img20220927121123,train
C:\Users\bhave\OneDrive\Desktop\Sem7\ComputerVision\Project\part2\dataset\archive\data\data\real\100\IMG20220927121126.jpg,3,100_rupees,current_real,current_3_img20220927121126,train
C:\Users\bhave\OneDrive\Desktop\Sem7\ComputerVision\Project\part2\dataset\archive\data\data\real\100\IMG20220927121332.jpg,3,100_rupees,current_real,current_3_img20220927121332,train
C:\Users\bhave\OneDrive\Desktop\Sem7\ComputerVision\Project\part2\dataset\archive\data\data\real\100\IMG20220927121345.jpg,3,100_rupees,current_real,current_3_img20220927121345,train
C:\Users\bhave\OneDrive\Desktop\Sem7\ComputerVision\Project\part2\dataset\archive\data\data\real\100\IMG20220927121422.jpg,3,100_rupees,current_real,current_3_img20220927121422,train
C:\Users\bhave\OneDrive\Desktop\Sem7\ComputerVision\Project\part2\dataset\archive\data\data\real\100\IMG20220929002001.jpg,3,100_rupees,current_real,current_3_img20220929002001,train
C:\Users\bhave\OneDrive\Desktop\Sem7\ComputerVision\Project\part2\dataset\archive\data\data\real\100\IMG20220929002006.jpg,3,100_rupees,current_real,current_3_img20220929002006,train
C:\Users\bhave\OneDrive\Desktop\Sem7\ComputerVision\Project\part2\dataset\archive\data\data\real\100\IMG20220929002010.jpg,3,100_rupees,current_real,current_3_img20220929002010,train
C:\Users\bhave\OneDrive\Desktop\Sem7\ComputerVision\Project\part2\dataset\archive\data\data\real\100\IMG20220929002014.jpg,3,100_rupees,current_real,current_3_img20220929002014,train
C:\Users\bhave\OneDrive\Desktop\Sem7\ComputerVision\Project\part2\dataset\archive\data\data\real\100\IMG20220929002018.jpg,3,100_rupees,current_real,current_3_img20220929002018,train
C:\Users\bhave\OneDrive\Desktop\Sem7\ComputerVision\Project\part2\dataset\archive\data\data\real\100\IMG20220929002022.jpg,3,100_rupees,current_real,current_3_img20220929002022,train
C:\Users\bhave\OneDrive\Desktop\Sem7\ComputerVision\Project\part2\dataset\archive\data\data\real\100\IMG20220929002024.jpg,3,100_rupees,current_real,current_3_img20220929002024,train
C:\Users\bhave\OneDrive\Desktop\Sem7\ComputerVision\Project\part2\dataset\archive\data\data\real\100\IMG20220929002028.jpg,3,100_rupees,current_real,current_3_img20220929002028,train
C:\Users\bhave\OneDrive\Desktop\Sem7\ComputerVision\Project\part2\dataset\archive\data\data\real\100\IMG20220929002030.jpg,3,100_rupees,current_real,current_3_img20220929002030,train
C:\Users\bhave\OneDrive\Desktop\Sem7\ComputerVision\Project\part2\dataset\archive\data\data\real\100\IMG20220929002032.jpg,3,100_rupees,current_real,current_3_img20220929002032,train
C:\Users\bhave\OneDrive\Desktop\Sem7\ComputerVision\Project\part2\dataset\archive\data\data\real\100\IMG20220929002036.jpg,3,100_rupees,current_real,current_3_img20220929002036,train
C:\Users\bhave\OneDrive\Desktop\Sem7\ComputerVision\Project\part2\dataset\archive\data\data\real\100\IMG20220929002040.jpg,3,100_rupees,current_real,current_3_img20220929002040,train
C:\Users\bhave\OneDrive\Desktop\Sem7\ComputerVision\Project\part2\dataset\archive\data\data\real\100\IMG20220929002042.jpg,3,100_rupees,current_real,current_3_img20220929002042,train
C:\Users\bhave\OneDrive\Desktop\Sem7\ComputerVision\Project\part2\dataset\archive\data\data\real\100\IMG20220929002047.jpg,3,100_rupees,current_real,current_3_img20220929002047,train
C:\Users\bhave\OneDrive\Desktop\Sem7\ComputerVision\Project\part2\dataset\archive\data\data\real\100\IMG20220929002053.jpg,3,100_rupees,current_real,current_3_img20220929002053,train
C:\Users\bhave\OneDrive\Desktop\Sem7\ComputerVision\Project\part2\dataset\archive\data\data\real\100\IMG20220929002054.jpg,3,100_rupees,current_real,current_3_img20220929002054,train
C:\Users\bhave\OneDrive\Desktop\Sem7\ComputerVision\Project\part2\dataset\archive\data\data\real\100\IMG20220929002055.jpg,3,100_rupees,current_real,current_3_img20220929002055,train
C:\Users\bhave\OneDrive\Desktop\Sem7\ComputerVision\Project\part2\dataset\archive\data\data\real\100\IMG20220929002103.jpg,3,100_rupees,current_real,current_3_img20220929002103,train
C:\Users\bhave\OneDrive\Desktop\Sem7\ComputerVision\Project\part2\dataset\archive\data\data\real\100\IMG20220929002106.jpg,3,100_rupees,current_real,current_3_img20220929002106,train
C:\Users\bhave\OneDrive\Desktop\Sem7\ComputerVision\Project\part2\dataset\archive\data\data\real\100\IMG20220929002108.jpg,3,100_rupees,current_real,current_3_img20220929002108,train
C:\Users\bhave\OneDrive\Desktop\Sem7\ComputerVision\Project\part2\dataset\archive\data\data\real\100\IMG20220929002117.jpg,3,100_rupees,current_real,current_3_img20220929002117,train
C:\Users\bhave\OneDrive\Desktop\Sem7\ComputerVision\Project\part2\dataset\archive\data\data\real\100\IMG20220929002121.jpg,3,100_rupees,current_real,current_3_img20220929002121,train
C:\Users\bhave\OneDrive\Desktop\Sem7\ComputerVision\Project\part2\dataset\archive\data\data\real\100\IMG20220929002128.jpg,3,100_rupees,current_real,current_3_img20220929002128,train
C:\Users\bhave\OneDrive\Desktop\Sem7\ComputerVision\Project\part2\dataset\archive\data\data\real\100\IMG20220929002132.jpg,3,100_rupees,current_real,current_3_img20220929002132,train
C:\Users\bhave\OneDrive\Desktop\Sem7\ComputerVision\Project\part2\dataset\archive\data\data\real\100\IMG20220929002136.jpg,3,100_rupees,current_real,current_3_img20220929002136,train
C:\Users\bhave\OneDrive\Desktop\Sem7\ComputerVision\Project\part2\dataset\archive\data\data\real\100\IMG20220929002140.jpg,3,100_rupees,current_real,current_3_img20220929002140,train
C:\Users\bhave\OneDrive\Desktop\Sem7\ComputerVision\Project\part2\dataset\archive\data\data\real\100\IMG20220929002144.jpg,3,100_rupees,current_real,current_3_img20220929002144,train
C:\Users\bhave\OneDrive\Desktop\Sem7\ComputerVision\Project\part2\dataset\archive\data\data\real\100\IMG20220929002147.jpg,3,100_rupees,current_real,current_3_img20220929002147,train
C:\Users\bhave\OneDrive\Desktop\Sem7\ComputerVision\Project\part2\dataset\archive\data\data\real\100\IMG20220929002151.jpg,3,100_rupees,current_real,current_3_img20220929002151,train
C:\Users\bhave\OneDrive\Desktop\Sem7\ComputerVision\Project\part2\dataset\archive\data\data\real\100\IMG20220929002158.jpg,3,100_rupees,current_real,current_3_img20220929002158,train
C:\Users\bhave\OneDrive\Desktop\Sem7\ComputerVision\Project\part2\dataset\archive\data\data\real\100\IMG20220929002200.jpg,3,100_rupees,current_real,current_3_img20220929002200,train
C:\Users\bhave\OneDrive\Desktop\Sem7\ComputerVision\Project\part2\dataset\archive\data\data\real\100\IMG20220929002201.jpg,3,100_rupees,current_real,current_3_img20220929002201,train
C:\Users\bhave\OneDrive\Desktop\Sem7\ComputerVision\Project\part2\dataset\archive\data\data\real\100\IMG20220929002202.jpg,3,100_rupees,current_real,current_3_img20220929002202,train
C:\Users\bhave\OneDrive\Desktop\Sem7\ComputerVision\Project\part2\dataset\archive\data\data\real\100\IMG20220929002207.jpg,3,100_rupees,current_real,current_3_img20220929002207,train
C:\Users\bhave\OneDrive\Desktop\Sem7\ComputerVision\Project\part2\dataset\archive\data\data\real\100\IMG20220929002214.jpg,3,100_rupees,current_real,current_3_img20220929002214,train
C:\Users\bhave\OneDrive\Desktop\Sem7\ComputerVision\Project\part2\dataset\archive\data\data\real\100\IMG20220929002217.jpg,3,100_rupees,current_real,current_3_img20220929002217,train
C:\Users\bhave\OneDrive\Desktop\Sem7\ComputerVision\Project\part2\dataset\archive\data\data\real\100\IMG20220929002219.jpg,3,100_rupees,current_real,current_3_img20220929002219,train
C:\Users\bhave\OneDrive\Desktop\Sem7\ComputerVision\Project\part2\dataset\archive\data\data\real\100\IMG20220929002220.jpg,3,100_rupees,current_real,current_3_img20220929002220,train
C:\Users\bhave\OneDrive\Desktop\Sem7\ComputerVision\Project\part2\dataset\archive\data\data\real\100\IMG20220929002227.jpg,3,100_rupees,current_real,current_3_img20220929002227,train
C:\Users\bhave\OneDrive\Desktop\Sem7\ComputerVision\Project\part2\dataset\archive\data\data\real\100\IMG20220929002305.jpg,3,100_rupees,current_real,current_3_img20220929002305,train
C:\Users\bhave\OneDrive\Desktop\Sem7\ComputerVision\Project\part2\dataset\archive\data\data\real\100\IMG20220929002306.jpg,3,100_rupees,current_real,current_3_img20220929002306,train
C:\Users\bhave\OneDrive\Desktop\Sem7\ComputerVision\Project\part2\dataset\archive\data\data\real\100\IMG20220929002311.jpg,3,100_rupees,current_real,current_3_img20220929002311,train
C:\Users\bhave\OneDrive\Desktop\Sem7\ComputerVision\Project\part2\dataset\archive\data\data\real\100\IMG20220929002315.jpg,3,100_rupees,current_real,current_3_img20220929002315,train
C:\Users\bhave\OneDrive\Desktop\Sem7\ComputerVision\Project\part2\dataset\archive\data\data\real\100\IMG20220929002317.jpg,3,100_rupees,current_real,current_3_img20220929002317,train
C:\Users\bhave\OneDrive\Desktop\Sem7\ComputerVision\Project\part2\dataset\archive\data\data\real\100\IMG20220929002320.jpg,3,100_rupees,current_real,current_3_img20220929002320,train
C:\Users\bhave\OneDrive\Desktop\Sem7\ComputerVision\Project\part2\dataset\archive\data\data\real\100\IMG20220929002323.jpg,3,100_rupees,current_real,current_3_img20220929002323,train
C:\Users\bhave\OneDrive\Desktop\Sem7\ComputerVision\Project\part2\dataset\archive\data\data\real\100\IMG20220929002330.jpg,3,100_rupees,current_real,current_3_img20220929002330,train
C:\Users\bhave\OneDrive\Desktop\Sem7\ComputerVision\Project\part2\dataset\archive\data\data\real\100\IMG20220929002335.jpg,3,100_rupees,current_real,current_3_img20220929002335,train
C:\Users\bhave\OneDrive\Desktop\Sem7\ComputerVision\Project\part2\dataset\archive\data\data\real\100\IMG20220929002338.jpg,3,100_rupees,current_real,current_3_img20220929002338,train
C:\Users\bhave\OneDrive\Desktop\Sem7\ComputerVision\Project\part2\dataset\archive\data\data\real\100\IMG20220929002341.jpg,3,100_rupees,current_real,current_3_img20220929002341,train
C:\Users\bhave\OneDrive\Desktop\Sem7\ComputerVision\Project\part2\dataset\archive\data\data\real\100\IMG20220929002348.jpg,3,100_rupees,current_real,current_3_img20220929002348,train
C:\Users\bhave\OneDrive\Desktop\Sem7\ComputerVision\Project\part2\dataset\archive\data\data\real\100\IMG20220929002354.jpg,3,100_rupees,current_real,current_3_img20220929002354,train
C:\Users\bhave\OneDrive\Desktop\Sem7\ComputerVision\Project\part2\dataset\archive\data\data\real\100\IMG20220929002406.jpg,3,100_rupees,current_real,current_3_img20220929002406,train
C:\Users\bhave\OneDrive\Desktop\Sem7\ComputerVision\Project\part2\dataset\archive\data\data\real\100\IMG20220929002408.jpg,3,100_rupees,current_real,current_3_img20220929002408,train
C:\Users\bhave\OneDrive\Desktop\Sem7\ComputerVision\Project\part2\dataset\archive\data\data\real\100\IMG20220929002424.jpg,3,100_rupees,current_real,current_3_img20220929002424,train
C:\Users\bhave\OneDrive\Desktop\Sem7\ComputerVision\Project\part2\dataset\archive\data\data\real\100\IMG20220929002429.jpg,3,100_rupees,current_real,current_3_img20220929002429,train
C:\Users\bhave\OneDrive\Desktop\Sem7\ComputerVision\Project\part2\dataset\archive\data\data\real\100\IMG20220929002447.jpg,3,100_rupees,current_real,current_3_img20220929002447,train
C:\Users\bhave\OneDrive\Desktop\Sem7\ComputerVision\Project\part2\dataset\archive\data\data\real\100\IMG20220929002450.jpg,3,100_rupees,current_real,current_3_img20220929002450,train
C:\Users\bhave\OneDrive\Desktop\Sem7\ComputerVision\Project\part2\dataset\archive\data\data\real\100\IMG20220929002453.jpg,3,100_rupees,current_real,current_3_img20220929002453,train
C:\Users\bhave\OneDrive\Desktop\Sem7\ComputerVision\Project\part2\dataset\archive\data\data\real\100\IMG20220929002459.jpg,3,100_rupees,current_real,current_3_img20220929002459,train
C:\Users\bhave\OneDrive\Desktop\Sem7\ComputerVision\Project\part2\dataset\archive\data\data\real\100\IMG20220929002503.jpg,3,100_rupees,current_real,current_3_img20220929002503,train
C:\Users\bhave\OneDrive\Desktop\Sem7\ComputerVision\Project\part2\dataset\archive\data\data\real\100\IMG20220929002504.jpg,3,100_rupees,current_real,current_3_img20220929002504,train
C:\Users\bhave\OneDrive\Desktop\Sem7\ComputerVision\Project\part2\dataset\archive\data\data\real\100\IMG20220929002512.jpg,3,100_rupees,current_real,current_3_img20220929002512,train
C:\Users\bhave\OneDrive\Desktop\Sem7\ComputerVision\Project\part2\dataset\archive\data\data\real\100\IMG20220929002526.jpg,3,100_rupees,current_real,current_3_img20220929002526,train
C:\Users\bhave\OneDrive\Desktop\Sem7\ComputerVision\Project\part2\dataset\archive\data\data\real\100\IMG20220929002531.jpg,3,100_rupees,current_real,current_3_img20220929002531,train
C:\Users\bhave\OneDrive\Desktop\Sem7\ComputerVision\Project\part2\dataset\archive\data\data\real\100\IMG20220929002534.jpg,3,100_rupees,current_real,current_3_img20220929002534,train
C:\Users\bhave\OneDrive\Desktop\Sem7\ComputerVision\Project\part2\dataset\archive\data\data\real\100\IMG20220929002538.jpg,3,100_rupees,current_real,current_3_img20220929002538,train
C:\Users\bhave\OneDrive\Desktop\Sem7\ComputerVision\Project\part2\dataset\archive\data\data\real\100\IMG20220929002540.jpg,3,100_rupees,current_real,current_3_img20220929002540,train
C:\Users\bhave\OneDrive\Desktop\Sem7\ComputerVision\Project\part2\dataset\archive\data\data\real\100\IMG20220929002542.jpg,3,100_rupees,current_real,current_3_img20220929002542,train
C:\Users\bhave\OneDrive\Desktop\Sem7\ComputerVision\Project\part2\dataset\archive\data\data\real\100\IMG20220929002546.jpg,3,100_rupees,current_real,current_3_img20220929002546,train
C:\Users\bhave\OneDrive\Desktop\Sem7\ComputerVision\Project\part2\dataset\archive\data\data\real\100\IMG20220929002548.jpg,3,100_rupees,current_real,current_3_img20220929002548,train
C:\Users\bhave\OneDrive\Desktop\Sem7\ComputerVision\Project\part2\dataset\archive\data\data\real\100\IMG20220929002555.jpg,3,100_rupees,current_real,current_3_img20220929002555,train
C:\Users\bhave\OneDrive\Desktop\Sem7\ComputerVision\Project\part2\dataset\archive\data\data\real\100\IMG20220929002557.jpg,3,100_rupees,current_real,current_3_img20220929002557,train
C:\Users\bhave\OneDrive\Desktop\Sem7\ComputerVision\Project\part2\dataset\archive\data\data\real\100\IMG20220929002600.jpg,3,100_rupees,current_real,current_3_img20220929002600,train
C:\Users\bhave\OneDrive\Desktop\Sem7\ComputerVision\Project\part2\dataset\archive\data\data\real\100\IMG20220929002615.jpg,3,100_rupees,current_real,current_3_img20220929002615,train
C:\Users\bhave\OneDrive\Desktop\Sem7\ComputerVision\Project\part2\dataset\archive\data\data\real\100\IMG20220929002719.jpg,3,100_rupees,current_real,current_3_img20220929002719,train
C:\Users\bhave\OneDrive\Desktop\Sem7\ComputerVision\Project\part2\dataset\archive\data\data\real\100\IMG20220929002722.jpg,3,100_rupees,current_real,current_3_img20220929002722,train
C:\Users\bhave\OneDrive\Desktop\Sem7\ComputerVision\Project\part2\dataset\archive\data\data\real\100\IMG20220929002725.jpg,3,100_rupees,current_real,current_3_img20220929002725,train
C:\Users\bhave\OneDrive\Desktop\Sem7\ComputerVision\Project\part2\dataset\archive\data\data\real\100\IMG20220929002730.jpg,3,100_rupees,current_real,current_3_img20220929002730,train
C:\Users\bhave\OneDrive\Desktop\Sem7\ComputerVision\Project\part2\dataset\archive\data\data\real\100\IMG20220929002732.jpg,3,100_rupees,current_real,current_3_img20220929002732,train
C:\Users\bhave\OneDrive\Desktop\Sem7\ComputerVision\Project\part2\dataset\archive\data\data\real\100\IMG20220929002736.jpg,3,100_rupees,current_real,current_3_img20220929002736,train
C:\Users\bhave\OneDrive\Desktop\Sem7\ComputerVision\Project\part2\dataset\archive\data\data\real\100\IMG20220929002738.jpg,3,100_rupees,current_real,current_3_img20220929002738,train
C:\Users\bhave\OneDrive\Desktop\Sem7\ComputerVision\Project\part2\dataset\archive\data\data\real\100\IMG20220929002743.jpg,3,100_rupees,current_real,current_3_img20220929002743,train
C:\Users\bhave\OneDrive\Desktop\Sem7\ComputerVision\Project\part2\dataset\archive\data\data\real\100\IMG20220929002746.jpg,3,100_rupees,current_real,current_3_img20220929002746,train
C:\Users\bhave\OneDrive\Desktop\Sem7\ComputerVision\Project\part2\dataset\archive\data\data\real\100\IMG20220929002749.jpg,3,100_rupees,current_real,current_3_img20220929002749,train
C:\Users\bhave\OneDrive\Desktop\Sem7\ComputerVision\Project\part2\dataset\archive\data\data\real\100\IMG20220929002807.jpg,3,100_rupees,current_real,current_3_img20220929002807,train
C:\Users\bhave\OneDrive\Desktop\Sem7\ComputerVision\Project\part2\dataset\archive\data\data\real\100\IMG20220929002809.jpg,3,100_rupees,current_real,current_3_img20220929002809,train
C:\Users\bhave\OneDrive\Desktop\Sem7\ComputerVision\Project\part2\dataset\archive\data\data\real\100\IMG20220929002811.jpg,3,100_rupees,current_real,current_3_img20220929002811,train
C:\Users\bhave\OneDrive\Desktop\Sem7\ComputerVision\Project\part2\dataset\archive\data\data\real\100\IMG20220929002815.jpg,3,100_rupees,current_real,current_3_img20220929002815,train
C:\Users\bhave\OneDrive\Desktop\Sem7\ComputerVision\Project\part2\dataset\archive\data\data\real\100\IMG20220929002816.jpg,3,100_rupees,current_real,current_3_img20220929002816,train
C:\Users\bhave\OneDrive\Desktop\Sem7\ComputerVision\Project\part2\dataset\archive\data\data\real\100\IMG20220929002819.jpg,3,100_rupees,current_real,current_3_img20220929002819,train
C:\Users\bhave\OneDrive\Desktop\Sem7\ComputerVision\Project\part2\dataset\archive\data\data\real\100\IMG20220929002845.jpg,3,100_rupees,current_real,current_3_img20220929002845,train
C:\Users\bhave\OneDrive\Desktop\Sem7\ComputerVision\Project\part2\dataset\archive\data\data\real\100\IMG20220929002847.jpg,3,100_rupees,current_real,current_3_img20220929002847,train
C:\Users\bhave\OneDrive\Desktop\Sem7\ComputerVision\Project\part2\dataset\archive\data\data\real\100\IMG20220929002849.jpg,3,100_rupees,current_real,current_3_img20220929002849,train
C:\Users\bhave\OneDrive\Desktop\Sem7\ComputerVision\Project\part2\dataset\archive\data\data\real\100\IMG20220929002851.jpg,3,100_rupees,current_real,current_3_img20220929002851,train
C:\Users\bhave\OneDrive\Desktop\Sem7\ComputerVision\Project\part2\dataset\archive\data\data\real\100\IMG20220929002853.jpg,3,100_rupees,current_real,current_3_img20220929002853,train
C:\Users\bhave\OneDrive\Desktop\Sem7\ComputerVision\Project\part2\dataset\archive\data\data\real\100\IMG20220929002855.jpg,3,100_rupees,current_real,current_3_img20220929002855,train
C:\Users\bhave\OneDrive\Desktop\Sem7\ComputerVision\Project\part2\dataset\archive\data\data\real\100\IMG20220929002859.jpg,3,100_rupees,current_real,current_3_img20220929002859,train
C:\Users\bhave\OneDrive\Desktop\Sem7\ComputerVision\Project\part2\dataset\archive\data\data\real\100\IMG20220929002900.jpg,3,100_rupees,current_real,current_3_img20220929002900,train
C:\Users\bhave\OneDrive\Desktop\Sem7\ComputerVision\Project\part2\dataset\archive\data\data\real\100\IMG20220929002903.jpg,3,100_rupees,current_real,current_3_img20220929002903,train
C:\Users\bhave\OneDrive\Desktop\Sem7\ComputerVision\Project\part2\dataset\archive\data\data\real\100\IMG20220929002906.jpg,3,100_rupees,current_real,current_3_img20220929002906,train
C:\Users\bhave\OneDrive\Desktop\Sem7\ComputerVision\Project\part2\dataset\archive\data\data\real\100\IMG20220929002907.jpg,3,100_rupees,current_real,current_3_img20220929002907,train
C:\Users\bhave\OneDrive\Desktop\Sem7\ComputerVision\Project\part2\dataset\archive\data\data\real\100\IMG20220929002912.jpg,3,100_rupees,current_real,current_3_img20220929002912,train
C:\Users\bhave\OneDrive\Desktop\Sem7\ComputerVision\Project\part2\dataset\archive\data\data\real\100\IMG20220929002913.jpg,3,100_rupees,current_real,current_3_img20220929002913,train
C:\Users\bhave\OneDrive\Desktop\Sem7\ComputerVision\Project\part2\dataset\archive\data\data\real\100\IMG20220929002916.jpg,3,100_rupees,current_real,current_3_img20220929002916,train
C:\Users\bhave\OneDrive\Desktop\Sem7\ComputerVision\Project\part2\dataset\archive\data\data\real\100\IMG20220929002918.jpg,3,100_rupees,current_real,current_3_img20220929002918,train
C:\Users\bhave\OneDrive\Desktop\Sem7\ComputerVision\Project\part2\dataset\archive\data\data\real\100\IMG20220929002919.jpg,3,100_rupees,current_real,current_3_img20220929002919,train
C:\Users\bhave\OneDrive\Desktop\Sem7\ComputerVision\Project\part2\dataset\archive\data\data\real\100\IMG20220929002920.jpg,3,100_rupees,current_real,current_3_img20220929002920,train
C:\Users\bhave\OneDrive\Desktop\Sem7\ComputerVision\Project\part2\dataset\archive\data\data\real\100\IMG20221010133906.jpg,3,100_rupees,current_real,current_3_img20221010133906,train
C:\Users\bhave\OneDrive\Desktop\Sem7\ComputerVision\Project\part2\dataset\archive\data\data\real\100\IMG20221010133909.jpg,3,100_rupees,current_real,current_3_img20221010133909,train
C:\Users\bhave\OneDrive\Desktop\Sem7\ComputerVision\Project\part2\dataset\archive\data\data\real\100\IMG20221010133910.jpg,3,100_rupees,current_real,current_3_img20221010133910,train
C:\Users\bhave\OneDrive\Desktop\Sem7\ComputerVision\Project\part2\dataset\archive\data\data\real\100\IMG20221010133912.jpg,3,100_rupees,current_real,current_3_img20221010133912,train
C:\Users\bhave\OneDrive\Desktop\Sem7\ComputerVision\Project\part2\dataset\archive\data\data\real\100\IMG20221010133916.jpg,3,100_rupees,current_real,current_3_img20221010133916,train
C:\Users\bhave\OneDrive\Desktop\Sem7\ComputerVision\Project\part2\dataset\archive\data\data\real\100\IMG20221010133919.jpg,3,100_rupees,current_real,current_3_img20221010133919,train
C:\Users\bhave\OneDrive\Desktop\Sem7\ComputerVision\Project\part2\dataset\archive\data\data\real\100\IMG20221010133924.jpg,3,100_rupees,current_real,current_3_img20221010133924,train
C:\Users\bhave\OneDrive\Desktop\Sem7\ComputerVision\Project\part2\dataset\archive\data\data\real\100\IMG20221010133935.jpg,3,100_rupees,current_real,current_3_img20221010133935,train
C:\Users\bhave\OneDrive\Desktop\Sem7\ComputerVision\Project\part2\dataset\archive\data\data\real\100\IMG20221010133937.jpg,3,100_rupees,current_real,current_3_img20221010133937,train
C:\Users\bhave\OneDrive\Desktop\Sem7\ComputerVision\Project\part2\dataset\archive\data\data\real\100\IMG20221010133939.jpg,3,100_rupees,current_real,current_3_img20221010133939,train
C:\Users\bhave\OneDrive\Desktop\Sem7\ComputerVision\Project\part2\dataset\archive\data\data\real\100\IMG20221010133949.jpg,3,100_rupees,current_real,current_3_img20221010133949,train
C:\Users\bhave\OneDrive\Desktop\Sem7\ComputerVision\Project\part2\dataset\archive\data\data\real\100\IMG20221010133951.jpg,3,100_rupees,current_real,current_3_img20221010133951,train
C:\Users\bhave\OneDrive\Desktop\Sem7\ComputerVision\Project\part2\dataset\archive\data\data\real\100\IMG20221010133957.jpg,3,100_rupees,current_real,current_3_img20221010133957,train
C:\Users\bhave\OneDrive\Desktop\Sem7\ComputerVision\Project\part2\dataset\archive\data\data\real\100\IMG20221010133958.jpg,3,100_rupees,current_real,current_3_img20221010133958,train
C:\Users\bhave\OneDrive\Desktop\Sem7\ComputerVision\Project\part2\dataset\archive\data\data\real\100\IMG20221010134003.jpg,3,100_rupees,current_real,current_3_img20221010134003,train
C:\Users\bhave\OneDrive\Desktop\Sem7\ComputerVision\Project\part2\dataset\archive\data\data\real\100\IMG20221010134005.jpg,3,100_rupees,current_real,current_3_img20221010134005,train
C:\Users\bhave\OneDrive\Desktop\Sem7\ComputerVision\Project\part2\dataset\archive\data\data\real\100\IMG20221010134007.jpg,3,100_rupees,current_real,current_3_img20221010134007,train
C:\Users\bhave\OneDrive\Desktop\Sem7\ComputerVision\Project\part2\dataset\archive\data\data\real\100\IMG20221010134008.jpg,3,100_rupees,current_real,current_3_img20221010134008,train
C:\Users\bhave\OneDrive\Desktop\Sem7\ComputerVision\Project\part2\dataset\archive\data\data\real\100\IMG20221010134009.jpg,3,100_rupees,current_real,current_3_img20221010134009,train
C:\Users\bhave\OneDrive\Desktop\Sem7\ComputerVision\Project\part2\dataset\archive\data\data\real\100\IMG20221010134012.jpg,3,100_rupees,current_real,current_3_img20221010134012,train
C:\Users\bhave\OneDrive\Desktop\Sem7\ComputerVision\Project\part2\dataset\archive\data\data\real\100\IMG20221010134014.jpg,3,100_rupees,current_real,current_3_img20221010134014,train
C:\Users\bhave\OneDrive\Desktop\Sem7\ComputerVision\Project\part2\dataset\archive\data\data\real\100\IMG20221010134015.jpg,3,100_rupees,current_real,current_3_img20221010134015,train
C:\Users\bhave\OneDrive\Desktop\Sem7\ComputerVision\Project\part2\dataset\archive\data\data\real\100\IMG20221010134018.jpg,3,100_rupees,current_real,current_3_img20221010134018,train
C:\Users\bhave\OneDrive\Desktop\Sem7\ComputerVision\Project\part2\dataset\archive\data\data\real\100\IMG20221010134023.jpg,3,100_rupees,current_real,current_3_img20221010134023,train
C:\Users\bhave\OneDrive\Desktop\Sem7\ComputerVision\Project\part2\dataset\archive\data\data\real\100\IMG20221010134030.jpg,3,100_rupees,current_real,current_3_img20221010134030,train
C:\Users\bhave\OneDrive\Desktop\Sem7\ComputerVision\Project\part2\dataset\archive\data\data\real\100\IMG20221010134034.jpg,3,100_rupees,current_real,current_3_img20221010134034,train
C:\Users\bhave\OneDrive\Desktop\Sem7\ComputerVision\Project\part2\dataset\archive\data\data\real\100\IMG20221010134036.jpg,3,100_rupees,current_real,current_3_img20221010134036,train
C:\Users\bhave\OneDrive\Desktop\Sem7\ComputerVision\Project\part2\dataset\archive\data\data\real\100\IMG20221010134039.jpg,3,100_rupees,current_real,current_3_img20221010134039,train
C:\Users\bhave\OneDrive\Desktop\Sem7\ComputerVision\Project\part2\dataset\archive\data\data\real\100\IMG20221010134043.jpg,3,100_rupees,current_real,current_3_img20221010134043,train
C:\Users\bhave\OneDrive\Desktop\Sem7\ComputerVision\Project\part2\dataset\archive\data\data\real\100\IMG20221010134048.jpg,3,100_rupees,current_real,current_3_img20221010134048,train
C:\Users\bhave\OneDrive\Desktop\Sem7\ComputerVision\Project\part2\dataset\archive\data\data\real\100\IMG20221010134114.jpg,3,100_rupees,current_real,current_3_img20221010134114,train
C:\Users\bhave\OneDrive\Desktop\Sem7\ComputerVision\Project\part2\dataset\archive\data\data\real\100\IMG20221010134117.jpg,3,100_rupees,current_real,current_3_img20221010134117,train
C:\Users\bhave\OneDrive\Desktop\Sem7\ComputerVision\Project\part2\dataset\archive\data\data\real\100\IMG20221010134118.jpg,3,100_rupees,current_real,current_3_img20221010134118,train
C:\Users\bhave\OneDrive\Desktop\Sem7\ComputerVision\Project\part2\dataset\archive\data\data\real\100\IMG20221010134120.jpg,3,100_rupees,current_real,current_3_img20221010134120,train
C:\Users\bhave\OneDrive\Desktop\Sem7\ComputerVision\Project\part2\dataset\archive\data\data\real\100\IMG20221010134123.jpg,3,100_rupees,current_real,current_3_img20221010134123,train
C:\Users\bhave\OneDrive\Desktop\Sem7\ComputerVision\Project\part2\dataset\archive\data\data\real\100\IMG20221010134124.jpg,3,100_rupees,current_real,current_3_img20221010134124,train
C:\Users\bhave\OneDrive\Desktop\Sem7\ComputerVision\Project\part2\dataset\archive\data\data\real\100\IMG20221010134127.jpg,3,100_rupees,current_real,current_3_img20221010134127,train
C:\Users\bhave\OneDrive\Desktop\Sem7\ComputerVision\Project\part2\dataset\archive\data\data\real\100\IMG20221010134129.jpg,3,100_rupees,current_real,current_3_img20221010134129,train
C:\Users\bhave\OneDrive\Desktop\Sem7\ComputerVision\Project\part2\dataset\archive\data\data\real\100\IMG20221010134130.jpg,3,100_rupees,current_real,current_3_img20221010134130,train
C:\Users\bhave\OneDrive\Desktop\Sem7\ComputerVision\Project\part2\dataset\archive\data\data\real\100\IMG20221010134134.jpg,3,100_rupees,current_real,current_3_img20221010134134,train
C:\Users\bhave\OneDrive\Desktop\Sem7\ComputerVision\Project\part2\dataset\archive\data\data\real\100\IMG20221010134135.jpg,3,100_rupees,current_real,current_3_img20221010134135,train
C:\Users\bhave\OneDrive\Desktop\Sem7\ComputerVision\Project\part2\dataset\archive\data\data\real\100\IMG20221010134136.jpg,3,100_rupees,current_real,current_3_img20221010134136,train
C:\Users\bhave\OneDrive\Desktop\Sem7\ComputerVision\Project\part2\dataset\archive\data\data\real\100\IMG20221010134137.jpg,3,100_rupees,current_real,current_3_img20221010134137,train
C:\Users\bhave\OneDrive\Desktop\Sem7\ComputerVision\Project\part2\dataset\archive\data\data\real\100\IMG20221010134138.jpg,3,100_rupees,current_real,current_3_img20221010134138,train
C:\Users\bhave\OneDrive\Desktop\Sem7\ComputerVision\Project\part2\dataset\archive\data\data\real\100\IMG20221010134140.jpg,3,100_rupees,current_real,current_3_img20221010134140,train
C:\Users\bhave\OneDrive\Desktop\Sem7\ComputerVision\Project\part2\dataset\archive\data\data\real\100\IMG20221010134142.jpg,3,100_rupees,current_real,current_3_img20221010134142,train
C:\Users\bhave\OneDrive\Desktop\Sem7\ComputerVision\Project\part2\dataset\archive\data\data\real\100\IMG20221010134144.jpg,3,100_rupees,current_real,current_3_img20221010134144,train
C:\Users\bhave\OneDrive\Desktop\Sem7\ComputerVision\Project\part2\dataset\archive\data\data\real\100\IMG20221010134145.jpg,3,100_rupees,current_real,current_3_img20221010134145,train
C:\Users\bhave\OneDrive\Desktop\Sem7\ComputerVision\Project\part2\dataset\archive\data\data\real\100\IMG20230110194457.jpg,3,100_rupees,current_real,current_3_img20230110194457,train
C:\Users\bhave\OneDrive\Desktop\Sem7\ComputerVision\Project\part2\dataset\archive\data\data\real\100\IMG20230110194502.jpg,3,100_rupees,current_real,current_3_img20230110194502,train
C:\Users\bhave\OneDrive\Desktop\Sem7\ComputerVision\Project\part2\dataset\archive\data\data\real\100\IMG20230110194506.jpg,3,100_rupees,current_real,current_3_img20230110194506,train
C:\Users\bhave\OneDrive\Desktop\Sem7\ComputerVision\Project\part2\dataset\archive\data\data\real\100\IMG20230110194508.jpg,3,100_rupees,current_real,current_3_img20230110194508,train
C:\Users\bhave\OneDrive\Desktop\Sem7\ComputerVision\Project\part2\dataset\archive\data\data\real\100\IMG20230110194510.jpg,3,100_rupees,current_real,current_3_img20230110194510,train
C:\Users\bhave\OneDrive\Desktop\Sem7\ComputerVision\Project\part2\dataset\archive\data\data\real\100\IMG20230110194512.jpg,3,100_rupees,current_real,current_3_img20230110194512,train
C:\Users\bhave\OneDrive\Desktop\Sem7\ComputerVision\Project\part2\dataset\archive\data\data\real\100\IMG20230110194517.jpg,3,100_rupees,current_real,current_3_img20230110194517,train
C:\Users\bhave\OneDrive\Desktop\Sem7\ComputerVision\Project\part2\dataset\archive\data\data\real\100\IMG20230110194531.jpg,3,100_rupees,current_real,current_3_img20230110194531,train
C:\Users\bhave\OneDrive\Desktop\Sem7\ComputerVision\Project\part2\dataset\archive\data\data\real\100\IMG20230110194553.jpg,3,100_rupees,current_real,current_3_img20230110194553,train
C:\Users\bhave\OneDrive\Desktop\Sem7\ComputerVision\Project\part2\dataset\archive\data\data\real\100\IMG20230110194557.jpg,3,100_rupees,current_real,current_3_img20230110194557,train
C:\Users\bhave\OneDrive\Desktop\Sem7\ComputerVision\Project\part2\dataset\archive\data\data\real\100\IMG20230110194605.jpg,3,100_rupees,current_real,current_3_img20230110194605,train
C:\Users\bhave\OneDrive\Desktop\Sem7\ComputerVision\Project\part2\dataset\archive\data\data\real\100\IMG20230110194607.jpg,3,100_rupees,current_real,current_3_img20230110194607,train
C:\Users\bhave\OneDrive\Desktop\Sem7\ComputerVision\Project\part2\dataset\archive\data\data\real\100\IMG20230110194613.jpg,3,100_rupees,current_real,current_3_img20230110194613,train
C:\Users\bhave\OneDrive\Desktop\Sem7\ComputerVision\Project\part2\dataset\archive\data\data\real\100\IMG20230110194616.jpg,3,100_rupees,current_real,current_3_img20230110194616,train
C:\Users\bhave\OneDrive\Desktop\Sem7\ComputerVision\Project\part2\dataset\archive\data\data\real\100\IMG20230110194619.jpg,3,100_rupees,current_real,current_3_img20230110194619,train
C:\Users\bhave\OneDrive\Desktop\Sem7\ComputerVision\Project\part2\dataset\archive\data\data\real\100\IMG20230110194624.jpg,3,100_rupees,current_real,current_3_img20230110194624,train
C:\Users\bhave\OneDrive\Desktop\Sem7\ComputerVision\Project\part2\dataset\archive\data\data\real\100\IMG20230110194626.jpg,3,100_rupees,current_real,current_3_img20230110194626,train
C:\Users\bhave\OneDrive\Desktop\Sem7\ComputerVision\Project\part2\dataset\archive\data\data\real\100\IMG20230110194628.jpg,3,100_rupees,current_real,current_3_img20230110194628,train
C:\Users\bhave\OneDrive\Desktop\Sem7\ComputerVision\Project\part2\dataset\archive\data\data\real\100\IMG20230110194711.jpg,3,100_rupees,current_real,current_3_img20230110194711,train
C:\Users\bhave\OneDrive\Desktop\Sem7\ComputerVision\Project\part2\dataset\archive\data\data\real\100\IMG20230110194715.jpg,3,100_rupees,current_real,current_3_img20230110194715,train
C:\Users\bhave\OneDrive\Desktop\Sem7\ComputerVision\Project\part2\dataset\archive\data\data\real\100\IMG20230110194719.jpg,3,100_rupees,current_real,current_3_img20230110194719,train
C:\Users\bhave\OneDrive\Desktop\Sem7\ComputerVision\Project\part2\dataset\archive\data\data\real\100\IMG20230110194722.jpg,3,100_rupees,current_real,current_3_img20230110194722,train
C:\Users\bhave\OneDrive\Desktop\Sem7\ComputerVision\Project\part2\dataset\archive\data\data\real\100\IMG20230110194725.jpg,3,100_rupees,current_real,current_3_img20230110194725,train
C:\Users\bhave\OneDrive\Desktop\Sem7\ComputerVision\Project\part2\dataset\archive\data\data\real\100\IMG20230110194735.jpg,3,100_rupees,current_real,current_3_img20230110194735,train
C:\Users\bhave\OneDrive\Desktop\Sem7\ComputerVision\Project\part2\dataset\archive\data\data\real\100\IMG20230110194740.jpg,3,100_rupees,current_real,current_3_img20230110194740,train
C:\Users\bhave\OneDrive\Desktop\Sem7\ComputerVision\Project\part2\dataset\archive\data\data\real\100\IMG20230110194744.jpg,3,100_rupees,current_real,current_3_img20230110194744,train
C:\Users\bhave\OneDrive\Desktop\Sem7\ComputerVision\Project\part2\dataset\archive\data\data\real\100\IMG20230110194749.jpg,3,100_rupees,current_real,current_3_img20230110194749,train
C:\Users\bhave\OneDrive\Desktop\Sem7\ComputerVision\Project\part2\dataset\archive\data\data\real\100\IMG20230110194752.jpg,3,100_rupees,current_real,current_3_img20230110194752,train
C:\Users\bhave\OneDrive\Desktop\Sem7\ComputerVision\Project\part2\dataset\archive\data\data\real\100\IMG20230110194811.jpg,3,100_rupees,current_real,current_3_img20230110194811,train
C:\Users\bhave\OneDrive\Desktop\Sem7\ComputerVision\Project\part2\dataset\archive\data\data\real\100\IMG20230110194812.jpg,3,100_rupees,current_real,current_3_img20230110194812,train
C:\Users\bhave\OneDrive\Desktop\Sem7\ComputerVision\Project\part2\dataset\archive\data\data\real\100\IMG20230110194819.jpg,3,100_rupees,current_real,current_3_img20230110194819,train
C:\Users\bhave\OneDrive\Desktop\Sem7\ComputerVision\Project\part2\dataset\archive\data\data\real\100\IMG20230110194826.jpg,3,100_rupees,current_real,current_3_img20230110194826,train
C:\Users\bhave\OneDrive\Desktop\Sem7\ComputerVision\Project\part2\dataset\archive\data\data\real\100\IMG20230110194830.jpg,3,100_rupees,current_real,current_3_img20230110194830,train
C:\Users\bhave\OneDrive\Desktop\Sem7\ComputerVision\Project\part2\dataset\archive\data\data\real\100\IMG20230110194835.jpg,3,100_rupees,current_real,current_3_img20230110194835,train
C:\Users\bhave\OneDrive\Desktop\Sem7\ComputerVision\Project\part2\dataset\archive\data\data\real\100\IMG20230110194838.jpg,3,100_rupees,current_real,current_3_img20230110194838,train
C:\Users\bhave\OneDrive\Desktop\Sem7\ComputerVision\Project\part2\dataset\archive\data\data\real\100\IMG20230110194844.jpg,3,100_rupees,current_real,current_3_img20230110194844,train
C:\Users\bhave\OneDrive\Desktop\Sem7\ComputerVision\Project\part2\dataset\archive\data\data\real\100\IMG20230110194848.jpg,3,100_rupees,current_real,current_3_img20230110194848,train
C:\Users\bhave\OneDrive\Desktop\Sem7\ComputerVision\Project\part2\dataset\archive\data\data\real\100\IMG20230110194850.jpg,3,100_rupees,current_real,current_3_img20230110194850,train
C:\Users\bhave\OneDrive\Desktop\Sem7\ComputerVision\Project\part2\dataset\archive\data\data\real\100\IMG20230110194851.jpg,3,100_rupees,current_real,current_3_img20230110194851,train
C:\Users\bhave\OneDrive\Desktop\Sem7\ComputerVision\Project\part2\dataset\archive\data\data\real\100\IMG20230110194853.jpg,3,100_rupees,current_real,current_3_img20230110194853,train
C:\Users\bhave\OneDrive\Desktop\Sem7\ComputerVision\Project\part2\dataset\archive\data\data\real\100\IMG20230110194854.jpg,3,100_rupees,current_real,current_3_img20230110194854,train
C:\Users\bhave\OneDrive\Desktop\Sem7\ComputerVision\Project\part2\dataset\archive\data\data\real\100\IMG_1666266483231.jpg,3,100_rupees,current_real,current_3_img_1666266483231,train
C:\Users\bhave\OneDrive\Desktop\Sem7\ComputerVision\Project\part2\dataset\archive\data\data\real\100\IMG_1666266487927.jpg,3,100_rupees,current_real,current_3_img_1666266487927,train
C:\Users\bhave\OneDrive\Desktop\Sem7\ComputerVision\Project\part2\dataset\archive\data\data\real\100\IMG_1666266502037.jpg,3,100_rupees,current_real,current_3_img_1666266502037,train
C:\Users\bhave\OneDrive\Desktop\Sem7\ComputerVision\Project\part2\dataset\archive\data\data\real\100\IMG_1666266520221.jpg,3,100_rupees,current_real,current_3_img_1666266520221,train
C:\Users\bhave\OneDrive\Desktop\Sem7\ComputerVision\Project\part2\dataset\archive\data\data\real\100\IMG_1666266559326.jpg,3,100_rupees,current_real,current_3_img_1666266559326,train
C:\Users\bhave\OneDrive\Desktop\Sem7\ComputerVision\Project\part2\dataset\archive\data\data\real\100\IMG_1666266566906.jpg,3,100_rupees,current_real,current_3_img_1666266566906,train
C:\Users\bhave\OneDrive\Desktop\Sem7\ComputerVision\Project\part2\dataset\archive\data\data\real\100\IMG_1666266608510.jpg,3,100_rupees,current_real,current_3_img_1666266608510,train
C:\Users\bhave\OneDrive\Desktop\Sem7\ComputerVision\Project\part2\dataset\archive\data\data\real\100\IMG_1666266622835.jpg,3,100_rupees,current_real,current_3_img_1666266622835,train
C:\Users\bhave\OneDrive\Desktop\Sem7\ComputerVision\Project\part2\dataset\archive\data\data\real\100\IMG_1666266654558.jpg,3,100_rupees,current_real,current_3_img_1666266654558,train
C:\Users\bhave\OneDrive\Desktop\Sem7\ComputerVision\Project\part2\dataset\archive\data\data\real\100\IMG_1666266674410.jpg,3,100_rupees,current_real,current_3_img_1666266674410,train
C:\Users\bhave\OneDrive\Desktop\Sem7\ComputerVision\Project\part2\dataset\archive\data\data\real\100\IMG_1666266688298.jpg,3,100_rupees,current_real,current_3_img_1666266688298,train
C:\Users\bhave\OneDrive\Desktop\Sem7\ComputerVision\Project\part2\dataset\archive\data\data\real\100\IMG_1666266698761.jpg,3,100_rupees,current_real,current_3_img_1666266698761,train
C:\Users\bhave\OneDrive\Desktop\Sem7\ComputerVision\Project\part2\dataset\archive\data\data\real\100\IMG_1666266721383.jpg,3,100_rupees,current_real,current_3_img_1666266721383,train
C:\Users\bhave\OneDrive\Desktop\Sem7\ComputerVision\Project\part2\dataset\archive\data\data\real\100\IMG_1666266733902.jpg,3,100_rupees,current_real,current_3_img_1666266733902,train
C:\Users\bhave\OneDrive\Desktop\Sem7\ComputerVision\Project\part2\dataset\archive\data\data\real\100\IMG_1666266823443.jpg,3,100_rupees,current_real,current_3_img_1666266823443,train
C:\Users\bhave\OneDrive\Desktop\Sem7\ComputerVision\Project\part2\dataset\archive\data\data\real\100\IMG_1666266841763.jpg,3,100_rupees,current_real,current_3_img_1666266841763,train
C:\Users\bhave\OneDrive\Desktop\Sem7\ComputerVision\Project\part2\dataset\archive\data\data\real\100\IMG_1666266847237.jpg,3,100_rupees,current_real,current_3_img_1666266847237,train
C:\Users\bhave\OneDrive\Desktop\Sem7\ComputerVision\Project\part2\dataset\archive\data\data\real\100\IMG_1666266852875.jpg,3,100_rupees,current_real,current_3_img_1666266852875,train
C:\Users\bhave\OneDrive\Desktop\Sem7\ComputerVision\Project\part2\dataset\archive\data\data\real\100\IMG_1666266887823.jpg,3,100_rupees,current_real,current_3_img_1666266887823,train
C:\Users\bhave\OneDrive\Desktop\Sem7\ComputerVision\Project\part2\dataset\archive\data\data\real\100\IMG_1666266977500.jpg,3,100_rupees,current_real,current_3_img_1666266977500,train
C:\Users\bhave\OneDrive\Desktop\Sem7\ComputerVision\Project\part2\dataset\archive\data\data\real\100\IMG_1666267025074.jpg,3,100_rupees,current_real,current_3_img_1666267025074,train
C:\Users\bhave\OneDrive\Desktop\Sem7\ComputerVision\Project\part2\dataset\archive\data\data\real\100\IMG_1666269978381.jpg,3,100_rupees,current_real,current_3_img_1666269978381,train
C:\Users\bhave\OneDrive\Desktop\Sem7\ComputerVision\Project\part2\dataset\archive\data\data\real\100\IMG_1666269979465.jpg,3,100_rupees,current_real,current_3_img_1666269979465,train
C:\Users\bhave\OneDrive\Desktop\Sem7\ComputerVision\Project\part2\dataset\archive\data\data\real\100\IMG_1666270084652.jpg,3,100_rupees,current_real,current_3_img_1666270084652,train
C:\Users\bhave\OneDrive\Desktop\Sem7\ComputerVision\Project\part2\dataset\archive\data\data\real\100\IMG_1666270095633.jpg,3,100_rupees,current_real,current_3_img_1666270095633,train
C:\Users\bhave\OneDrive\Desktop\Sem7\ComputerVision\Project\part2\dataset\archive\data\data\real\100\IMG_1666270118444.jpg,3,100_rupees,current_real,current_3_img_1666270118444,train
C:\Users\bhave\OneDrive\Desktop\Sem7\ComputerVision\Project\part2\dataset\archive\data\data\real\100\IMG_1666270148712.jpg,3,100_rupees,current_real,current_3_img_1666270148712,train
C:\Users\bhave\OneDrive\Desktop\Sem7\ComputerVision\Project\part2\dataset\archive\data\data\real\100\IMG_1666270153638.jpg,3,100_rupees,current_real,current_3_img_1666270153638,train
C:\Users\bhave\OneDrive\Desktop\Sem7\ComputerVision\Project\part2\dataset\archive\data\data\real\100\IMG_1666270162605.jpg,3,100_rupees,current_real,current_3_img_1666270162605,train
C:\Users\bhave\OneDrive\Desktop\Sem7\ComputerVision\Project\part2\dataset\archive\data\data\real\100\IMG_1666270173674.jpg,3,100_rupees,current_real,current_3_img_1666270173674,train
C:\Users\bhave\OneDrive\Desktop\Sem7\ComputerVision\Project\part2\dataset\archive\data\data\real\100\IMG_1666270178738.jpg,3,100_rupees,current_real,current_3_img_1666270178738,train
C:\Users\bhave\OneDrive\Desktop\Sem7\ComputerVision\Project\part2\dataset\archive\data\data\real\100\IMG_1666270186876.jpg,3,100_rupees,current_real,current_3_img_1666270186876,train
C:\Users\bhave\OneDrive\Desktop\Sem7\ComputerVision\Project\part2\dataset\archive\data\data\real\100\IMG_1666270190505.jpg,3,100_rupees,current_real,current_3_img_1666270190505,train
C:\Users\bhave\OneDrive\Desktop\Sem7\ComputerVision\Project\part2\dataset\archive\data\data\real\100\IMG_1666270220286.jpg,3,100_rupees,current_real,current_3_img_1666270220286,train
C:\Users\bhave\OneDrive\Desktop\Sem7\ComputerVision\Project\part2\dataset\archive\data\data\real\100\IMG_1666270238825.jpg,3,100_rupees,current_real,current_3_img_1666270238825,train
C:\Users\bhave\OneDrive\Desktop\Sem7\ComputerVision\Project\part2\dataset\archive\data\data\real\100\IMG_1666270245101.jpg,3,100_rupees,current_real,current_3_img_1666270245101,train
C:\Users\bhave\OneDrive\Desktop\Sem7\ComputerVision\Project\part2\dataset\archive\data\data\real\100\IMG_1666270269602.jpg,3,100_rupees,current_real,current_3_img_1666270269602,train
C:\Users\bhave\OneDrive\Desktop\Sem7\ComputerVision\Project\part2\dataset\archive\data\data\real\100\IMG_1666270274544.jpg,3,100_rupees,current_real,current_3_img_1666270274544,train
C:\Users\bhave\OneDrive\Desktop\Sem7\ComputerVision\Project\part2\dataset\archive\data\data\real\100\IMG_1666270287033.jpg,3,100_rupees,current_real,current_3_img_1666270287033,train
C:\Users\bhave\OneDrive\Desktop\Sem7\ComputerVision\Project\part2\dataset\archive\data\data\real\100\IMG_1666270293802.jpg,3,100_rupees,current_real,current_3_img_1666270293802,train
C:\Users\bhave\OneDrive\Desktop\Sem7\ComputerVision\Project\part2\dataset\archive\data\data\real\100\IMG_1666270305335.jpg,3,100_rupees,current_real,current_3_img_1666270305335,train
C:\Users\bhave\OneDrive\Desktop\Sem7\ComputerVision\Project\part2\dataset\archive\data\data\real\100\IMG_1666270315895.jpg,3,100_rupees,current_real,current_3_img_1666270315895,train
C:\Users\bhave\OneDrive\Desktop\Sem7\ComputerVision\Project\part2\dataset\archive\data\data\real\100\IMG_1666270317946.jpg,3,100_rupees,current_real,current_3_img_1666270317946,train
C:\Users\bhave\OneDrive\Desktop\Sem7\ComputerVision\Project\part2\dataset\archive\data\data\real\100\IMG_1666270336535.jpg,3,100_rupees,current_real,current_3_img_1666270336535,train
C:\Users\bhave\OneDrive\Desktop\Sem7\ComputerVision\Project\part2\dataset\archive\data\data\real\100\IMG_1666270351142.jpg,3,100_rupees,current_real,current_3_img_1666270351142,train
C:\Users\bhave\OneDrive\Desktop\Sem7\ComputerVision\Project\part2\dataset\archive\data\data\real\100\IMG_1666270356722.jpg,3,100_rupees,current_real,current_3_img_1666270356722,train
C:\Users\bhave\OneDrive\Desktop\Sem7\ComputerVision\Project\part2\dataset\archive\data\data\real\100\IMG_1666270369289.jpg,3,100_rupees,current_real,current_3_img_1666270369289,train
C:\Users\bhave\OneDrive\Desktop\Sem7\ComputerVision\Project\part2\dataset\archive\data\data\real\100\IMG_1666270374647.jpg,3,100_rupees,current_real,current_3_img_1666270374647,train
C:\Users\bhave\OneDrive\Desktop\Sem7\ComputerVision\Project\part2\dataset\archive\data\data\real\100\IMG_1666270397430.jpg,3,100_rupees,current_real,current_3_img_1666270397430,train
C:\Users\bhave\OneDrive\Desktop\Sem7\ComputerVision\Project\part2\dataset\archive\data\data\real\100\IMG_1666270405186.jpg,3,100_rupees,current_real,current_3_img_1666270405186,train
C:\Users\bhave\OneDrive\Desktop\Sem7\ComputerVision\Project\part2\dataset\archive\data\data\real\100\IMG_1666270429194.jpg,3,100_rupees,current_real,current_3_img_1666270429194,train
C:\Users\bhave\OneDrive\Desktop\Sem7\ComputerVision\Project\part2\dataset\archive\data\data\real\100\IMG_1666270458054.jpg,3,100_rupees,current_real,current_3_img_1666270458054,train
C:\Users\bhave\OneDrive\Desktop\Sem7\ComputerVision\Project\part2\dataset\archive\data\data\real\100\IMG_1666270464248.jpg,3,100_rupees,current_real,current_3_img_1666270464248,train
C:\Users\bhave\OneDrive\Desktop\Sem7\ComputerVision\Project\part2\dataset\archive\data\data\real\100\IMG_1666270487409.jpg,3,100_rupees,current_real,current_3_img_1666270487409,train
C:\Users\bhave\OneDrive\Desktop\Sem7\ComputerVision\Project\part2\dataset\archive\data\data\real\100\IMG_1666270530162.jpg,3,100_rupees,current_real,current_3_img_1666270530162,train
C:\Users\bhave\OneDrive\Desktop\Sem7\ComputerVision\Project\part2\dataset\archive\data\data\real\100\IMG_1666270535407.jpg,3,100_rupees,current_real,current_3_img_1666270535407,train
C:\Users\bhave\OneDrive\Desktop\Sem7\ComputerVision\Project\part2\dataset\archive\data\data\real\100\IMG_1666270540769.jpg,3,100_rupees,current_real,current_3_img_1666270540769,train
C:\Users\bhave\OneDrive\Desktop\Sem7\ComputerVision\Project\part2\dataset\archive\data\data\real\100\IMG_1666270551813.jpg,3,100_rupees,current_real,current_3_img_1666270551813,train
C:\Users\bhave\OneDrive\Desktop\Sem7\ComputerVision\Project\part2\dataset\archive\data\data\real\100\IMG_1666270556531.jpg,3,100_rupees,current_real,current_3_img_1666270556531,train
C:\Users\bhave\OneDrive\Desktop\Sem7\ComputerVision\Project\part2\dataset\archive\data\data\real\100\IMG_1666270581508.jpg,3,100_rupees,current_real,current_3_img_1666270581508,train
C:\Users\bhave\OneDrive\Desktop\Sem7\ComputerVision\Project\part2\dataset\archive\data\data\real\100\IMG_1666270631565.jpg,3,100_rupees,current_real,current_3_img_1666270631565,train
C:\Users\bhave\OneDrive\Desktop\Sem7\ComputerVision\Project\part2\dataset\archive\data\data\real\100\IMG_1666270657220.jpg,3,100_rupees,current_real,current_3_img_1666270657220,train
C:\Users\bhave\OneDrive\Desktop\Sem7\ComputerVision\Project\part2\dataset\archive\data\data\real\100\IMG_1666270662447.jpg,3,100_rupees,current_real,current_3_img_1666270662447,train
C:\Users\bhave\OneDrive\Desktop\Sem7\ComputerVision\Project\part2\dataset\archive\data\data\real\100\IMG_1666270682388.jpg,3,100_rupees,current_real,current_3_img_1666270682388,train
C:\Users\bhave\OneDrive\Desktop\Sem7\ComputerVision\Project\part2\dataset\archive\data\data\real\100\IMG_1666270695250.jpg,3,100_rupees,current_real,current_3_img_1666270695250,train
C:\Users\bhave\OneDrive\Desktop\Sem7\ComputerVision\Project\part2\dataset\archive\data\data\real\100\IMG_1666270706926.jpg,3,100_rupees,current_real,current_3_img_1666270706926,train
C:\Users\bhave\OneDrive\Desktop\Sem7\ComputerVision\Project\part2\dataset\archive\data\data\real\100\IMG_1666270712783.jpg,3,100_rupees,current_real,current_3_img_1666270712783,train
C:\Users\bhave\OneDrive\Desktop\Sem7\ComputerVision\Project\part2\dataset\archive\data\data\real\100\IMG_1666270732198.jpg,3,100_rupees,current_real,current_3_img_1666270732198,train
C:\Users\bhave\OneDrive\Desktop\Sem7\ComputerVision\Project\part2\dataset\archive\data\data\real\100\IMG_1666270737788.jpg,3,100_rupees,current_real,current_3_img_1666270737788,train
C:\Users\bhave\OneDrive\Desktop\Sem7\ComputerVision\Project\part2\dataset\archive\data\data\real\100\IMG_1666270751832.jpg,3,100_rupees,current_real,current_3_img_1666270751832,train
C:\Users\bhave\OneDrive\Desktop\Sem7\ComputerVision\Project\part2\dataset\archive\data\data\real\100\IMG_1666270759883.jpg,3,100_rupees,current_real,current_3_img_1666270759883,train
C:\Users\bhave\OneDrive\Desktop\Sem7\ComputerVision\Project\part2\dataset\archive\data\data\real\100\IMG_1667894128660.jpg,3,100_rupees,current_real,current_3_img_1667894128660,train
C:\Users\bhave\OneDrive\Desktop\Sem7\ComputerVision\Project\part2\dataset\archive\data\data\real\100\IMG_1667894151547.jpg,3,100_rupees,current_real,current_3_img_1667894151547,train
C:\Users\bhave\OneDrive\Desktop\Sem7\ComputerVision\Project\part2\dataset\archive\data\data\real\100\IMG_1667894156976.jpg,3,100_rupees,current_real,current_3_img_1667894156976,train
C:\Users\bhave\OneDrive\Desktop\Sem7\ComputerVision\Project\part2\dataset\archive\data\data\real\100\IMG_1667894167401.jpg,3,100_rupees,current_real,current_3_img_1667894167401,train
C:\Users\bhave\OneDrive\Desktop\Sem7\ComputerVision\Project\part2\dataset\archive\data\data\real\100\IMG_1667894172754.jpg,3,100_rupees,current_real,current_3_img_1667894172754,train
C:\Users\bhave\OneDrive\Desktop\Sem7\ComputerVision\Project\part2\dataset\archive\data\data\real\100\IMG_1667894190307.jpg,3,100_rupees,current_real,current_3_img_1667894190307,train
C:\Users\bhave\OneDrive\Desktop\Sem7\ComputerVision\Project\part2\dataset\archive\data\data\real\100\IMG_1667894306562.jpg,3,100_rupees,current_real,current_3_img_1667894306562,train
C:\Users\bhave\OneDrive\Desktop\Sem7\ComputerVision\Project\part2\dataset\archive\data\data\real\100\IMG_1667894314927.jpg,3,100_rupees,current_real,current_3_img_1667894314927,train
C:\Users\bhave\OneDrive\Desktop\Sem7\ComputerVision\Project\part2\dataset\archive\data\data\real\100\IMG_1667894322031.jpg,3,100_rupees,current_real,current_3_img_1667894322031,train
C:\Users\bhave\OneDrive\Desktop\Sem7\ComputerVision\Project\part2\dataset\archive\data\data\real\100\IMG_1667894341555.jpg,3,100_rupees,current_real,current_3_img_1667894341555,train
C:\Users\bhave\OneDrive\Desktop\Sem7\ComputerVision\Project\part2\dataset\archive\data\data\real\100\IMG_1667894346861.jpg,3,100_rupees,current_real,current_3_img_1667894346861,train
C:\Users\bhave\OneDrive\Desktop\Sem7\ComputerVision\Project\part2\dataset\archive\data\data\real\100\IMG_1667894370613.jpg,3,100_rupees,current_real,current_3_img_1667894370613,train
C:\Users\bhave\OneDrive\Desktop\Sem7\ComputerVision\Project\part2\dataset\archive\data\data\real\100\IMG_1667894378129.jpg,3,100_rupees,current_real,current_3_img_1667894378129,train
C:\Users\bhave\OneDrive\Desktop\Sem7\ComputerVision\Project\part2\dataset\archive\data\data\real\100\IMG_1667894393449.jpg,3,100_rupees,current_real,current_3_img_1667894393449,train
C:\Users\bhave\OneDrive\Desktop\Sem7\ComputerVision\Project\part2\dataset\archive\data\data\real\100\IMG_1667894416784.jpg,3,100_rupees,current_real,current_3_img_1667894416784,train
C:\Users\bhave\OneDrive\Desktop\Sem7\ComputerVision\Project\part2\dataset\archive\data\data\real\100\IMG_1667894421778.jpg,3,100_rupees,current_real,current_3_img_1667894421778,train
C:\Users\bhave\OneDrive\Desktop\Sem7\ComputerVision\Project\part2\dataset\archive\data\data\real\100\IMG_1667894438848.jpg,3,100_rupees,current_real,current_3_img_1667894438848,train
C:\Users\bhave\OneDrive\Desktop\Sem7\ComputerVision\Project\part2\dataset\archive\data\data\real\100\IMG_1667894452003.jpg,3,100_rupees,current_real,current_3_img_1667894452003,train
C:\Users\bhave\OneDrive\Desktop\Sem7\ComputerVision\Project\part2\dataset\archive\data\data\real\100\IMG_1667894458670.jpg,3,100_rupees,current_real,current_3_img_1667894458670,train
C:\Users\bhave\OneDrive\Desktop\Sem7\ComputerVision\Project\part2\dataset\archive\data\data\real\100\IMG_1667894486460.jpg,3,100_rupees,current_real,current_3_img_1667894486460,train
C:\Users\bhave\OneDrive\Desktop\Sem7\ComputerVision\Project\part2\dataset\archive\data\data\real\100\IMG_1667894502490.jpg,3,100_rupees,current_real,current_3_img_1667894502490,train
C:\Users\bhave\OneDrive\Desktop\Sem7\ComputerVision\Project\part2\dataset\archive\data\data\real\100\IMG_1667894516123.jpg,3,100_rupees,current_real,current_3_img_1667894516123,train
C:\Users\bhave\OneDrive\Desktop\Sem7\ComputerVision\Project\part2\dataset\archive\data\data\real\100\IMG_1667894558279.jpg,3,100_rupees,current_real,current_3_img_1667894558279,train
C:\Users\bhave\OneDrive\Desktop\Sem7\ComputerVision\Project\part2\dataset\archive\data\data\real\100\IMG_1667894579665.jpg,3,100_rupees,current_real,current_3_img_1667894579665,train
C:\Users\bhave\OneDrive\Desktop\Sem7\ComputerVision\Project\part2\dataset\archive\data\data\real\100\IMG_1667894586843.jpg,3,100_rupees,current_real,current_3_img_1667894586843,train
C:\Users\bhave\OneDrive\Desktop\Sem7\ComputerVision\Project\part2\dataset\archive\data\data\real\100\IMG_1667894594581.jpg,3,100_rupees,current_real,current_3_img_1667894594581,train
C:\Users\bhave\OneDrive\Desktop\Sem7\ComputerVision\Project\part2\dataset\archive\data\data\real\100\IMG_1667894608964.jpg,3,100_rupees,current_real,current_3_img_1667894608964,train
C:\Users\bhave\OneDrive\Desktop\Sem7\ComputerVision\Project\part2\dataset\archive\data\data\real\100\IMG_1667894614686.jpg,3,100_rupees,current_real,current_3_img_1667894614686,train
C:\Users\bhave\OneDrive\Desktop\Sem7\ComputerVision\Project\part2\dataset\archive\data\data\real\100\IMG_1667894639839.jpg,3,100_rupees,current_real,current_3_img_1667894639839,train
C:\Users\bhave\OneDrive\Desktop\Sem7\ComputerVision\Project\part2\dataset\archive\data\data\real\100\IMG_1667894646073.jpg,3,100_rupees,current_real,current_3_img_1667894646073,train
C:\Users\bhave\OneDrive\Desktop\Sem7\ComputerVision\Project\part2\dataset\archive\data\data\real\100\IMG_1667894660677.jpg,3,100_rupees,current_real,current_3_img_1667894660677,train
C:\Users\bhave\OneDrive\Desktop\Sem7\ComputerVision\Project\part2\dataset\archive\data\data\real\100\IMG_1667894671943.jpg,3,100_rupees,current_real,current_3_img_1667894671943,train
C:\Users\bhave\OneDrive\Desktop\Sem7\ComputerVision\Project\part2\dataset\archive\data\data\real\100\IMG_1667894686382.jpg,3,100_rupees,current_real,current_3_img_1667894686382,train
C:\Users\bhave\OneDrive\Desktop\Sem7\ComputerVision\Project\part2\dataset\archive\data\data\real\100\IMG_1667894690922.jpg,3,100_rupees,current_real,current_3_img_1667894690922,train
C:\Users\bhave\OneDrive\Desktop\Sem7\ComputerVision\Project\part2\dataset\archive\data\data\real\100\IMG_1667894698022.jpg,3,100_rupees,current_real,current_3_img_1667894698022,train
C:\Users\bhave\OneDrive\Desktop\Sem7\ComputerVision\Project\part2\dataset\archive\data\data\real\100\IMG_1667895268291.jpg,3,100_rupees,current_real,current_3_img_1667895268291,train
C:\Users\bhave\OneDrive\Desktop\Sem7\ComputerVision\Project\part2\dataset\archive\data\data\real\100\IMG_1667895284883.jpg,3,100_rupees,current_real,current_3_img_1667895284883,train
C:\Users\bhave\OneDrive\Desktop\Sem7\ComputerVision\Project\part2\dataset\archive\data\data\real\100\IMG_1667895294595.jpg,3,100_rupees,current_real,current_3_img_1667895294595,train
C:\Users\bhave\OneDrive\Desktop\Sem7\ComputerVision\Project\part2\dataset\archive\data\data\real\100\IMG_1667895301194.jpg,3,100_rupees,current_real,current_3_img_1667895301194,train
C:\Users\bhave\OneDrive\Desktop\Sem7\ComputerVision\Project\part2\dataset\archive\data\data\real\100\IMG_1667895350570.jpg,3,100_rupees,current_real,current_3_img_1667895350570,train
C:\Users\bhave\OneDrive\Desktop\Sem7\ComputerVision\Project\part2\dataset\archive\data\data\real\100\IMG_1667895356842.jpg,3,100_rupees,current_real,current_3_img_1667895356842,train
C:\Users\bhave\OneDrive\Desktop\Sem7\ComputerVision\Project\part2\dataset\archive\data\data\real\100\IMG_1667895366517.jpg,3,100_rupees,current_real,current_3_img_1667895366517,train
C:\Users\bhave\OneDrive\Desktop\Sem7\ComputerVision\Project\part2\dataset\archive\data\data\real\100\IMG_1667895373392.jpg,3,100_rupees,current_real,current_3_img_1667895373392,train
C:\Users\bhave\OneDrive\Desktop\Sem7\ComputerVision\Project\part2\dataset\archive\data\data\real\100\IMG_1667895395772.jpg,3,100_rupees,current_real,current_3_img_1667895395772,train
C:\Users\bhave\OneDrive\Desktop\Sem7\ComputerVision\Project\part2\dataset\archive\data\data\real\100\IMG_1667895432880.jpg,3,100_rupees,current_real,current_3_img_1667895432880,train
C:\Users\bhave\OneDrive\Desktop\Sem7\ComputerVision\Project\part2\dataset\archive\data\data\real\100\IMG_1667895448612.jpg,3,100_rupees,current_real,current_3_img_1667895448612,train
C:\Users\bhave\OneDrive\Desktop\Sem7\ComputerVision\Project\part2\dataset\archive\data\data\real\100\IMG_1667895460422.jpg,3,100_rupees,current_real,current_3_img_1667895460422,train
C:\Users\bhave\OneDrive\Desktop\Sem7\ComputerVision\Project\part2\dataset\archive\data\data\real\100\IMG_1667895532631.jpg,3,100_rupees,current_real,current_3_img_1667895532631,train
C:\Users\bhave\OneDrive\Desktop\Sem7\ComputerVision\Project\part2\dataset\archive\data\data\real\100\IMG_1667895552364.jpg,3,100_rupees,current_real,current_3_img_1667895552364,train
C:\Users\bhave\OneDrive\Desktop\Sem7\ComputerVision\Project\part2\dataset\archive\data\data\real\100\IMG_1667895557699.jpg,3,100_rupees,current_real,current_3_img_1667895557699,train
C:\Users\bhave\OneDrive\Desktop\Sem7\ComputerVision\Project\part2\dataset\archive\data\data\real\100\IMG_1667895562754.jpg,3,100_rupees,current_real,current_3_img_1667895562754,train
C:\Users\bhave\OneDrive\Desktop\Sem7\ComputerVision\Project\part2\dataset\archive\data\data\real\100\IMG_1667895573124.jpg,3,100_rupees,current_real,current_3_img_1667895573124,train
C:\Users\bhave\OneDrive\Desktop\Sem7\ComputerVision\Project\part2\dataset\archive\data\data\real\100\IMG_1667895579738.jpg,3,100_rupees,current_real,current_3_img_1667895579738,train
C:\Users\bhave\OneDrive\Desktop\Sem7\ComputerVision\Project\part2\dataset\archive\data\data\real\100\IMG_1667898527113.jpg,3,100_rupees,current_real,current_3_img_1667898527113,train
C:\Users\bhave\OneDrive\Desktop\Sem7\ComputerVision\Project\part2\dataset\archive\data\data\real\100\IMG_1667898592793.jpg,3,100_rupees,current_real,current_3_img_1667898592793,train
C:\Users\bhave\OneDrive\Desktop\Sem7\ComputerVision\Project\part2\dataset\archive\data\data\real\100\IMG_1667898598922.jpg,3,100_rupees,current_real,current_3_img_1667898598922,train
C:\Users\bhave\OneDrive\Desktop\Sem7\ComputerVision\Project\part2\dataset\archive\data\data\real\100\IMG_1667898692356.jpg,3,100_rupees,current_real,current_3_img_1667898692356,train
C:\Users\bhave\OneDrive\Desktop\Sem7\ComputerVision\Project\part2\dataset\archive\data\data\real\100\IMG_1667898721218.jpg,3,100_rupees,current_real,current_3_img_1667898721218,train
C:\Users\bhave\OneDrive\Desktop\Sem7\ComputerVision\Project\part2\dataset\archive\data\data\real\100\IMG_1667898756140.jpg,3,100_rupees,current_real,current_3_img_1667898756140,train
C:\Users\bhave\OneDrive\Desktop\Sem7\ComputerVision\Project\part2\dataset\archive\data\data\real\100\IMG_1667898762698.jpg,3,100_rupees,current_real,current_3_img_1667898762698,train
C:\Users\bhave\OneDrive\Desktop\Sem7\ComputerVision\Project\part2\dataset\archive\data\data\real\100\IMG_1667898782545.jpg,3,100_rupees,current_real,current_3_img_1667898782545,train
C:\Users\bhave\OneDrive\Desktop\Sem7\ComputerVision\Project\part2\dataset\archive\data\data\real\100\IMG_1667898804080.jpg,3,100_rupees,current_real,current_3_img_1667898804080,train
C:\Users\bhave\OneDrive\Desktop\Sem7\ComputerVision\Project\part2\dataset\archive\data\data\real\100\IMG_1667898820119.jpg,3,100_rupees,current_real,current_3_img_1667898820119,train
C:\Users\bhave\OneDrive\Desktop\Sem7\ComputerVision\Project\part2\dataset\archive\data\data\real\100\IMG_1667898867445.jpg,3,100_rupees,current_real,current_3_img_1667898867445,train
C:\Users\bhave\OneDrive\Desktop\Sem7\ComputerVision\Project\part2\dataset\archive\data\data\real\100\IMG_1667898919161.jpg,3,100_rupees,current_real,current_3_img_1667898919161,train
C:\Users\bhave\OneDrive\Desktop\Sem7\ComputerVision\Project\part2\dataset\archive\data\data\real\100\IMG_1667898924776.jpg,3,100_rupees,current_real,current_3_img_1667898924776,train
C:\Users\bhave\OneDrive\Desktop\Sem7\ComputerVision\Project\part2\dataset\archive\data\data\real\100\IMG_1667898990472.jpg,3,100_rupees,current_real,current_3_img_1667898990472,train
C:\Users\bhave\OneDrive\Desktop\Sem7\ComputerVision\Project\part2\dataset\archive\data\data\real\100\IMG_1667899216642.jpg,3,100_rupees,current_real,current_3_img_1667899216642,train
C:\Users\bhave\OneDrive\Desktop\Sem7\ComputerVision\Project\part2\dataset\archive\data\data\real\100\IMG_1667899229602.jpg,3,100_rupees,current_real,current_3_img_1667899229602,train
C:\Users\bhave\OneDrive\Desktop\Sem7\ComputerVision\Project\part2\dataset\archive\data\data\real\100\IMG_1667899235190.jpg,3,100_rupees,current_real,current_3_img_1667899235190,train
C:\Users\bhave\OneDrive\Desktop\Sem7\ComputerVision\Project\part2\dataset\archive\data\data\real\100\IMG_1667899242439.jpg,3,100_rupees,current_real,current_3_img_1667899242439,train
C:\Users\bhave\OneDrive\Desktop\Sem7\ComputerVision\Project\part2\dataset\archive\data\data\real\100\IMG_1667899257126.jpg,3,100_rupees,current_real,current_3_img_1667899257126,train
C:\Users\bhave\OneDrive\Desktop\Sem7\ComputerVision\Project\part2\dataset\archive\data\data\real\100\IMG_1667899288655.jpg,3,100_rupees,current_real,current_3_img_1667899288655,train
C:\Users\bhave\OneDrive\Desktop\Sem7\ComputerVision\Project\part2\dataset\archive\data\data\real\100\IMG_1667899314663.jpg,3,100_rupees,current_real,current_3_img_1667899314663,train
C:\Users\bhave\OneDrive\Desktop\Sem7\ComputerVision\Project\part2\dataset\archive\data\data\real\100\IMG_1667899344447.jpg,3,100_rupees,current_real,current_3_img_1667899344447,train
C:\Users\bhave\OneDrive\Desktop\Sem7\ComputerVision\Project\part2\dataset\archive\data\data\real\100\IMG_1667899364816.jpg,3,100_rupees,current_real,current_3_img_1667899364816,train
C:\Users\bhave\OneDrive\Desktop\Sem7\ComputerVision\Project\part2\dataset\archive\data\data\real\100\IMG_1667899371861.jpg,3,100_rupees,current_real,current_3_img_1667899371861,train
C:\Users\bhave\OneDrive\Desktop\Sem7\ComputerVision\Project\part2\dataset\archive\data\data\real\100\IMG_1667899432176.jpg,3,100_rupees,current_real,current_3_img_1667899432176,train
C:\Users\bhave\OneDrive\Desktop\Sem7\ComputerVision\Project\part2\dataset\archive\data\data\real\100\IMG_1667899462992.jpg,3,100_rupees,current_real,current_3_img_1667899462992,train
C:\Users\bhave\OneDrive\Desktop\Sem7\ComputerVision\Project\part2\dataset\archive\data\data\real\100\IMG_1667899507354.jpg,3,100_rupees,current_real,current_3_img_1667899507354,train
C:\Users\bhave\OneDrive\Desktop\Sem7\ComputerVision\Project\part2\dataset\archive\data\data\real\100\IMG_1667899531190.jpg,3,100_rupees,current_real,current_3_img_1667899531190,train
C:\Users\bhave\OneDrive\Desktop\Sem7\ComputerVision\Project\part2\dataset\archive\data\data\real\100\IMG_1667899621372.jpg,3,100_rupees,current_real,current_3_img_1667899621372,train
C:\Users\bhave\OneDrive\Desktop\Sem7\ComputerVision\Project\part2\dataset\archive\data\data\real\100\IMG_1667899627421.jpg,3,100_rupees,current_real,current_3_img_1667899627421,train
C:\Users\bhave\OneDrive\Desktop\Sem7\ComputerVision\Project\part2\dataset\archive\data\data\real\100\IMG_1667899706057.jpg,3,100_rupees,current_real,current_3_img_1667899706057,train
C:\Users\bhave\OneDrive\Desktop\Sem7\ComputerVision\Project\part2\dataset\archive\data\data\real\100\IMG_1667899710725.jpg,3,100_rupees,current_real,current_3_img_1667899710725,train
C:\Users\bhave\OneDrive\Desktop\Sem7\ComputerVision\Project\part2\dataset\archive\data\data\real\100\IMG_1667899769020.jpg,3,100_rupees,current_real,current_3_img_1667899769020,train
C:\Users\bhave\OneDrive\Desktop\Sem7\ComputerVision\Project\part2\dataset\archive\data\data\real\100\IMG_1667899786650.jpg,3,100_rupees,current_real,current_3_img_1667899786650,train
C:\Users\bhave\OneDrive\Desktop\Sem7\ComputerVision\Project\part2\dataset\archive\data\data\real\100\IMG_1667899804828.jpg,3,100_rupees,current_real,current_3_img_1667899804828,train
C:\Users\bhave\OneDrive\Desktop\Sem7\ComputerVision\Project\part2\dataset\archive\data\data\real\100\IMG_1667899839916.jpg,3,100_rupees,current_real,current_3_img_1667899839916,train
C:\Users\bhave\OneDrive\Desktop\Sem7\ComputerVision\Project\part2\dataset\archive\data\data\real\100\IMG_1667899848070.jpg,3,100_rupees,current_real,current_3_img_1667899848070,train
C:\Users\bhave\OneDrive\Desktop\Sem7\ComputerVision\Project\part2\dataset\archive\data\data\real\100\IMG_1667899857509.jpg,3,100_rupees,current_real,current_3_img_1667899857509,train
C:\Users\bhave\OneDrive\Desktop\Sem7\ComputerVision\Project\part2\dataset\archive\data\data\real\100\IMG_1667899875582.jpg,3,100_rupees,current_real,current_3_img_1667899875582,train
C:\Users\bhave\OneDrive\Desktop\Sem7\ComputerVision\Project\part2\dataset\archive\data\data\real\100\IMG_1667899936638.jpg,3,100_rupees,current_real,current_3_img_1667899936638,train
C:\Users\bhave\OneDrive\Desktop\Sem7\ComputerVision\Project\part2\dataset\archive\data\data\real\100\IMG_1667900010229.jpg,3,100_rupees,current_real,current_3_img_1667900010229,train
C:\Users\bhave\OneDrive\Desktop\Sem7\ComputerVision\Project\part2\dataset\archive\data\data\real\100\IMG_1667900028781.jpg,3,100_rupees,current_real,current_3_img_1667900028781,train
C:\Users\bhave\OneDrive\Desktop\Sem7\ComputerVision\Project\part2\dataset\archive\data\data\real\100\IMG_1667900053858.jpg,3,100_rupees,current_real,current_3_img_1667900053858,train
C:\Users\bhave\OneDrive\Desktop\Sem7\ComputerVision\Project\part2\dataset\archive\data\data\real\100\IMG_1667900063374.jpg,3,100_rupees,current_real,current_3_img_1667900063374,train
C:\Users\bhave\OneDrive\Desktop\Sem7\ComputerVision\Project\part2\dataset\archive\data\data\real\100\IMG_1667900073361.jpg,3,100_rupees,current_real,current_3_img_1667900073361,train
C:\Users\bhave\OneDrive\Desktop\Sem7\ComputerVision\Project\part2\dataset\archive\data\data\real\100\IMG_1667900126420.jpg,3,100_rupees,current_real,current_3_img_1667900126420,train
C:\Users\bhave\OneDrive\Desktop\Sem7\ComputerVision\Project\part2\dataset\archive\data\data\real\100\IMG_1667900134046.jpg,3,100_rupees,current_real,current_3_img_1667900134046,train
C:\Users\bhave\OneDrive\Desktop\Sem7\ComputerVision\Project\part2\dataset\archive\data\data\real\100\IMG_1667900193553.jpg,3,100_rupees,current_real,current_3_img_1667900193553,train
C:\Users\bhave\OneDrive\Desktop\Sem7\ComputerVision\Project\part2\dataset\archive\data\data\real\100\IMG_1667900232517.jpg,3,100_rupees,current_real,current_3_img_1667900232517,train
C:\Users\bhave\OneDrive\Desktop\Sem7\ComputerVision\Project\part2\dataset\archive\data\data\real\100\IMG_1667900319568.jpg,3,100_rupees,current_real,current_3_img_1667900319568,train
C:\Users\bhave\OneDrive\Desktop\Sem7\ComputerVision\Project\part2\dataset\archive\data\data\real\100\IMG_1667900330322.jpg,3,100_rupees,current_real,current_3_img_1667900330322,train
C:\Users\bhave\OneDrive\Desktop\Sem7\ComputerVision\Project\part2\dataset\archive\data\data\real\100\IMG_1667900337660.jpg,3,100_rupees,current_real,current_3_img_1667900337660,train
C:\Users\bhave\OneDrive\Desktop\Sem7\ComputerVision\Project\part2\dataset\archive\data\data\real\100\IMG_1667900349697.jpg,3,100_rupees,current_real,current_3_img_1667900349697,train
C:\Users\bhave\OneDrive\Desktop\Sem7\ComputerVision\Project\part2\dataset\archive\data\data\real\100\IMG_1667900373693.jpg,3,100_rupees,current_real,current_3_img_1667900373693,train
C:\Users\bhave\OneDrive\Desktop\Sem7\ComputerVision\Project\part2\dataset\archive\data\data\real\100\IMG_1667900997370.jpg,3,100_rupees,current_real,current_3_img_1667900997370,train
C:\Users\bhave\OneDrive\Desktop\Sem7\ComputerVision\Project\part2\dataset\archive\data\data\real\100\IMG_1667901005312.jpg,3,100_rupees,current_real,current_3_img_1667901005312,train
C:\Users\bhave\OneDrive\Desktop\Sem7\ComputerVision\Project\part2\dataset\archive\data\data\real\100\IMG_1667901046662.jpg,3,100_rupees,current_real,current_3_img_1667901046662,train
C:\Users\bhave\OneDrive\Desktop\Sem7\ComputerVision\Project\part2\dataset\archive\data\data\real\100\IMG_1667901071943.jpg,3,100_rupees,current_real,current_3_img_1667901071943,train
C:\Users\bhave\OneDrive\Desktop\Sem7\ComputerVision\Project\part2\dataset\archive\data\data\real\100\IMG_1667901080530.jpg,3,100_rupees,current_real,current_3_img_1667901080530,train
C:\Users\bhave\OneDrive\Desktop\Sem7\ComputerVision\Project\part2\dataset\archive\data\data\real\100\IMG_1667901089968.jpg,3,100_rupees,current_real,current_3_img_1667901089968,train
C:\Users\bhave\OneDrive\Desktop\Sem7\ComputerVision\Project\part2\dataset\archive\data\data\real\100\IMG_1667901100600.jpg,3,100_rupees,current_real,current_3_img_1667901100600,train
C:\Users\bhave\OneDrive\Desktop\Sem7\ComputerVision\Project\part2\dataset\archive\data\data\real\100\IMG_1667901112590.jpg,3,100_rupees,current_real,current_3_img_1667901112590,train
C:\Users\bhave\OneDrive\Desktop\Sem7\ComputerVision\Project\part2\dataset\archive\data\data\real\100\IMG_1667901124129.jpg,3,100_rupees,current_real,current_3_img_1667901124129,train
C:\Users\bhave\OneDrive\Desktop\Sem7\ComputerVision\Project\part2\dataset\archive\data\data\real\100\IMG_1667901148106.jpg,3,100_rupees,current_real,current_3_img_1667901148106,train
C:\Users\bhave\OneDrive\Desktop\Sem7\ComputerVision\Project\part2\dataset\archive\data\data\real\100\IMG_1667901172141.jpg,3,100_rupees,current_real,current_3_img_1667901172141,train
C:\Users\bhave\OneDrive\Desktop\Sem7\ComputerVision\Project\part2\dataset\archive\data\data\real\100\IMG_1667901179154.jpg,3,100_rupees,current_real,current_3_img_1667901179154,train
C:\Users\bhave\OneDrive\Desktop\Sem7\ComputerVision\Project\part2\dataset\archive\data\data\real\100\IMG_1667901188792.jpg,3,100_rupees,current_real,current_3_img_1667901188792,train
C:\Users\bhave\OneDrive\Desktop\Sem7\ComputerVision\Project\part2\dataset\archive\data\data\real\100\IMG_1667901202042.jpg,3,100_rupees,current_real,current_3_img_1667901202042,train
C:\Users\bhave\OneDrive\Desktop\Sem7\ComputerVision\Project\part2\dataset\archive\data\data\real\100\IMG_1667901235543.jpg,3,100_rupees,current_real,current_3_img_1667901235543,train
C:\Users\bhave\OneDrive\Desktop\Sem7\ComputerVision\Project\part2\dataset\archive\data\data\real\100\IMG_1667901245344.jpg,3,100_rupees,current_real,current_3_img_1667901245344,train
C:\Users\bhave\OneDrive\Desktop\Sem7\ComputerVision\Project\part2\dataset\archive\data\data\real\100\IMG_1667901285691.jpg,3,100_rupees,current_real,current_3_img_1667901285691,train
C:\Users\bhave\OneDrive\Desktop\Sem7\ComputerVision\Project\part2\dataset\archive\data\data\real\100\IMG_1667901311596.jpg,3,100_rupees,current_real,current_3_img_1667901311596,train
C:\Users\bhave\OneDrive\Desktop\Sem7\ComputerVision\Project\part2\dataset\archive\data\data\real\100\IMG_1667901319209.jpg,3,100_rupees,current_real,current_3_img_1667901319209,train
C:\Users\bhave\OneDrive\Desktop\Sem7\ComputerVision\Project\part2\dataset\archive\data\data\real\100\IMG_1667901342405.jpg,3,100_rupees,current_real,current_3_img_1667901342405,train
C:\Users\bhave\OneDrive\Desktop\Sem7\ComputerVision\Project\part2\dataset\archive\data\data\real\100\IMG_1667901349763.jpg,3,100_rupees,current_real,current_3_img_1667901349763,train
C:\Users\bhave\OneDrive\Desktop\Sem7\ComputerVision\Project\part2\dataset\archive\data\data\real\100\IMG_1667901377046.jpg,3,100_rupees,current_real,current_3_img_1667901377046,train
C:\Users\bhave\OneDrive\Desktop\Sem7\ComputerVision\Project\part2\dataset\archive\data\data\real\100\IMG_1667901386775.jpg,3,100_rupees,current_real,current_3_img_1667901386775,train
C:\Users\bhave\OneDrive\Desktop\Sem7\ComputerVision\Project\part2\dataset\archive\data\data\real\100\IMG_1667901395612.jpg,3,100_rupees,current_real,current_3_img_1667901395612,train
C:\Users\bhave\OneDrive\Desktop\Sem7\ComputerVision\Project\part2\dataset\archive\data\data\real\100\IMG_1667901407909.jpg,3,100_rupees,current_real,current_3_img_1667901407909,train
C:\Users\bhave\OneDrive\Desktop\Sem7\ComputerVision\Project\part2\dataset\archive\data\data\real\100\IMG_1667901411903.jpg,3,100_rupees,current_real,current_3_img_1667901411903,train
C:\Users\bhave\OneDrive\Desktop\Sem7\ComputerVision\Project\part2\dataset\archive\data\data\real\100\IMG_1667901460226.jpg,3,100_rupees,current_real,current_3_img_1667901460226,train
C:\Users\bhave\OneDrive\Desktop\Sem7\ComputerVision\Project\part2\dataset\archive\data\data\real\100\IMG_1667901503113(1).jpg,3,100_rupees,current_real,current_3_img_1667901503113(1),train
C:\Users\bhave\OneDrive\Desktop\Sem7\ComputerVision\Project\part2\dataset\archive\data\data\real\100\IMG_1667901503113.jpg,3,100_rupees,current_real,current_3_img_1667901503113,train
C:\Users\bhave\OneDrive\Desktop\Sem7\ComputerVision\Project\part2\dataset\archive\data\data\real\100\IMG_1667901511863.jpg,3,100_rupees,current_real,current_3_img_1667901511863,train
C:\Users\bhave\OneDrive\Desktop\Sem7\ComputerVision\Project\part2\dataset\archive\data\data\real\100\IMG_1667901534914.jpg,3,100_rupees,current_real,current_3_img_1667901534914,train
C:\Users\bhave\OneDrive\Desktop\Sem7\ComputerVision\Project\part2\dataset\archive\data\data\real\100\IMG_1667901584036.jpg,3,100_rupees,current_real,current_3_img_1667901584036,train
C:\Users\bhave\OneDrive\Desktop\Sem7\ComputerVision\Project\part2\dataset\archive\data\data\real\100\IMG_1667901591349(1).jpg,3,100_rupees,current_real,current_3_img_1667901591349(1),train
C:\Users\bhave\OneDrive\Desktop\Sem7\ComputerVision\Project\part2\dataset\archive\data\data\real\100\IMG_1667901591349.jpg,3,100_rupees,current_real,current_3_img_1667901591349,train
C:\Users\bhave\OneDrive\Desktop\Sem7\ComputerVision\Project\part2\dataset\archive\data\data\real\100\IMG_1667901605193(1).jpg,3,100_rupees,current_real,current_3_img_1667901605193(1),train
C:\Users\bhave\OneDrive\Desktop\Sem7\ComputerVision\Project\part2\dataset\archive\data\data\real\100\IMG_1667901605193.jpg,3,100_rupees,current_real,current_3_img_1667901605193,train
C:\Users\bhave\OneDrive\Desktop\Sem7\ComputerVision\Project\part2\dataset\archive\data\data\real\100\IMG_1667901980029.jpg,3,100_rupees,current_real,current_3_img_1667901980029,train
C:\Users\bhave\OneDrive\Desktop\Sem7\ComputerVision\Project\part2\dataset\archive\data\data\real\100\IMG_1667901991423.jpg,3,100_rupees,current_real,current_3_img_1667901991423,train
C:\Users\bhave\OneDrive\Desktop\Sem7\ComputerVision\Project\part2\dataset\archive\data\data\real\100\IMG_1667902028945.jpg,3,100_rupees,current_real,current_3_img_1667902028945,train
C:\Users\bhave\OneDrive\Desktop\Sem7\ComputerVision\Project\part2\dataset\archive\data\data\real\100\IMG_1667902042758.jpg,3,100_rupees,current_real,current_3_img_1667902042758,train
C:\Users\bhave\OneDrive\Desktop\Sem7\ComputerVision\Project\part2\dataset\archive\data\data\real\100\IMG_1667902055753.jpg,3,100_rupees,current_real,current_3_img_1667902055753,train
C:\Users\bhave\OneDrive\Desktop\Sem7\ComputerVision\Project\part2\dataset\archive\data\data\real\100\IMG_1667902072897.jpg,3,100_rupees,current_real,current_3_img_1667902072897,train
C:\Users\bhave\OneDrive\Desktop\Sem7\ComputerVision\Project\part2\dataset\archive\data\data\real\100\IMG_1667902080323.jpg,3,100_rupees,current_real,current_3_img_1667902080323,train
C:\Users\bhave\OneDrive\Desktop\Sem7\ComputerVision\Project\part2\dataset\archive\data\data\real\100\IMG_1667902099819.jpg,3,100_rupees,current_real,current_3_img_1667902099819,train
C:\Users\bhave\OneDrive\Desktop\Sem7\ComputerVision\Project\part2\dataset\archive\data\data\real\200\1.jpg,4,200_rupees,current_real,current_4_1,train
C:\Users\bhave\OneDrive\Desktop\Sem7\ComputerVision\Project\part2\dataset\archive\data\data\real\200\11.jpg,4,200_rupees,current_real,current_4_11,train
C:\Users\bhave\OneDrive\Desktop\Sem7\ComputerVision\Project\part2\dataset\archive\data\data\real\200\12.jpg,4,200_rupees,current_real,current_4_12,train
C:\Users\bhave\OneDrive\Desktop\Sem7\ComputerVision\Project\part2\dataset\archive\data\data\real\200\16.jpg,4,200_rupees,current_real,current_4_16,train
C:\Users\bhave\OneDrive\Desktop\Sem7\ComputerVision\Project\part2\dataset\archive\data\data\real\200\17.jpg,4,200_rupees,current_real,current_4_17,train
C:\Users\bhave\OneDrive\Desktop\Sem7\ComputerVision\Project\part2\dataset\archive\data\data\real\200\18.jpg,4,200_rupees,current_real,current_4_18,train
C:\Users\bhave\OneDrive\Desktop\Sem7\ComputerVision\Project\part2\dataset\archive\data\data\real\200\19.jpg,4,200_rupees,current_real,current_4_19,train
C:\Users\bhave\OneDrive\Desktop\Sem7\ComputerVision\Project\part2\dataset\archive\data\data\real\200\20.jpg,4,200_rupees,current_real,current_4_20,train
C:\Users\bhave\OneDrive\Desktop\Sem7\ComputerVision\Project\part2\dataset\archive\data\data\real\200\21.jpg,4,200_rupees,current_real,current_4_21,train
C:\Users\bhave\OneDrive\Desktop\Sem7\ComputerVision\Project\part2\dataset\archive\data\data\real\200\24.jpg,4,200_rupees,current_real,current_4_24,train
C:\Users\bhave\OneDrive\Desktop\Sem7\ComputerVision\Project\part2\dataset\archive\data\data\real\200\25.jpg,4,200_rupees,current_real,current_4_25,train
C:\Users\bhave\OneDrive\Desktop\Sem7\ComputerVision\Project\part2\dataset\archive\data\data\real\200\26.jpg,4,200_rupees,current_real,current_4_26,train
C:\Users\bhave\OneDrive\Desktop\Sem7\ComputerVision\Project\part2\dataset\archive\data\data\real\200\28.jpg,4,200_rupees,current_real,current_4_28,train
C:\Users\bhave\OneDrive\Desktop\Sem7\ComputerVision\Project\part2\dataset\archive\data\data\real\200\3.jpg,4,200_rupees,current_real,current_4_3,train
C:\Users\bhave\OneDrive\Desktop\Sem7\ComputerVision\Project\part2\dataset\archive\data\data\real\200\30.jpg,4,200_rupees,current_real,current_4_30,train
C:\Users\bhave\OneDrive\Desktop\Sem7\ComputerVision\Project\part2\dataset\archive\data\data\real\200\31.jpg,4,200_rupees,current_real,current_4_31,train
C:\Users\bhave\OneDrive\Desktop\Sem7\ComputerVision\Project\part2\dataset\archive\data\data\real\200\32.jpg,4,200_rupees,current_real,current_4_32,train
C:\Users\bhave\OneDrive\Desktop\Sem7\ComputerVision\Project\part2\dataset\archive\data\data\real\200\33.jpg,4,200_rupees,current_real,current_4_33,train
C:\Users\bhave\OneDrive\Desktop\Sem7\ComputerVision\Project\part2\dataset\archive\data\data\real\200\34.jpg,4,200_rupees,current_real,current_4_34,train
C:\Users\bhave\OneDrive\Desktop\Sem7\ComputerVision\Project\part2\dataset\archive\data\data\real\200\35.jpg,4,200_rupees,current_real,current_4_35,train
C:\Users\bhave\OneDrive\Desktop\Sem7\ComputerVision\Project\part2\dataset\archive\data\data\real\200\39.jpg,4,200_rupees,current_real,current_4_39,train
C:\Users\bhave\OneDrive\Desktop\Sem7\ComputerVision\Project\part2\dataset\archive\data\data\real\200\4.jpg,4,200_rupees,current_real,current_4_4,train
C:\Users\bhave\OneDrive\Desktop\Sem7\ComputerVision\Project\part2\dataset\archive\data\data\real\200\41.jpg,4,200_rupees,current_real,current_4_41,train
C:\Users\bhave\OneDrive\Desktop\Sem7\ComputerVision\Project\part2\dataset\archive\data\data\real\200\45.jpg,4,200_rupees,current_real,current_4_45,train
C:\Users\bhave\OneDrive\Desktop\Sem7\ComputerVision\Project\part2\dataset\archive\data\data\real\200\46.jpg,4,200_rupees,current_real,current_4_46,train
C:\Users\bhave\OneDrive\Desktop\Sem7\ComputerVision\Project\part2\dataset\archive\data\data\real\200\47.jpg,4,200_rupees,current_real,current_4_47,train
C:\Users\bhave\OneDrive\Desktop\Sem7\ComputerVision\Project\part2\dataset\archive\data\data\real\200\49.jpg,4,200_rupees,current_real,current_4_49,train
C:\Users\bhave\OneDrive\Desktop\Sem7\ComputerVision\Project\part2\dataset\archive\data\data\real\200\5.jpg,4,200_rupees,current_real,current_4_5,train
C:\Users\bhave\OneDrive\Desktop\Sem7\ComputerVision\Project\part2\dataset\archive\data\data\real\200\53.jpg,4,200_rupees,current_real,current_4_53,train
C:\Users\bhave\OneDrive\Desktop\Sem7\ComputerVision\Project\part2\dataset\archive\data\data\real\200\55.jpg,4,200_rupees,current_real,current_4_55,train
C:\Users\bhave\OneDrive\Desktop\Sem7\ComputerVision\Project\part2\dataset\archive\data\data\real\200\56.jpg,4,200_rupees,current_real,current_4_56,train
C:\Users\bhave\OneDrive\Desktop\Sem7\ComputerVision\Project\part2\dataset\archive\data\data\real\200\57.jpg,4,200_rupees,current_real,current_4_57,train
C:\Users\bhave\OneDrive\Desktop\Sem7\ComputerVision\Project\part2\dataset\archive\data\data\real\200\58.jpg,4,200_rupees,current_real,current_4_58,train
C:\Users\bhave\OneDrive\Desktop\Sem7\ComputerVision\Project\part2\dataset\archive\data\data\real\200\60.jpg,4,200_rupees,current_real,current_4_60,train
C:\Users\bhave\OneDrive\Desktop\Sem7\ComputerVision\Project\part2\dataset\archive\data\data\real\200\63.jpg,4,200_rupees,current_real,current_4_63,train
C:\Users\bhave\OneDrive\Desktop\Sem7\ComputerVision\Project\part2\dataset\archive\data\data\real\200\64.jpg,4,200_rupees,current_real,current_4_64,train
C:\Users\bhave\OneDrive\Desktop\Sem7\ComputerVision\Project\part2\dataset\archive\data\data\real\200\7.jpg,4,200_rupees,current_real,current_4_7,train
C:\Users\bhave\OneDrive\Desktop\Sem7\ComputerVision\Project\part2\dataset\archive\data\data\real\200\70.jpg,4,200_rupees,current_real,current_4_70,train
C:\Users\bhave\OneDrive\Desktop\Sem7\ComputerVision\Project\part2\dataset\archive\data\data\real\200\71.jpg,4,200_rupees,current_real,current_4_71,train
C:\Users\bhave\OneDrive\Desktop\Sem7\ComputerVision\Project\part2\dataset\archive\data\data\real\200\73.jpg,4,200_rupees,current_real,current_4_73,train
C:\Users\bhave\OneDrive\Desktop\Sem7\ComputerVision\Project\part2\dataset\archive\data\data\real\200\74.jpg,4,200_rupees,current_real,current_4_74,train
C:\Users\bhave\OneDrive\Desktop\Sem7\ComputerVision\Project\part2\dataset\archive\data\data\real\200\75.jpg,4,200_rupees,current_real,current_4_75,train
C:\Users\bhave\OneDrive\Desktop\Sem7\ComputerVision\Project\part2\dataset\archive\data\data\real\200\77.jpg,4,200_rupees,current_real,current_4_77,train
C:\Users\bhave\OneDrive\Desktop\Sem7\ComputerVision\Project\part2\dataset\archive\data\data\real\200\78.jpg,4,200_rupees,current_real,current_4_78,train
C:\Users\bhave\OneDrive\Desktop\Sem7\ComputerVision\Project\part2\dataset\archive\data\data\real\200\79.jpg,4,200_rupees,current_real,current_4_79,train
C:\Users\bhave\OneDrive\Desktop\Sem7\ComputerVision\Project\part2\dataset\archive\data\data\real\200\8.jpg,4,200_rupees,current_real,current_4_8,train
C:\Users\bhave\OneDrive\Desktop\Sem7\ComputerVision\Project\part2\dataset\archive\data\data\real\200\80.jpg,4,200_rupees,current_real,current_4_80,train
C:\Users\bhave\OneDrive\Desktop\Sem7\ComputerVision\Project\part2\dataset\archive\data\data\real\200\81.jpg,4,200_rupees,current_real,current_4_81,train
C:\Users\bhave\OneDrive\Desktop\Sem7\ComputerVision\Project\part2\dataset\archive\data\data\real\200\82.jpg,4,200_rupees,current_real,current_4_82,train
C:\Users\bhave\OneDrive\Desktop\Sem7\ComputerVision\Project\part2\dataset\archive\data\data\real\200\83.jpg,4,200_rupees,current_real,current_4_83,train
C:\Users\bhave\OneDrive\Desktop\Sem7\ComputerVision\Project\part2\dataset\archive\data\data\real\200\84.jpg,4,200_rupees,current_real,current_4_84,train
C:\Users\bhave\OneDrive\Desktop\Sem7\ComputerVision\Project\part2\dataset\archive\data\data\real\200\86.jpg,4,200_rupees,current_real,current_4_86,train
C:\Users\bhave\OneDrive\Desktop\Sem7\ComputerVision\Project\part2\dataset\archive\data\data\real\200\87.jpg,4,200_rupees,current_real,current_4_87,train
C:\Users\bhave\OneDrive\Desktop\Sem7\ComputerVision\Project\part2\dataset\archive\data\data\real\200\88.jpg,4,200_rupees,current_real,current_4_88,train
C:\Users\bhave\OneDrive\Desktop\Sem7\ComputerVision\Project\part2\dataset\archive\data\data\real\200\9.jpg,4,200_rupees,current_real,current_4_9,train
C:\Users\bhave\OneDrive\Desktop\Sem7\ComputerVision\Project\part2\dataset\archive\data\data\real\200\90.jpg,4,200_rupees,current_real,current_4_90,train
C:\Users\bhave\OneDrive\Desktop\Sem7\ComputerVision\Project\part2\dataset\archive\data\data\real\200\91.jpg,4,200_rupees,current_real,current_4_91,train
C:\Users\bhave\OneDrive\Desktop\Sem7\ComputerVision\Project\part2\dataset\archive\data\data\real\200\93.jpg,4,200_rupees,current_real,current_4_93,train
C:\Users\bhave\OneDrive\Desktop\Sem7\ComputerVision\Project\part2\dataset\archive\data\data\real\200\94.jpg,4,200_rupees,current_real,current_4_94,train
C:\Users\bhave\OneDrive\Desktop\Sem7\ComputerVision\Project\part2\dataset\archive\data\data\real\200\IMG20220927124131.jpg,4,200_rupees,current_real,current_4_img20220927124131,train
C:\Users\bhave\OneDrive\Desktop\Sem7\ComputerVision\Project\part2\dataset\archive\data\data\real\200\IMG20220927124205.jpg,4,200_rupees,current_real,current_4_img20220927124205,train
C:\Users\bhave\OneDrive\Desktop\Sem7\ComputerVision\Project\part2\dataset\archive\data\data\real\200\IMG20220927124241.jpg,4,200_rupees,current_real,current_4_img20220927124241,train
C:\Users\bhave\OneDrive\Desktop\Sem7\ComputerVision\Project\part2\dataset\archive\data\data\real\200\IMG20220927124309.jpg,4,200_rupees,current_real,current_4_img20220927124309,train
C:\Users\bhave\OneDrive\Desktop\Sem7\ComputerVision\Project\part2\dataset\archive\data\data\real\200\IMG20220927124321.jpg,4,200_rupees,current_real,current_4_img20220927124321,train
C:\Users\bhave\OneDrive\Desktop\Sem7\ComputerVision\Project\part2\dataset\archive\data\data\real\200\IMG20220927124355.jpg,4,200_rupees,current_real,current_4_img20220927124355,train
C:\Users\bhave\OneDrive\Desktop\Sem7\ComputerVision\Project\part2\dataset\archive\data\data\real\200\IMG20220927124419.jpg,4,200_rupees,current_real,current_4_img20220927124419,train
C:\Users\bhave\OneDrive\Desktop\Sem7\ComputerVision\Project\part2\dataset\archive\data\data\real\200\IMG20220927124708.jpg,4,200_rupees,current_real,current_4_img20220927124708,train
C:\Users\bhave\OneDrive\Desktop\Sem7\ComputerVision\Project\part2\dataset\archive\data\data\real\200\IMG20220927124805.jpg,4,200_rupees,current_real,current_4_img20220927124805,train
C:\Users\bhave\OneDrive\Desktop\Sem7\ComputerVision\Project\part2\dataset\archive\data\data\real\200\IMG20220927124819.jpg,4,200_rupees,current_real,current_4_img20220927124819,train
C:\Users\bhave\OneDrive\Desktop\Sem7\ComputerVision\Project\part2\dataset\archive\data\data\real\200\IMG20220927124822.jpg,4,200_rupees,current_real,current_4_img20220927124822,train
C:\Users\bhave\OneDrive\Desktop\Sem7\ComputerVision\Project\part2\dataset\archive\data\data\real\200\IMG20220927124824.jpg,4,200_rupees,current_real,current_4_img20220927124824,train
C:\Users\bhave\OneDrive\Desktop\Sem7\ComputerVision\Project\part2\dataset\archive\data\data\real\200\IMG20220927124839.jpg,4,200_rupees,current_real,current_4_img20220927124839,train
C:\Users\bhave\OneDrive\Desktop\Sem7\ComputerVision\Project\part2\dataset\archive\data\data\real\200\IMG20220929000421.jpg,4,200_rupees,current_real,current_4_img20220929000421,train
C:\Users\bhave\OneDrive\Desktop\Sem7\ComputerVision\Project\part2\dataset\archive\data\data\real\200\IMG20220929000426.jpg,4,200_rupees,current_real,current_4_img20220929000426,train
C:\Users\bhave\OneDrive\Desktop\Sem7\ComputerVision\Project\part2\dataset\archive\data\data\real\200\IMG20220929000439.jpg,4,200_rupees,current_real,current_4_img20220929000439,train
C:\Users\bhave\OneDrive\Desktop\Sem7\ComputerVision\Project\part2\dataset\archive\data\data\real\200\IMG20220929000442.jpg,4,200_rupees,current_real,current_4_img20220929000442,train
C:\Users\bhave\OneDrive\Desktop\Sem7\ComputerVision\Project\part2\dataset\archive\data\data\real\200\IMG20220929000449.jpg,4,200_rupees,current_real,current_4_img20220929000449,train
C:\Users\bhave\OneDrive\Desktop\Sem7\ComputerVision\Project\part2\dataset\archive\data\data\real\200\IMG20220929000454.jpg,4,200_rupees,current_real,current_4_img20220929000454,train
C:\Users\bhave\OneDrive\Desktop\Sem7\ComputerVision\Project\part2\dataset\archive\data\data\real\200\IMG20220929000501.jpg,4,200_rupees,current_real,current_4_img20220929000501,train
C:\Users\bhave\OneDrive\Desktop\Sem7\ComputerVision\Project\part2\dataset\archive\data\data\real\200\IMG20220929000507.jpg,4,200_rupees,current_real,current_4_img20220929000507,train
C:\Users\bhave\OneDrive\Desktop\Sem7\ComputerVision\Project\part2\dataset\archive\data\data\real\200\IMG20220929000510.jpg,4,200_rupees,current_real,current_4_img20220929000510,train
C:\Users\bhave\OneDrive\Desktop\Sem7\ComputerVision\Project\part2\dataset\archive\data\data\real\200\IMG20220929000512.jpg,4,200_rupees,current_real,current_4_img20220929000512,train
C:\Users\bhave\OneDrive\Desktop\Sem7\ComputerVision\Project\part2\dataset\archive\data\data\real\200\IMG20220929000520.jpg,4,200_rupees,current_real,current_4_img20220929000520,train
C:\Users\bhave\OneDrive\Desktop\Sem7\ComputerVision\Project\part2\dataset\archive\data\data\real\200\IMG20220929000541.jpg,4,200_rupees,current_real,current_4_img20220929000541,train
C:\Users\bhave\OneDrive\Desktop\Sem7\ComputerVision\Project\part2\dataset\archive\data\data\real\200\IMG20220929000545.jpg,4,200_rupees,current_real,current_4_img20220929000545,train
C:\Users\bhave\OneDrive\Desktop\Sem7\ComputerVision\Project\part2\dataset\archive\data\data\real\200\IMG20220929000548.jpg,4,200_rupees,current_real,current_4_img20220929000548,train
C:\Users\bhave\OneDrive\Desktop\Sem7\ComputerVision\Project\part2\dataset\archive\data\data\real\200\IMG20220929000550.jpg,4,200_rupees,current_real,current_4_img20220929000550,train
C:\Users\bhave\OneDrive\Desktop\Sem7\ComputerVision\Project\part2\dataset\archive\data\data\real\200\IMG20220929000555.jpg,4,200_rupees,current_real,current_4_img20220929000555,train
C:\Users\bhave\OneDrive\Desktop\Sem7\ComputerVision\Project\part2\dataset\archive\data\data\real\200\IMG20220929000600.jpg,4,200_rupees,current_real,current_4_img20220929000600,train
C:\Users\bhave\OneDrive\Desktop\Sem7\ComputerVision\Project\part2\dataset\archive\data\data\real\200\IMG20220929000603.jpg,4,200_rupees,current_real,current_4_img20220929000603,train
C:\Users\bhave\OneDrive\Desktop\Sem7\ComputerVision\Project\part2\dataset\archive\data\data\real\200\IMG20220929000643.jpg,4,200_rupees,current_real,current_4_img20220929000643,train
C:\Users\bhave\OneDrive\Desktop\Sem7\ComputerVision\Project\part2\dataset\archive\data\data\real\200\IMG20220929000647.jpg,4,200_rupees,current_real,current_4_img20220929000647,train
C:\Users\bhave\OneDrive\Desktop\Sem7\ComputerVision\Project\part2\dataset\archive\data\data\real\200\IMG20220929000653.jpg,4,200_rupees,current_real,current_4_img20220929000653,train
C:\Users\bhave\OneDrive\Desktop\Sem7\ComputerVision\Project\part2\dataset\archive\data\data\real\200\IMG20220929000654.jpg,4,200_rupees,current_real,current_4_img20220929000654,train
C:\Users\bhave\OneDrive\Desktop\Sem7\ComputerVision\Project\part2\dataset\archive\data\data\real\200\IMG20220929000701.jpg,4,200_rupees,current_real,current_4_img20220929000701,train
C:\Users\bhave\OneDrive\Desktop\Sem7\ComputerVision\Project\part2\dataset\archive\data\data\real\200\IMG20220929000711.jpg,4,200_rupees,current_real,current_4_img20220929000711,train
C:\Users\bhave\OneDrive\Desktop\Sem7\ComputerVision\Project\part2\dataset\archive\data\data\real\200\IMG20220929000717.jpg,4,200_rupees,current_real,current_4_img20220929000717,train
C:\Users\bhave\OneDrive\Desktop\Sem7\ComputerVision\Project\part2\dataset\archive\data\data\real\200\IMG20220929000720.jpg,4,200_rupees,current_real,current_4_img20220929000720,train
C:\Users\bhave\OneDrive\Desktop\Sem7\ComputerVision\Project\part2\dataset\archive\data\data\real\200\IMG20220929000722.jpg,4,200_rupees,current_real,current_4_img20220929000722,train
C:\Users\bhave\OneDrive\Desktop\Sem7\ComputerVision\Project\part2\dataset\archive\data\data\real\200\IMG20220929000724.jpg,4,200_rupees,current_real,current_4_img20220929000724,train
C:\Users\bhave\OneDrive\Desktop\Sem7\ComputerVision\Project\part2\dataset\archive\data\data\real\200\IMG20220929000726.jpg,4,200_rupees,current_real,current_4_img20220929000726,train
C:\Users\bhave\OneDrive\Desktop\Sem7\ComputerVision\Project\part2\dataset\archive\data\data\real\200\IMG20220929000729.jpg,4,200_rupees,current_real,current_4_img20220929000729,train
C:\Users\bhave\OneDrive\Desktop\Sem7\ComputerVision\Project\part2\dataset\archive\data\data\real\200\IMG20220929000731.jpg,4,200_rupees,current_real,current_4_img20220929000731,train
C:\Users\bhave\OneDrive\Desktop\Sem7\ComputerVision\Project\part2\dataset\archive\data\data\real\200\IMG20220929000733.jpg,4,200_rupees,current_real,current_4_img20220929000733,train
C:\Users\bhave\OneDrive\Desktop\Sem7\ComputerVision\Project\part2\dataset\archive\data\data\real\200\IMG20220929000735.jpg,4,200_rupees,current_real,current_4_img20220929000735,train
C:\Users\bhave\OneDrive\Desktop\Sem7\ComputerVision\Project\part2\dataset\archive\data\data\real\200\IMG20220929000740.jpg,4,200_rupees,current_real,current_4_img20220929000740,train
C:\Users\bhave\OneDrive\Desktop\Sem7\ComputerVision\Project\part2\dataset\archive\data\data\real\200\IMG20220929000743.jpg,4,200_rupees,current_real,current_4_img20220929000743,train
C:\Users\bhave\OneDrive\Desktop\Sem7\ComputerVision\Project\part2\dataset\archive\data\data\real\200\IMG20220929000745.jpg,4,200_rupees,current_real,current_4_img20220929000745,train
C:\Users\bhave\OneDrive\Desktop\Sem7\ComputerVision\Project\part2\dataset\archive\data\data\real\200\IMG20220929000748.jpg,4,200_rupees,current_real,current_4_img20220929000748,train
C:\Users\bhave\OneDrive\Desktop\Sem7\ComputerVision\Project\part2\dataset\archive\data\data\real\200\IMG20220929000755.jpg,4,200_rupees,current_real,current_4_img20220929000755,train
C:\Users\bhave\OneDrive\Desktop\Sem7\ComputerVision\Project\part2\dataset\archive\data\data\real\200\IMG20220929000759.jpg,4,200_rupees,current_real,current_4_img20220929000759,train
C:\Users\bhave\OneDrive\Desktop\Sem7\ComputerVision\Project\part2\dataset\archive\data\data\real\200\IMG20220929000823.jpg,4,200_rupees,current_real,current_4_img20220929000823,train
C:\Users\bhave\OneDrive\Desktop\Sem7\ComputerVision\Project\part2\dataset\archive\data\data\real\200\IMG20220929000832.jpg,4,200_rupees,current_real,current_4_img20220929000832,train
C:\Users\bhave\OneDrive\Desktop\Sem7\ComputerVision\Project\part2\dataset\archive\data\data\real\200\IMG20220929000835.jpg,4,200_rupees,current_real,current_4_img20220929000835,train
C:\Users\bhave\OneDrive\Desktop\Sem7\ComputerVision\Project\part2\dataset\archive\data\data\real\200\IMG20220929000838.jpg,4,200_rupees,current_real,current_4_img20220929000838,train
C:\Users\bhave\OneDrive\Desktop\Sem7\ComputerVision\Project\part2\dataset\archive\data\data\real\200\IMG20220929000842.jpg,4,200_rupees,current_real,current_4_img20220929000842,train
C:\Users\bhave\OneDrive\Desktop\Sem7\ComputerVision\Project\part2\dataset\archive\data\data\real\200\IMG20220929000919.jpg,4,200_rupees,current_real,current_4_img20220929000919,train
C:\Users\bhave\OneDrive\Desktop\Sem7\ComputerVision\Project\part2\dataset\archive\data\data\real\200\IMG20220929000923.jpg,4,200_rupees,current_real,current_4_img20220929000923,train
C:\Users\bhave\OneDrive\Desktop\Sem7\ComputerVision\Project\part2\dataset\archive\data\data\real\200\IMG20220929000925.jpg,4,200_rupees,current_real,current_4_img20220929000925,train
C:\Users\bhave\OneDrive\Desktop\Sem7\ComputerVision\Project\part2\dataset\archive\data\data\real\200\IMG20220929000926.jpg,4,200_rupees,current_real,current_4_img20220929000926,train
C:\Users\bhave\OneDrive\Desktop\Sem7\ComputerVision\Project\part2\dataset\archive\data\data\real\200\IMG20220929000936.jpg,4,200_rupees,current_real,current_4_img20220929000936,train
C:\Users\bhave\OneDrive\Desktop\Sem7\ComputerVision\Project\part2\dataset\archive\data\data\real\200\IMG20220929000940.jpg,4,200_rupees,current_real,current_4_img20220929000940,train
C:\Users\bhave\OneDrive\Desktop\Sem7\ComputerVision\Project\part2\dataset\archive\data\data\real\200\IMG20220929000957.jpg,4,200_rupees,current_real,current_4_img20220929000957,train
C:\Users\bhave\OneDrive\Desktop\Sem7\ComputerVision\Project\part2\dataset\archive\data\data\real\200\IMG20220929000959.jpg,4,200_rupees,current_real,current_4_img20220929000959,train
C:\Users\bhave\OneDrive\Desktop\Sem7\ComputerVision\Project\part2\dataset\archive\data\data\real\200\IMG20220929001001.jpg,4,200_rupees,current_real,current_4_img20220929001001,train
C:\Users\bhave\OneDrive\Desktop\Sem7\ComputerVision\Project\part2\dataset\archive\data\data\real\200\IMG20220929001006.jpg,4,200_rupees,current_real,current_4_img20220929001006,train
C:\Users\bhave\OneDrive\Desktop\Sem7\ComputerVision\Project\part2\dataset\archive\data\data\real\200\IMG20220929001010.jpg,4,200_rupees,current_real,current_4_img20220929001010,train
C:\Users\bhave\OneDrive\Desktop\Sem7\ComputerVision\Project\part2\dataset\archive\data\data\real\200\IMG20220929001012.jpg,4,200_rupees,current_real,current_4_img20220929001012,train
C:\Users\bhave\OneDrive\Desktop\Sem7\ComputerVision\Project\part2\dataset\archive\data\data\real\200\IMG20220929001017.jpg,4,200_rupees,current_real,current_4_img20220929001017,train
C:\Users\bhave\OneDrive\Desktop\Sem7\ComputerVision\Project\part2\dataset\archive\data\data\real\200\IMG20220929001019.jpg,4,200_rupees,current_real,current_4_img20220929001019,train
C:\Users\bhave\OneDrive\Desktop\Sem7\ComputerVision\Project\part2\dataset\archive\data\data\real\200\IMG20220929001023.jpg,4,200_rupees,current_real,current_4_img20220929001023,train
C:\Users\bhave\OneDrive\Desktop\Sem7\ComputerVision\Project\part2\dataset\archive\data\data\real\200\IMG20220929001025.jpg,4,200_rupees,current_real,current_4_img20220929001025,train
C:\Users\bhave\OneDrive\Desktop\Sem7\ComputerVision\Project\part2\dataset\archive\data\data\real\200\IMG20220929001027.jpg,4,200_rupees,current_real,current_4_img20220929001027,train
C:\Users\bhave\OneDrive\Desktop\Sem7\ComputerVision\Project\part2\dataset\archive\data\data\real\200\IMG20220929001032.jpg,4,200_rupees,current_real,current_4_img20220929001032,train
C:\Users\bhave\OneDrive\Desktop\Sem7\ComputerVision\Project\part2\dataset\archive\data\data\real\200\IMG20220929001041.jpg,4,200_rupees,current_real,current_4_img20220929001041,train
C:\Users\bhave\OneDrive\Desktop\Sem7\ComputerVision\Project\part2\dataset\archive\data\data\real\200\IMG20220929001044.jpg,4,200_rupees,current_real,current_4_img20220929001044,train
C:\Users\bhave\OneDrive\Desktop\Sem7\ComputerVision\Project\part2\dataset\archive\data\data\real\200\IMG20220929001044_01.jpg,4,200_rupees,current_real,current_4_img20220929001044_01,train
C:\Users\bhave\OneDrive\Desktop\Sem7\ComputerVision\Project\part2\dataset\archive\data\data\real\200\IMG20220929001104.jpg,4,200_rupees,current_real,current_4_img20220929001104,train
C:\Users\bhave\OneDrive\Desktop\Sem7\ComputerVision\Project\part2\dataset\archive\data\data\real\200\IMG20220929001108.jpg,4,200_rupees,current_real,current_4_img20220929001108,train
C:\Users\bhave\OneDrive\Desktop\Sem7\ComputerVision\Project\part2\dataset\archive\data\data\real\200\IMG20220929001113.jpg,4,200_rupees,current_real,current_4_img20220929001113,train
C:\Users\bhave\OneDrive\Desktop\Sem7\ComputerVision\Project\part2\dataset\archive\data\data\real\200\IMG20220929001116.jpg,4,200_rupees,current_real,current_4_img20220929001116,train
C:\Users\bhave\OneDrive\Desktop\Sem7\ComputerVision\Project\part2\dataset\archive\data\data\real\200\IMG20220929001126.jpg,4,200_rupees,current_real,current_4_img20220929001126,train
C:\Users\bhave\OneDrive\Desktop\Sem7\ComputerVision\Project\part2\dataset\archive\data\data\real\200\IMG20220929001131.jpg,4,200_rupees,current_real,current_4_img20220929001131,train
C:\Users\bhave\OneDrive\Desktop\Sem7\ComputerVision\Project\part2\dataset\archive\data\data\real\200\IMG20220929001134.jpg,4,200_rupees,current_real,current_4_img20220929001134,train
C:\Users\bhave\OneDrive\Desktop\Sem7\ComputerVision\Project\part2\dataset\archive\data\data\real\200\IMG20220929001138.jpg,4,200_rupees,current_real,current_4_img20220929001138,train
C:\Users\bhave\OneDrive\Desktop\Sem7\ComputerVision\Project\part2\dataset\archive\data\data\real\200\IMG20220929001141.jpg,4,200_rupees,current_real,current_4_img20220929001141,train
C:\Users\bhave\OneDrive\Desktop\Sem7\ComputerVision\Project\part2\dataset\archive\data\data\real\200\IMG20220929001150.jpg,4,200_rupees,current_real,current_4_img20220929001150,train
C:\Users\bhave\OneDrive\Desktop\Sem7\ComputerVision\Project\part2\dataset\archive\data\data\real\200\IMG20220929001154.jpg,4,200_rupees,current_real,current_4_img20220929001154,train
C:\Users\bhave\OneDrive\Desktop\Sem7\ComputerVision\Project\part2\dataset\archive\data\data\real\200\IMG20220929001156.jpg,4,200_rupees,current_real,current_4_img20220929001156,train
C:\Users\bhave\OneDrive\Desktop\Sem7\ComputerVision\Project\part2\dataset\archive\data\data\real\200\IMG20220929001300.jpg,4,200_rupees,current_real,current_4_img20220929001300,train
C:\Users\bhave\OneDrive\Desktop\Sem7\ComputerVision\Project\part2\dataset\archive\data\data\real\200\IMG20220929001303.jpg,4,200_rupees,current_real,current_4_img20220929001303,train
C:\Users\bhave\OneDrive\Desktop\Sem7\ComputerVision\Project\part2\dataset\archive\data\data\real\200\IMG20220929001304.jpg,4,200_rupees,current_real,current_4_img20220929001304,train
C:\Users\bhave\OneDrive\Desktop\Sem7\ComputerVision\Project\part2\dataset\archive\data\data\real\200\IMG20220929001309.jpg,4,200_rupees,current_real,current_4_img20220929001309,train
C:\Users\bhave\OneDrive\Desktop\Sem7\ComputerVision\Project\part2\dataset\archive\data\data\real\200\IMG20220929001311.jpg,4,200_rupees,current_real,current_4_img20220929001311,train
C:\Users\bhave\OneDrive\Desktop\Sem7\ComputerVision\Project\part2\dataset\archive\data\data\real\200\IMG20220929001334.jpg,4,200_rupees,current_real,current_4_img20220929001334,train
C:\Users\bhave\OneDrive\Desktop\Sem7\ComputerVision\Project\part2\dataset\archive\data\data\real\200\IMG20220929001336.jpg,4,200_rupees,current_real,current_4_img20220929001336,train
C:\Users\bhave\OneDrive\Desktop\Sem7\ComputerVision\Project\part2\dataset\archive\data\data\real\200\IMG20220929001339.jpg,4,200_rupees,current_real,current_4_img20220929001339,train
C:\Users\bhave\OneDrive\Desktop\Sem7\ComputerVision\Project\part2\dataset\archive\data\data\real\200\IMG20220929001341.jpg,4,200_rupees,current_real,current_4_img20220929001341,train
C:\Users\bhave\OneDrive\Desktop\Sem7\ComputerVision\Project\part2\dataset\archive\data\data\real\200\IMG20220929001343.jpg,4,200_rupees,current_real,current_4_img20220929001343,train
C:\Users\bhave\OneDrive\Desktop\Sem7\ComputerVision\Project\part2\dataset\archive\data\data\real\200\IMG20221107204936.jpg,4,200_rupees,current_real,current_4_img20221107204936,train
C:\Users\bhave\OneDrive\Desktop\Sem7\ComputerVision\Project\part2\dataset\archive\data\data\real\200\IMG20221107204948.jpg,4,200_rupees,current_real,current_4_img20221107204948,train
C:\Users\bhave\OneDrive\Desktop\Sem7\ComputerVision\Project\part2\dataset\archive\data\data\real\200\IMG20221107204956.jpg,4,200_rupees,current_real,current_4_img20221107204956,train
C:\Users\bhave\OneDrive\Desktop\Sem7\ComputerVision\Project\part2\dataset\archive\data\data\real\200\IMG20221107205009.jpg,4,200_rupees,current_real,current_4_img20221107205009,train
C:\Users\bhave\OneDrive\Desktop\Sem7\ComputerVision\Project\part2\dataset\archive\data\data\real\200\IMG20221107205030.jpg,4,200_rupees,current_real,current_4_img20221107205030,train
C:\Users\bhave\OneDrive\Desktop\Sem7\ComputerVision\Project\part2\dataset\archive\data\data\real\200\IMG_1666266463693.jpg,4,200_rupees,current_real,current_4_img_1666266463693,train
C:\Users\bhave\OneDrive\Desktop\Sem7\ComputerVision\Project\part2\dataset\archive\data\data\real\200\IMG_1666266475290.jpg,4,200_rupees,current_real,current_4_img_1666266475290,train
C:\Users\bhave\OneDrive\Desktop\Sem7\ComputerVision\Project\part2\dataset\archive\data\data\real\200\IMG_1666266501835.jpg,4,200_rupees,current_real,current_4_img_1666266501835,train
C:\Users\bhave\OneDrive\Desktop\Sem7\ComputerVision\Project\part2\dataset\archive\data\data\real\200\IMG_1666266522542.jpg,4,200_rupees,current_real,current_4_img_1666266522542,train
C:\Users\bhave\OneDrive\Desktop\Sem7\ComputerVision\Project\part2\dataset\archive\data\data\real\200\IMG_1666266550244.jpg,4,200_rupees,current_real,current_4_img_1666266550244,train
C:\Users\bhave\OneDrive\Desktop\Sem7\ComputerVision\Project\part2\dataset\archive\data\data\real\200\IMG_1666266566221.jpg,4,200_rupees,current_real,current_4_img_1666266566221,train
C:\Users\bhave\OneDrive\Desktop\Sem7\ComputerVision\Project\part2\dataset\archive\data\data\real\200\IMG_1666266627719.jpg,4,200_rupees,current_real,current_4_img_1666266627719,train
C:\Users\bhave\OneDrive\Desktop\Sem7\ComputerVision\Project\part2\dataset\archive\data\data\real\200\IMG_1666266651726.jpg,4,200_rupees,current_real,current_4_img_1666266651726,train
C:\Users\bhave\OneDrive\Desktop\Sem7\ComputerVision\Project\part2\dataset\archive\data\data\real\200\IMG_1666267294160.jpg,4,200_rupees,current_real,current_4_img_1666267294160,train
C:\Users\bhave\OneDrive\Desktop\Sem7\ComputerVision\Project\part2\dataset\archive\data\data\real\200\IMG_1666267600979.jpg,4,200_rupees,current_real,current_4_img_1666267600979,train
C:\Users\bhave\OneDrive\Desktop\Sem7\ComputerVision\Project\part2\dataset\archive\data\data\real\200\IMG_1666267607020.jpg,4,200_rupees,current_real,current_4_img_1666267607020,train
C:\Users\bhave\OneDrive\Desktop\Sem7\ComputerVision\Project\part2\dataset\archive\data\data\real\200\IMG_1666267614508.jpg,4,200_rupees,current_real,current_4_img_1666267614508,train
C:\Users\bhave\OneDrive\Desktop\Sem7\ComputerVision\Project\part2\dataset\archive\data\data\real\200\IMG_1666267625636.jpg,4,200_rupees,current_real,current_4_img_1666267625636,train
C:\Users\bhave\OneDrive\Desktop\Sem7\ComputerVision\Project\part2\dataset\archive\data\data\real\200\IMG_1666267637348.jpg,4,200_rupees,current_real,current_4_img_1666267637348,train
C:\Users\bhave\OneDrive\Desktop\Sem7\ComputerVision\Project\part2\dataset\archive\data\data\real\200\IMG_1666267700105.jpg,4,200_rupees,current_real,current_4_img_1666267700105,train
C:\Users\bhave\OneDrive\Desktop\Sem7\ComputerVision\Project\part2\dataset\archive\data\data\real\200\IMG_1666267735689.jpg,4,200_rupees,current_real,current_4_img_1666267735689,train
C:\Users\bhave\OneDrive\Desktop\Sem7\ComputerVision\Project\part2\dataset\archive\data\data\real\200\IMG_1666267740736.jpg,4,200_rupees,current_real,current_4_img_1666267740736,train
C:\Users\bhave\OneDrive\Desktop\Sem7\ComputerVision\Project\part2\dataset\archive\data\data\real\200\IMG_1666267747461.jpg,4,200_rupees,current_real,current_4_img_1666267747461,train
C:\Users\bhave\OneDrive\Desktop\Sem7\ComputerVision\Project\part2\dataset\archive\data\data\real\200\IMG_1666267777619.jpg,4,200_rupees,current_real,current_4_img_1666267777619,train
C:\Users\bhave\OneDrive\Desktop\Sem7\ComputerVision\Project\part2\dataset\archive\data\data\real\200\IMG_1666267781923.jpg,4,200_rupees,current_real,current_4_img_1666267781923,train
C:\Users\bhave\OneDrive\Desktop\Sem7\ComputerVision\Project\part2\dataset\archive\data\data\real\200\IMG_1666267790006.jpg,4,200_rupees,current_real,current_4_img_1666267790006,train
C:\Users\bhave\OneDrive\Desktop\Sem7\ComputerVision\Project\part2\dataset\archive\data\data\real\200\IMG_1666267824578.jpg,4,200_rupees,current_real,current_4_img_1666267824578,train
C:\Users\bhave\OneDrive\Desktop\Sem7\ComputerVision\Project\part2\dataset\archive\data\data\real\200\IMG_1666267914080.jpg,4,200_rupees,current_real,current_4_img_1666267914080,train
C:\Users\bhave\OneDrive\Desktop\Sem7\ComputerVision\Project\part2\dataset\archive\data\data\real\200\IMG_1666267937039.jpg,4,200_rupees,current_real,current_4_img_1666267937039,train
C:\Users\bhave\OneDrive\Desktop\Sem7\ComputerVision\Project\part2\dataset\archive\data\data\real\200\IMG_1667833132161.jpg,4,200_rupees,current_real,current_4_img_1667833132161,train
C:\Users\bhave\OneDrive\Desktop\Sem7\ComputerVision\Project\part2\dataset\archive\data\data\real\200\IMG_1667833144033.jpg,4,200_rupees,current_real,current_4_img_1667833144033,train
C:\Users\bhave\OneDrive\Desktop\Sem7\ComputerVision\Project\part2\dataset\archive\data\data\real\200\IMG_1667833201320.jpg,4,200_rupees,current_real,current_4_img_1667833201320,train
C:\Users\bhave\OneDrive\Desktop\Sem7\ComputerVision\Project\part2\dataset\archive\data\data\real\200\IMG_1667833303332.jpg,4,200_rupees,current_real,current_4_img_1667833303332,train
C:\Users\bhave\OneDrive\Desktop\Sem7\ComputerVision\Project\part2\dataset\archive\data\data\real\200\IMG_1667833321066.jpg,4,200_rupees,current_real,current_4_img_1667833321066,train
C:\Users\bhave\OneDrive\Desktop\Sem7\ComputerVision\Project\part2\dataset\archive\data\data\real\200\IMG_1667833445139.jpg,4,200_rupees,current_real,current_4_img_1667833445139,train
C:\Users\bhave\OneDrive\Desktop\Sem7\ComputerVision\Project\part2\dataset\archive\data\data\real\200\IMG_1667833457786.jpg,4,200_rupees,current_real,current_4_img_1667833457786,train
C:\Users\bhave\OneDrive\Desktop\Sem7\ComputerVision\Project\part2\dataset\archive\data\data\real\200\IMG_1667833465832.jpg,4,200_rupees,current_real,current_4_img_1667833465832,train
C:\Users\bhave\OneDrive\Desktop\Sem7\ComputerVision\Project\part2\dataset\archive\data\data\real\200\IMG_1667833503986.jpg,4,200_rupees,current_real,current_4_img_1667833503986,train
C:\Users\bhave\OneDrive\Desktop\Sem7\ComputerVision\Project\part2\dataset\archive\data\data\real\200\IMG_1667833519656.jpg,4,200_rupees,current_real,current_4_img_1667833519656,train
C:\Users\bhave\OneDrive\Desktop\Sem7\ComputerVision\Project\part2\dataset\archive\data\data\real\200\IMG_1667833533569.jpg,4,200_rupees,current_real,current_4_img_1667833533569,train
C:\Users\bhave\OneDrive\Desktop\Sem7\ComputerVision\Project\part2\dataset\archive\data\data\real\200\IMG_1667833540723.jpg,4,200_rupees,current_real,current_4_img_1667833540723,train
C:\Users\bhave\OneDrive\Desktop\Sem7\ComputerVision\Project\part2\dataset\archive\data\data\real\200\IMG_1667833558791.jpg,4,200_rupees,current_real,current_4_img_1667833558791,train
C:\Users\bhave\OneDrive\Desktop\Sem7\ComputerVision\Project\part2\dataset\archive\data\data\real\200\IMG_1667833585774.jpg,4,200_rupees,current_real,current_4_img_1667833585774,train
C:\Users\bhave\OneDrive\Desktop\Sem7\ComputerVision\Project\part2\dataset\archive\data\data\real\200\IMG_1667833636872.jpg,4,200_rupees,current_real,current_4_img_1667833636872,train
C:\Users\bhave\OneDrive\Desktop\Sem7\ComputerVision\Project\part2\dataset\archive\data\data\real\200\IMG_1667833692426.jpg,4,200_rupees,current_real,current_4_img_1667833692426,train
C:\Users\bhave\OneDrive\Desktop\Sem7\ComputerVision\Project\part2\dataset\archive\data\data\real\200\IMG_1667833714759.jpg,4,200_rupees,current_real,current_4_img_1667833714759,train
C:\Users\bhave\OneDrive\Desktop\Sem7\ComputerVision\Project\part2\dataset\archive\data\data\real\200\IMG_1667833725794.jpg,4,200_rupees,current_real,current_4_img_1667833725794,train
C:\Users\bhave\OneDrive\Desktop\Sem7\ComputerVision\Project\part2\dataset\archive\data\data\real\200\IMG_1667833734510.jpg,4,200_rupees,current_real,current_4_img_1667833734510,train
C:\Users\bhave\OneDrive\Desktop\Sem7\ComputerVision\Project\part2\dataset\archive\data\data\real\200\IMG_1667833747636.jpg,4,200_rupees,current_real,current_4_img_1667833747636,train
C:\Users\bhave\OneDrive\Desktop\Sem7\ComputerVision\Project\part2\dataset\archive\data\data\real\200\IMG_1667833798690.jpg,4,200_rupees,current_real,current_4_img_1667833798690,train
C:\Users\bhave\OneDrive\Desktop\Sem7\ComputerVision\Project\part2\dataset\archive\data\data\real\200\IMG_1667833807930.jpg,4,200_rupees,current_real,current_4_img_1667833807930,train
C:\Users\bhave\OneDrive\Desktop\Sem7\ComputerVision\Project\part2\dataset\archive\data\data\real\200\IMG_1667833822589.jpg,4,200_rupees,current_real,current_4_img_1667833822589,train
C:\Users\bhave\OneDrive\Desktop\Sem7\ComputerVision\Project\part2\dataset\archive\data\data\real\200\IMG_1667833843925.jpg,4,200_rupees,current_real,current_4_img_1667833843925,train
C:\Users\bhave\OneDrive\Desktop\Sem7\ComputerVision\Project\part2\dataset\archive\data\data\real\200\IMG_1667833852578.jpg,4,200_rupees,current_real,current_4_img_1667833852578,train
C:\Users\bhave\OneDrive\Desktop\Sem7\ComputerVision\Project\part2\dataset\archive\data\data\real\200\IMG_1667833861233.jpg,4,200_rupees,current_real,current_4_img_1667833861233,train
C:\Users\bhave\OneDrive\Desktop\Sem7\ComputerVision\Project\part2\dataset\archive\data\data\real\200\IMG_1667833886140.jpg,4,200_rupees,current_real,current_4_img_1667833886140,train
C:\Users\bhave\OneDrive\Desktop\Sem7\ComputerVision\Project\part2\dataset\archive\data\data\real\200\IMG_1667833892964.jpg,4,200_rupees,current_real,current_4_img_1667833892964,train
C:\Users\bhave\OneDrive\Desktop\Sem7\ComputerVision\Project\part2\dataset\archive\data\data\real\200\IMG_1667833898375.jpg,4,200_rupees,current_real,current_4_img_1667833898375,train
C:\Users\bhave\OneDrive\Desktop\Sem7\ComputerVision\Project\part2\dataset\archive\data\data\real\200\IMG_1667833911438.jpg,4,200_rupees,current_real,current_4_img_1667833911438,train
C:\Users\bhave\OneDrive\Desktop\Sem7\ComputerVision\Project\part2\dataset\archive\data\data\real\200\IMG_1667833930488.jpg,4,200_rupees,current_real,current_4_img_1667833930488,train
C:\Users\bhave\OneDrive\Desktop\Sem7\ComputerVision\Project\part2\dataset\archive\data\data\real\200\IMG_1667834058056.jpg,4,200_rupees,current_real,current_4_img_1667834058056,train
C:\Users\bhave\OneDrive\Desktop\Sem7\ComputerVision\Project\part2\dataset\archive\data\data\real\200\IMG_1667834077043.jpg,4,200_rupees,current_real,current_4_img_1667834077043,train
C:\Users\bhave\OneDrive\Desktop\Sem7\ComputerVision\Project\part2\dataset\archive\data\data\real\200\IMG_1667834082080.jpg,4,200_rupees,current_real,current_4_img_1667834082080,train
C:\Users\bhave\OneDrive\Desktop\Sem7\ComputerVision\Project\part2\dataset\archive\data\data\real\200\IMG_1667834102945.jpg,4,200_rupees,current_real,current_4_img_1667834102945,train
C:\Users\bhave\OneDrive\Desktop\Sem7\ComputerVision\Project\part2\dataset\archive\data\data\real\200\IMG_1667834130166.jpg,4,200_rupees,current_real,current_4_img_1667834130166,train
C:\Users\bhave\OneDrive\Desktop\Sem7\ComputerVision\Project\part2\dataset\archive\data\data\real\200\IMG_1667834141784.jpg,4,200_rupees,current_real,current_4_img_1667834141784,train
C:\Users\bhave\OneDrive\Desktop\Sem7\ComputerVision\Project\part2\dataset\archive\data\data\real\200\IMG_1667834168405.jpg,4,200_rupees,current_real,current_4_img_1667834168405,train
C:\Users\bhave\OneDrive\Desktop\Sem7\ComputerVision\Project\part2\dataset\archive\data\data\real\200\IMG_1667834195329.jpg,4,200_rupees,current_real,current_4_img_1667834195329,train
C:\Users\bhave\OneDrive\Desktop\Sem7\ComputerVision\Project\part2\dataset\archive\data\data\real\200\IMG_1667834230782.jpg,4,200_rupees,current_real,current_4_img_1667834230782,train
C:\Users\bhave\OneDrive\Desktop\Sem7\ComputerVision\Project\part2\dataset\archive\data\data\real\200\IMG_1667834472557.jpg,4,200_rupees,current_real,current_4_img_1667834472557,train
C:\Users\bhave\OneDrive\Desktop\Sem7\ComputerVision\Project\part2\dataset\archive\data\data\real\200\IMG_1667834539228.jpg,4,200_rupees,current_real,current_4_img_1667834539228,train
C:\Users\bhave\OneDrive\Desktop\Sem7\ComputerVision\Project\part2\dataset\archive\data\data\real\200\IMG_1667834554699.jpg,4,200_rupees,current_real,current_4_img_1667834554699,train
C:\Users\bhave\OneDrive\Desktop\Sem7\ComputerVision\Project\part2\dataset\archive\data\data\real\200\IMG_1667834562154.jpg,4,200_rupees,current_real,current_4_img_1667834562154,train
C:\Users\bhave\OneDrive\Desktop\Sem7\ComputerVision\Project\part2\dataset\archive\data\data\real\200\IMG_1667834586836.jpg,4,200_rupees,current_real,current_4_img_1667834586836,train
C:\Users\bhave\OneDrive\Desktop\Sem7\ComputerVision\Project\part2\dataset\archive\data\data\real\200\IMG_1667834599324.jpg,4,200_rupees,current_real,current_4_img_1667834599324,train
C:\Users\bhave\OneDrive\Desktop\Sem7\ComputerVision\Project\part2\dataset\archive\data\data\real\200\IMG_1667834610556.jpg,4,200_rupees,current_real,current_4_img_1667834610556,train
C:\Users\bhave\OneDrive\Desktop\Sem7\ComputerVision\Project\part2\dataset\archive\data\data\real\200\IMG_1667834839423.jpg,4,200_rupees,current_real,current_4_img_1667834839423,train
C:\Users\bhave\OneDrive\Desktop\Sem7\ComputerVision\Project\part2\dataset\archive\data\data\real\200\IMG_1667834849137.jpg,4,200_rupees,current_real,current_4_img_1667834849137,train
C:\Users\bhave\OneDrive\Desktop\Sem7\ComputerVision\Project\part2\dataset\archive\data\data\real\200\IMG_1667834894692.jpg,4,200_rupees,current_real,current_4_img_1667834894692,train
C:\Users\bhave\OneDrive\Desktop\Sem7\ComputerVision\Project\part2\dataset\archive\data\data\real\200\IMG_1667834899989.jpg,4,200_rupees,current_real,current_4_img_1667834899989,train
C:\Users\bhave\OneDrive\Desktop\Sem7\ComputerVision\Project\part2\dataset\archive\data\data\real\200\IMG_1667835764449.jpg,4,200_rupees,current_real,current_4_img_1667835764449,train
C:\Users\bhave\OneDrive\Desktop\Sem7\ComputerVision\Project\part2\dataset\archive\data\data\real\200\IMG_1667835771273.jpg,4,200_rupees,current_real,current_4_img_1667835771273,train
C:\Users\bhave\OneDrive\Desktop\Sem7\ComputerVision\Project\part2\dataset\archive\data\data\real\200\IMG_1667835796824.jpg,4,200_rupees,current_real,current_4_img_1667835796824,train
C:\Users\bhave\OneDrive\Desktop\Sem7\ComputerVision\Project\part2\dataset\archive\data\data\real\200\IMG_1667835823330.jpg,4,200_rupees,current_real,current_4_img_1667835823330,train
C:\Users\bhave\OneDrive\Desktop\Sem7\ComputerVision\Project\part2\dataset\archive\data\data\real\200\IMG_1667835865222.jpg,4,200_rupees,current_real,current_4_img_1667835865222,train
C:\Users\bhave\OneDrive\Desktop\Sem7\ComputerVision\Project\part2\dataset\archive\data\data\real\200\IMG_1667835947323.jpg,4,200_rupees,current_real,current_4_img_1667835947323,train
C:\Users\bhave\OneDrive\Desktop\Sem7\ComputerVision\Project\part2\dataset\archive\data\data\real\200\IMG_1667836010783.jpg,4,200_rupees,current_real,current_4_img_1667836010783,train
C:\Users\bhave\OneDrive\Desktop\Sem7\ComputerVision\Project\part2\dataset\archive\data\data\real\200\IMG_1667836087947.jpg,4,200_rupees,current_real,current_4_img_1667836087947,train
C:\Users\bhave\OneDrive\Desktop\Sem7\ComputerVision\Project\part2\dataset\archive\data\data\real\200\IMG_1667836097745.jpg,4,200_rupees,current_real,current_4_img_1667836097745,train
C:\Users\bhave\OneDrive\Desktop\Sem7\ComputerVision\Project\part2\dataset\archive\data\data\real\200\IMG_1667844335435.jpg,4,200_rupees,current_real,current_4_img_1667844335435,train
C:\Users\bhave\OneDrive\Desktop\Sem7\ComputerVision\Project\part2\dataset\archive\data\data\real\200\IMG_1667844350195.jpg,4,200_rupees,current_real,current_4_img_1667844350195,train
C:\Users\bhave\OneDrive\Desktop\Sem7\ComputerVision\Project\part2\dataset\archive\data\data\real\200\IMG_1667844384846.jpg,4,200_rupees,current_real,current_4_img_1667844384846,train
C:\Users\bhave\OneDrive\Desktop\Sem7\ComputerVision\Project\part2\dataset\archive\data\data\real\200\IMG_1667844403403.jpg,4,200_rupees,current_real,current_4_img_1667844403403,train
C:\Users\bhave\OneDrive\Desktop\Sem7\ComputerVision\Project\part2\dataset\archive\data\data\real\200\IMG_1667844412324.jpg,4,200_rupees,current_real,current_4_img_1667844412324,train
C:\Users\bhave\OneDrive\Desktop\Sem7\ComputerVision\Project\part2\dataset\archive\data\data\real\200\IMG_1667844438650.jpg,4,200_rupees,current_real,current_4_img_1667844438650,train
C:\Users\bhave\OneDrive\Desktop\Sem7\ComputerVision\Project\part2\dataset\archive\data\data\real\200\IMG_1667844449965.jpg,4,200_rupees,current_real,current_4_img_1667844449965,train
C:\Users\bhave\OneDrive\Desktop\Sem7\ComputerVision\Project\part2\dataset\archive\data\data\real\200\IMG_1667844466008.jpg,4,200_rupees,current_real,current_4_img_1667844466008,train
C:\Users\bhave\OneDrive\Desktop\Sem7\ComputerVision\Project\part2\dataset\archive\data\data\real\200\IMG_1667844473428.jpg,4,200_rupees,current_real,current_4_img_1667844473428,train
C:\Users\bhave\OneDrive\Desktop\Sem7\ComputerVision\Project\part2\dataset\archive\data\data\real\200\IMG_1667844532841.jpg,4,200_rupees,current_real,current_4_img_1667844532841,train
C:\Users\bhave\OneDrive\Desktop\Sem7\ComputerVision\Project\part2\dataset\archive\data\data\real\200\IMG_1667844566793.jpg,4,200_rupees,current_real,current_4_img_1667844566793,train
C:\Users\bhave\OneDrive\Desktop\Sem7\ComputerVision\Project\part2\dataset\archive\data\data\real\200\IMG_1667846788159.jpg,4,200_rupees,current_real,current_4_img_1667846788159,train
C:\Users\bhave\OneDrive\Desktop\Sem7\ComputerVision\Project\part2\dataset\archive\data\data\real\200\IMG_1667846796631.jpg,4,200_rupees,current_real,current_4_img_1667846796631,train
C:\Users\bhave\OneDrive\Desktop\Sem7\ComputerVision\Project\part2\dataset\archive\data\data\real\200\IMG_1667846832015.jpg,4,200_rupees,current_real,current_4_img_1667846832015,train
C:\Users\bhave\OneDrive\Desktop\Sem7\ComputerVision\Project\part2\dataset\archive\data\data\real\200\IMG_1667846924693.jpg,4,200_rupees,current_real,current_4_img_1667846924693,train
C:\Users\bhave\OneDrive\Desktop\Sem7\ComputerVision\Project\part2\dataset\archive\data\data\real\200\IMG_1667846950200.jpg,4,200_rupees,current_real,current_4_img_1667846950200,train
C:\Users\bhave\OneDrive\Desktop\Sem7\ComputerVision\Project\part2\dataset\archive\data\data\real\200\IMG_1667847052040.jpg,4,200_rupees,current_real,current_4_img_1667847052040,train
C:\Users\bhave\OneDrive\Desktop\Sem7\ComputerVision\Project\part2\dataset\archive\data\data\real\200\IMG_1667847156145.jpg,4,200_rupees,current_real,current_4_img_1667847156145,train
C:\Users\bhave\OneDrive\Desktop\Sem7\ComputerVision\Project\part2\dataset\archive\data\data\real\200\IMG_1667847171203.jpg,4,200_rupees,current_real,current_4_img_1667847171203,train
C:\Users\bhave\OneDrive\Desktop\Sem7\ComputerVision\Project\part2\dataset\archive\data\data\real\200\IMG_1667847178194.jpg,4,200_rupees,current_real,current_4_img_1667847178194,train
C:\Users\bhave\OneDrive\Desktop\Sem7\ComputerVision\Project\part2\dataset\archive\data\data\real\200\IMG_1667847186134.jpg,4,200_rupees,current_real,current_4_img_1667847186134,train
C:\Users\bhave\OneDrive\Desktop\Sem7\ComputerVision\Project\part2\dataset\archive\data\data\real\200\IMG_1667849263576.jpg,4,200_rupees,current_real,current_4_img_1667849263576,train
C:\Users\bhave\OneDrive\Desktop\Sem7\ComputerVision\Project\part2\dataset\archive\data\data\real\200\IMG_1667849309235.jpg,4,200_rupees,current_real,current_4_img_1667849309235,train
C:\Users\bhave\OneDrive\Desktop\Sem7\ComputerVision\Project\part2\dataset\archive\data\data\real\200\IMG_1667849321760.jpg,4,200_rupees,current_real,current_4_img_1667849321760,train
C:\Users\bhave\OneDrive\Desktop\Sem7\ComputerVision\Project\part2\dataset\archive\data\data\real\200\IMG_1667849327163.jpg,4,200_rupees,current_real,current_4_img_1667849327163,train
C:\Users\bhave\OneDrive\Desktop\Sem7\ComputerVision\Project\part2\dataset\archive\data\data\real\200\IMG_1667849337163.jpg,4,200_rupees,current_real,current_4_img_1667849337163,train
C:\Users\bhave\OneDrive\Desktop\Sem7\ComputerVision\Project\part2\dataset\archive\data\data\real\200\IMG_1667888000826.jpg,4,200_rupees,current_real,current_4_img_1667888000826,train
C:\Users\bhave\OneDrive\Desktop\Sem7\ComputerVision\Project\part2\dataset\archive\data\data\real\200\IMG_1667888008122.jpg,4,200_rupees,current_real,current_4_img_1667888008122,train
C:\Users\bhave\OneDrive\Desktop\Sem7\ComputerVision\Project\part2\dataset\archive\data\data\real\200\IMG_1667888012374.jpg,4,200_rupees,current_real,current_4_img_1667888012374,train
C:\Users\bhave\OneDrive\Desktop\Sem7\ComputerVision\Project\part2\dataset\archive\data\data\real\200\IMG_1667888020635.jpg,4,200_rupees,current_real,current_4_img_1667888020635,train
C:\Users\bhave\OneDrive\Desktop\Sem7\ComputerVision\Project\part2\dataset\archive\data\data\real\200\IMG_1667888024706.jpg,4,200_rupees,current_real,current_4_img_1667888024706,train
C:\Users\bhave\OneDrive\Desktop\Sem7\ComputerVision\Project\part2\dataset\archive\data\data\real\200\IMG_1667888027896.jpg,4,200_rupees,current_real,current_4_img_1667888027896,train
C:\Users\bhave\OneDrive\Desktop\Sem7\ComputerVision\Project\part2\dataset\archive\data\data\real\200\IMG_1667888032158.jpg,4,200_rupees,current_real,current_4_img_1667888032158,train
C:\Users\bhave\OneDrive\Desktop\Sem7\ComputerVision\Project\part2\dataset\archive\data\data\real\200\IMG_1667888035263.jpg,4,200_rupees,current_real,current_4_img_1667888035263,train
C:\Users\bhave\OneDrive\Desktop\Sem7\ComputerVision\Project\part2\dataset\archive\data\data\real\200\IMG_1667888051868.jpg,4,200_rupees,current_real,current_4_img_1667888051868,train
C:\Users\bhave\OneDrive\Desktop\Sem7\ComputerVision\Project\part2\dataset\archive\data\data\real\200\IMG_1667888061558.jpg,4,200_rupees,current_real,current_4_img_1667888061558,train
C:\Users\bhave\OneDrive\Desktop\Sem7\ComputerVision\Project\part2\dataset\archive\data\data\real\200\IMG_1667888065817.jpg,4,200_rupees,current_real,current_4_img_1667888065817,train
C:\Users\bhave\OneDrive\Desktop\Sem7\ComputerVision\Project\part2\dataset\archive\data\data\real\200\IMG_1667888078072.jpg,4,200_rupees,current_real,current_4_img_1667888078072,train
C:\Users\bhave\OneDrive\Desktop\Sem7\ComputerVision\Project\part2\dataset\archive\data\data\real\200\IMG_1667888111440.jpg,4,200_rupees,current_real,current_4_img_1667888111440,train
C:\Users\bhave\OneDrive\Desktop\Sem7\ComputerVision\Project\part2\dataset\archive\data\data\real\200\IMG_1667888116256.jpg,4,200_rupees,current_real,current_4_img_1667888116256,train
C:\Users\bhave\OneDrive\Desktop\Sem7\ComputerVision\Project\part2\dataset\archive\data\data\real\200\IMG_1667888120745.jpg,4,200_rupees,current_real,current_4_img_1667888120745,train
C:\Users\bhave\OneDrive\Desktop\Sem7\ComputerVision\Project\part2\dataset\archive\data\data\real\200\IMG_1667888124575.jpg,4,200_rupees,current_real,current_4_img_1667888124575,train
C:\Users\bhave\OneDrive\Desktop\Sem7\ComputerVision\Project\part2\dataset\archive\data\data\real\200\IMG_1667888128321.jpg,4,200_rupees,current_real,current_4_img_1667888128321,train
C:\Users\bhave\OneDrive\Desktop\Sem7\ComputerVision\Project\part2\dataset\archive\data\data\real\200\IMG_1667888132603.jpg,4,200_rupees,current_real,current_4_img_1667888132603,train
C:\Users\bhave\OneDrive\Desktop\Sem7\ComputerVision\Project\part2\dataset\archive\data\data\real\200\IMG_1667888137116.jpg,4,200_rupees,current_real,current_4_img_1667888137116,train
C:\Users\bhave\OneDrive\Desktop\Sem7\ComputerVision\Project\part2\dataset\archive\data\data\real\200\IMG_1667888145651.jpg,4,200_rupees,current_real,current_4_img_1667888145651,train
C:\Users\bhave\OneDrive\Desktop\Sem7\ComputerVision\Project\part2\dataset\archive\data\data\real\200\IMG_1667888153449.jpg,4,200_rupees,current_real,current_4_img_1667888153449,train
C:\Users\bhave\OneDrive\Desktop\Sem7\ComputerVision\Project\part2\dataset\archive\data\data\real\200\IMG_1667888158398.jpg,4,200_rupees,current_real,current_4_img_1667888158398,train
C:\Users\bhave\OneDrive\Desktop\Sem7\ComputerVision\Project\part2\dataset\archive\data\data\real\200\IMG_1667888170311.jpg,4,200_rupees,current_real,current_4_img_1667888170311,train
C:\Users\bhave\OneDrive\Desktop\Sem7\ComputerVision\Project\part2\dataset\archive\data\data\real\200\IMG_1667888175907.jpg,4,200_rupees,current_real,current_4_img_1667888175907,train
C:\Users\bhave\OneDrive\Desktop\Sem7\ComputerVision\Project\part2\dataset\archive\data\data\real\200\IMG_1667888181543.jpg,4,200_rupees,current_real,current_4_img_1667888181543,train
C:\Users\bhave\OneDrive\Desktop\Sem7\ComputerVision\Project\part2\dataset\archive\data\data\real\200\IMG_1667888201786.jpg,4,200_rupees,current_real,current_4_img_1667888201786,train
C:\Users\bhave\OneDrive\Desktop\Sem7\ComputerVision\Project\part2\dataset\archive\data\data\real\200\IMG_1667888206249.jpg,4,200_rupees,current_real,current_4_img_1667888206249,train
C:\Users\bhave\OneDrive\Desktop\Sem7\ComputerVision\Project\part2\dataset\archive\data\data\real\200\IMG_1667888210813.jpg,4,200_rupees,current_real,current_4_img_1667888210813,train
C:\Users\bhave\OneDrive\Desktop\Sem7\ComputerVision\Project\part2\dataset\archive\data\data\real\200\IMG_1667888215203.jpg,4,200_rupees,current_real,current_4_img_1667888215203,train
C:\Users\bhave\OneDrive\Desktop\Sem7\ComputerVision\Project\part2\dataset\archive\data\data\real\200\IMG_1667888227586.jpg,4,200_rupees,current_real,current_4_img_1667888227586,train
C:\Users\bhave\OneDrive\Desktop\Sem7\ComputerVision\Project\part2\dataset\archive\data\data\real\200\IMG_1667888236296.jpg,4,200_rupees,current_real,current_4_img_1667888236296,train
C:\Users\bhave\OneDrive\Desktop\Sem7\ComputerVision\Project\part2\dataset\archive\data\data\real\200\IMG_1667888240660.jpg,4,200_rupees,current_real,current_4_img_1667888240660,train
C:\Users\bhave\OneDrive\Desktop\Sem7\ComputerVision\Project\part2\dataset\archive\data\data\real\200\IMG_1667888244674.jpg,4,200_rupees,current_real,current_4_img_1667888244674,train
C:\Users\bhave\OneDrive\Desktop\Sem7\ComputerVision\Project\part2\dataset\archive\data\data\real\200\IMG_1667888249424.jpg,4,200_rupees,current_real,current_4_img_1667888249424,train
C:\Users\bhave\OneDrive\Desktop\Sem7\ComputerVision\Project\part2\dataset\archive\data\data\real\200\IMG_1667888253694.jpg,4,200_rupees,current_real,current_4_img_1667888253694,train
C:\Users\bhave\OneDrive\Desktop\Sem7\ComputerVision\Project\part2\dataset\archive\data\data\real\200\IMG_1667888263040.jpg,4,200_rupees,current_real,current_4_img_1667888263040,train
C:\Users\bhave\OneDrive\Desktop\Sem7\ComputerVision\Project\part2\dataset\archive\data\data\real\200\IMG_1667888278128.jpg,4,200_rupees,current_real,current_4_img_1667888278128,train
C:\Users\bhave\OneDrive\Desktop\Sem7\ComputerVision\Project\part2\dataset\archive\data\data\real\200\IMG_1667888286351.jpg,4,200_rupees,current_real,current_4_img_1667888286351,train
C:\Users\bhave\OneDrive\Desktop\Sem7\ComputerVision\Project\part2\dataset\archive\data\data\real\200\IMG_1667888291143.jpg,4,200_rupees,current_real,current_4_img_1667888291143,train
C:\Users\bhave\OneDrive\Desktop\Sem7\ComputerVision\Project\part2\dataset\archive\data\data\real\200\IMG_1667888303987.jpg,4,200_rupees,current_real,current_4_img_1667888303987,train
C:\Users\bhave\OneDrive\Desktop\Sem7\ComputerVision\Project\part2\dataset\archive\data\data\real\200\IMG_1667888313654.jpg,4,200_rupees,current_real,current_4_img_1667888313654,train
C:\Users\bhave\OneDrive\Desktop\Sem7\ComputerVision\Project\part2\dataset\archive\data\data\real\200\IMG_1667888318916.jpg,4,200_rupees,current_real,current_4_img_1667888318916,train
C:\Users\bhave\OneDrive\Desktop\Sem7\ComputerVision\Project\part2\dataset\archive\data\data\real\200\IMG_1667888336468.jpg,4,200_rupees,current_real,current_4_img_1667888336468,train
C:\Users\bhave\OneDrive\Desktop\Sem7\ComputerVision\Project\part2\dataset\archive\data\data\real\200\IMG_1667888341912.jpg,4,200_rupees,current_real,current_4_img_1667888341912,train
C:\Users\bhave\OneDrive\Desktop\Sem7\ComputerVision\Project\part2\dataset\archive\data\data\real\200\IMG_1667888372864.jpg,4,200_rupees,current_real,current_4_img_1667888372864,train
C:\Users\bhave\OneDrive\Desktop\Sem7\ComputerVision\Project\part2\dataset\archive\data\data\real\200\IMG_1667888401680.jpg,4,200_rupees,current_real,current_4_img_1667888401680,train
C:\Users\bhave\OneDrive\Desktop\Sem7\ComputerVision\Project\part2\dataset\archive\data\data\real\200\IMG_1667888484079.jpg,4,200_rupees,current_real,current_4_img_1667888484079,train
C:\Users\bhave\OneDrive\Desktop\Sem7\ComputerVision\Project\part2\dataset\archive\data\data\real\200\IMG_1667888523404.jpg,4,200_rupees,current_real,current_4_img_1667888523404,train
C:\Users\bhave\OneDrive\Desktop\Sem7\ComputerVision\Project\part2\dataset\archive\data\data\real\200\IMG_1667888534634.jpg,4,200_rupees,current_real,current_4_img_1667888534634,train
C:\Users\bhave\OneDrive\Desktop\Sem7\ComputerVision\Project\part2\dataset\archive\data\data\real\200\IMG_1667888550332.jpg,4,200_rupees,current_real,current_4_img_1667888550332,train
C:\Users\bhave\OneDrive\Desktop\Sem7\ComputerVision\Project\part2\dataset\archive\data\data\real\200\IMG_1667888568041.jpg,4,200_rupees,current_real,current_4_img_1667888568041,train
C:\Users\bhave\OneDrive\Desktop\Sem7\ComputerVision\Project\part2\dataset\archive\data\data\real\200\IMG_1667888572290.jpg,4,200_rupees,current_real,current_4_img_1667888572290,train
C:\Users\bhave\OneDrive\Desktop\Sem7\ComputerVision\Project\part2\dataset\archive\data\data\real\200\IMG_1667888580402.jpg,4,200_rupees,current_real,current_4_img_1667888580402,train
C:\Users\bhave\OneDrive\Desktop\Sem7\ComputerVision\Project\part2\dataset\archive\data\data\real\200\IMG_1667888584332.jpg,4,200_rupees,current_real,current_4_img_1667888584332,train
C:\Users\bhave\OneDrive\Desktop\Sem7\ComputerVision\Project\part2\dataset\archive\data\data\real\200\IMG_1667888594218.jpg,4,200_rupees,current_real,current_4_img_1667888594218,train
C:\Users\bhave\OneDrive\Desktop\Sem7\ComputerVision\Project\part2\dataset\archive\data\data\real\200\IMG_1667888599081.jpg,4,200_rupees,current_real,current_4_img_1667888599081,train
C:\Users\bhave\OneDrive\Desktop\Sem7\ComputerVision\Project\part2\dataset\archive\data\data\real\200\IMG_1667888604646.jpg,4,200_rupees,current_real,current_4_img_1667888604646,train
C:\Users\bhave\OneDrive\Desktop\Sem7\ComputerVision\Project\part2\dataset\archive\data\data\real\200\IMG_1667888613945.jpg,4,200_rupees,current_real,current_4_img_1667888613945,train
C:\Users\bhave\OneDrive\Desktop\Sem7\ComputerVision\Project\part2\dataset\archive\data\data\real\200\IMG_1667888622924.jpg,4,200_rupees,current_real,current_4_img_1667888622924,train
C:\Users\bhave\OneDrive\Desktop\Sem7\ComputerVision\Project\part2\dataset\archive\data\data\real\200\IMG_1667888627062.jpg,4,200_rupees,current_real,current_4_img_1667888627062,train
C:\Users\bhave\OneDrive\Desktop\Sem7\ComputerVision\Project\part2\dataset\archive\data\data\real\200\IMG_1667888635449.jpg,4,200_rupees,current_real,current_4_img_1667888635449,train
C:\Users\bhave\OneDrive\Desktop\Sem7\ComputerVision\Project\part2\dataset\archive\data\data\real\200\IMG_1667888640850.jpg,4,200_rupees,current_real,current_4_img_1667888640850,train
C:\Users\bhave\OneDrive\Desktop\Sem7\ComputerVision\Project\part2\dataset\archive\data\data\real\200\IMG_1667888659851.jpg,4,200_rupees,current_real,current_4_img_1667888659851,train
C:\Users\bhave\OneDrive\Desktop\Sem7\ComputerVision\Project\part2\dataset\archive\data\data\real\200\IMG_1667888665233.jpg,4,200_rupees,current_real,current_4_img_1667888665233,train
C:\Users\bhave\OneDrive\Desktop\Sem7\ComputerVision\Project\part2\dataset\archive\data\data\real\200\IMG_1667888669879.jpg,4,200_rupees,current_real,current_4_img_1667888669879,train
C:\Users\bhave\OneDrive\Desktop\Sem7\ComputerVision\Project\part2\dataset\archive\data\data\real\200\IMG_1667888675050.jpg,4,200_rupees,current_real,current_4_img_1667888675050,train
C:\Users\bhave\OneDrive\Desktop\Sem7\ComputerVision\Project\part2\dataset\archive\data\data\real\200\IMG_1667888679380.jpg,4,200_rupees,current_real,current_4_img_1667888679380,train
C:\Users\bhave\OneDrive\Desktop\Sem7\ComputerVision\Project\part2\dataset\archive\data\data\real\200\IMG_1667888686941.jpg,4,200_rupees,current_real,current_4_img_1667888686941,train
C:\Users\bhave\OneDrive\Desktop\Sem7\ComputerVision\Project\part2\dataset\archive\data\data\real\200\IMG_1667888690839.jpg,4,200_rupees,current_real,current_4_img_1667888690839,train
C:\Users\bhave\OneDrive\Desktop\Sem7\ComputerVision\Project\part2\dataset\archive\data\data\real\200\IMG_1667888700481.jpg,4,200_rupees,current_real,current_4_img_1667888700481,train
C:\Users\bhave\OneDrive\Desktop\Sem7\ComputerVision\Project\part2\dataset\archive\data\data\real\200\IMG_1667888704989.jpg,4,200_rupees,current_real,current_4_img_1667888704989,train
C:\Users\bhave\OneDrive\Desktop\Sem7\ComputerVision\Project\part2\dataset\archive\data\data\real\200\IMG_1667888712055.jpg,4,200_rupees,current_real,current_4_img_1667888712055,train
C:\Users\bhave\OneDrive\Desktop\Sem7\ComputerVision\Project\part2\dataset\archive\data\data\real\200\IMG_1667888720599.jpg,4,200_rupees,current_real,current_4_img_1667888720599,train
C:\Users\bhave\OneDrive\Desktop\Sem7\ComputerVision\Project\part2\dataset\archive\data\data\real\200\IMG_1667888724749.jpg,4,200_rupees,current_real,current_4_img_1667888724749,train
C:\Users\bhave\OneDrive\Desktop\Sem7\ComputerVision\Project\part2\dataset\archive\data\data\real\200\IMG_1667888755842.jpg,4,200_rupees,current_real,current_4_img_1667888755842,train
C:\Users\bhave\OneDrive\Desktop\Sem7\ComputerVision\Project\part2\dataset\archive\data\data\real\200\IMG_1667888791817.jpg,4,200_rupees,current_real,current_4_img_1667888791817,train
C:\Users\bhave\OneDrive\Desktop\Sem7\ComputerVision\Project\part2\dataset\archive\data\data\real\200\IMG_1667888795327.jpg,4,200_rupees,current_real,current_4_img_1667888795327,train
C:\Users\bhave\OneDrive\Desktop\Sem7\ComputerVision\Project\part2\dataset\archive\data\data\real\200\IMG_2315.jpg,4,200_rupees,current_real,current_4_img_2315,train
C:\Users\bhave\OneDrive\Desktop\Sem7\ComputerVision\Project\part2\dataset\archive\data\data\real\200\IMG_2316.jpg,4,200_rupees,current_real,current_4_img_2316,train
C:\Users\bhave\OneDrive\Desktop\Sem7\ComputerVision\Project\part2\dataset\archive\data\data\real\200\IMG_2317.jpg,4,200_rupees,current_real,current_4_img_2317,train
C:\Users\bhave\OneDrive\Desktop\Sem7\ComputerVision\Project\part2\dataset\archive\data\data\real\200\IMG_2318.jpg,4,200_rupees,current_real,current_4_img_2318,train
C:\Users\bhave\OneDrive\Desktop\Sem7\ComputerVision\Project\part2\dataset\archive\data\data\real\200\IMG_2319.jpg,4,200_rupees,current_real,current_4_img_2319,train
C:\Users\bhave\OneDrive\Desktop\Sem7\ComputerVision\Project\part2\dataset\archive\data\data\real\200\IMG_2321.jpg,4,200_rupees,current_real,current_4_img_2321,train
C:\Users\bhave\OneDrive\Desktop\Sem7\ComputerVision\Project\part2\dataset\archive\data\data\real\200\IMG_2322.jpg,4,200_rupees,current_real,current_4_img_2322,train
C:\Users\bhave\OneDrive\Desktop\Sem7\ComputerVision\Project\part2\dataset\archive\data\data\real\200\IMG_2324.jpg,4,200_rupees,current_real,current_4_img_2324,train
C:\Users\bhave\OneDrive\Desktop\Sem7\ComputerVision\Project\part2\dataset\archive\data\data\real\200\IMG_2325.jpg,4,200_rupees,current_real,current_4_img_2325,train
C:\Users\bhave\OneDrive\Desktop\Sem7\ComputerVision\Project\part2\dataset\archive\data\data\real\200\IMG_2328.jpg,4,200_rupees,current_real,current_4_img_2328,train
C:\Users\bhave\OneDrive\Desktop\Sem7\ComputerVision\Project\part2\dataset\archive\data\data\real\200\IMG_2329.jpg,4,200_rupees,current_real,current_4_img_2329,train
C:\Users\bhave\OneDrive\Desktop\Sem7\ComputerVision\Project\part2\dataset\archive\data\data\real\200\IMG_2330.jpg,4,200_rupees,current_real,current_4_img_2330,train
C:\Users\bhave\OneDrive\Desktop\Sem7\ComputerVision\Project\part2\dataset\archive\data\data\real\200\IMG_2331.jpg,4,200_rupees,current_real,current_4_img_2331,train
C:\Users\bhave\OneDrive\Desktop\Sem7\ComputerVision\Project\part2\dataset\archive\data\data\real\200\IMG_2332.jpg,4,200_rupees,current_real,current_4_img_2332,train
C:\Users\bhave\OneDrive\Desktop\Sem7\ComputerVision\Project\part2\dataset\archive\data\data\real\200\IMG_2334.jpg,4,200_rupees,current_real,current_4_img_2334,train
C:\Users\bhave\OneDrive\Desktop\Sem7\ComputerVision\Project\part2\dataset\archive\data\data\real\200\IMG_2335.jpg,4,200_rupees,current_real,current_4_img_2335,train
C:\Users\bhave\OneDrive\Desktop\Sem7\ComputerVision\Project\part2\dataset\archive\data\data\real\200\IMG_2336.jpg,4,200_rupees,current_real,current_4_img_2336,train
C:\Users\bhave\OneDrive\Desktop\Sem7\ComputerVision\Project\part2\dataset\archive\data\data\real\200\IMG_2337.jpg,4,200_rupees,current_real,current_4_img_2337,train
C:\Users\bhave\OneDrive\Desktop\Sem7\ComputerVision\Project\part2\dataset\archive\data\data\real\200\IMG_2338.jpg,4,200_rupees,current_real,current_4_img_2338,train
C:\Users\bhave\OneDrive\Desktop\Sem7\ComputerVision\Project\part2\dataset\archive\data\data\real\200\IMG_2339.jpg,4,200_rupees,current_real,current_4_img_2339,train
C:\Users\bhave\OneDrive\Desktop\Sem7\ComputerVision\Project\part2\dataset\archive\data\data\real\200\IMG_2340.jpg,4,200_rupees,current_real,current_4_img_2340,train
C:\Users\bhave\OneDrive\Desktop\Sem7\ComputerVision\Project\part2\dataset\archive\data\data\real\200\IMG_2341.jpg,4,200_rupees,current_real,current_4_img_2341,train
C:\Users\bhave\OneDrive\Desktop\Sem7\ComputerVision\Project\part2\dataset\archive\data\data\real\200\IMG_2342.jpg,4,200_rupees,current_real,current_4_img_2342,train
C:\Users\bhave\OneDrive\Desktop\Sem7\ComputerVision\Project\part2\dataset\archive\data\data\real\200\IMG_2344.jpg,4,200_rupees,current_real,current_4_img_2344,train
C:\Users\bhave\OneDrive\Desktop\Sem7\ComputerVision\Project\part2\dataset\archive\data\data\real\200\IMG_2345.jpg,4,200_rupees,current_real,current_4_img_2345,train
C:\Users\bhave\OneDrive\Desktop\Sem7\ComputerVision\Project\part2\dataset\archive\data\data\real\200\IMG_2346.jpg,4,200_rupees,current_real,current_4_img_2346,train
C:\Users\bhave\OneDrive\Desktop\Sem7\ComputerVision\Project\part2\dataset\archive\data\data\real\200\IMG_2347.jpg,4,200_rupees,current_real,current_4_img_2347,train
C:\Users\bhave\OneDrive\Desktop\Sem7\ComputerVision\Project\part2\dataset\archive\data\data\real\200\IMG_2349.jpg,4,200_rupees,current_real,current_4_img_2349,train
C:\Users\bhave\OneDrive\Desktop\Sem7\ComputerVision\Project\part2\dataset\archive\data\data\real\200\IMG_2350.jpg,4,200_rupees,current_real,current_4_img_2350,train
C:\Users\bhave\OneDrive\Desktop\Sem7\ComputerVision\Project\part2\dataset\archive\data\data\real\200\IMG_2351.jpg,4,200_rupees,current_real,current_4_img_2351,train
C:\Users\bhave\OneDrive\Desktop\Sem7\ComputerVision\Project\part2\dataset\archive\data\data\real\200\IMG_2352.jpg,4,200_rupees,current_real,current_4_img_2352,train
C:\Users\bhave\OneDrive\Desktop\Sem7\ComputerVision\Project\part2\dataset\archive\data\data\real\200\IMG_2353.jpg,4,200_rupees,current_real,current_4_img_2353,train
C:\Users\bhave\OneDrive\Desktop\Sem7\ComputerVision\Project\part2\dataset\archive\data\data\real\200\IMG_2355.jpg,4,200_rupees,current_real,current_4_img_2355,train
C:\Users\bhave\OneDrive\Desktop\Sem7\ComputerVision\Project\part2\dataset\archive\data\data\real\200\IMG_2356.jpg,4,200_rupees,current_real,current_4_img_2356,train
C:\Users\bhave\OneDrive\Desktop\Sem7\ComputerVision\Project\part2\dataset\archive\data\data\real\200\IMG_2357.jpg,4,200_rupees,current_real,current_4_img_2357,train
C:\Users\bhave\OneDrive\Desktop\Sem7\ComputerVision\Project\part2\dataset\archive\data\data\real\200\IMG_2359.jpg,4,200_rupees,current_real,current_4_img_2359,train
C:\Users\bhave\OneDrive\Desktop\Sem7\ComputerVision\Project\part2\dataset\archive\data\data\real\200\IMG_2360.jpg,4,200_rupees,current_real,current_4_img_2360,train
C:\Users\bhave\OneDrive\Desktop\Sem7\ComputerVision\Project\part2\dataset\archive\data\data\real\200\IMG_2361.jpg,4,200_rupees,current_real,current_4_img_2361,train
C:\Users\bhave\OneDrive\Desktop\Sem7\ComputerVision\Project\part2\dataset\archive\data\data\real\200\IMG_2362.jpg,4,200_rupees,current_real,current_4_img_2362,train
C:\Users\bhave\OneDrive\Desktop\Sem7\ComputerVision\Project\part2\dataset\archive\data\data\real\200\IMG_2364.jpg,4,200_rupees,current_real,current_4_img_2364,train
C:\Users\bhave\OneDrive\Desktop\Sem7\ComputerVision\Project\part2\dataset\archive\data\data\real\200\IMG_2366.jpg,4,200_rupees,current_real,current_4_img_2366,train
C:\Users\bhave\OneDrive\Desktop\Sem7\ComputerVision\Project\part2\dataset\archive\data\data\real\200\IMG_2369.jpg,4,200_rupees,current_real,current_4_img_2369,train
C:\Users\bhave\OneDrive\Desktop\Sem7\ComputerVision\Project\part2\dataset\archive\data\data\real\500\0.jpg,5,500_rupees,current_real,current_5_0,train
C:\Users\bhave\OneDrive\Desktop\Sem7\ComputerVision\Project\part2\dataset\archive\data\data\real\500\10.jpg,5,500_rupees,current_real,current_5_10,train
C:\Users\bhave\OneDrive\Desktop\Sem7\ComputerVision\Project\part2\dataset\archive\data\data\real\500\100.jpg,5,500_rupees,current_real,current_5_100,train
C:\Users\bhave\OneDrive\Desktop\Sem7\ComputerVision\Project\part2\dataset\archive\data\data\real\500\11.jpg,5,500_rupees,current_real,current_5_11,train
C:\Users\bhave\OneDrive\Desktop\Sem7\ComputerVision\Project\part2\dataset\archive\data\data\real\500\12.jpg,5,500_rupees,current_real,current_5_12,train
C:\Users\bhave\OneDrive\Desktop\Sem7\ComputerVision\Project\part2\dataset\archive\data\data\real\500\12_aug1.jpg,5,500_rupees,current_real,current_5_12_aug1,train
C:\Users\bhave\OneDrive\Desktop\Sem7\ComputerVision\Project\part2\dataset\archive\data\data\real\500\12_aug2.jpg,5,500_rupees,current_real,current_5_12_aug2,train
C:\Users\bhave\OneDrive\Desktop\Sem7\ComputerVision\Project\part2\dataset\archive\data\data\real\500\13_aug0.jpg,5,500_rupees,current_real,current_5_13_aug0,train
C:\Users\bhave\OneDrive\Desktop\Sem7\ComputerVision\Project\part2\dataset\archive\data\data\real\500\13_aug1.jpg,5,500_rupees,current_real,current_5_13_aug1,train
C:\Users\bhave\OneDrive\Desktop\Sem7\ComputerVision\Project\part2\dataset\archive\data\data\real\500\14.jpg,5,500_rupees,current_real,current_5_14,train
C:\Users\bhave\OneDrive\Desktop\Sem7\ComputerVision\Project\part2\dataset\archive\data\data\real\500\14_aug4.jpg,5,500_rupees,current_real,current_5_14_aug4,train
C:\Users\bhave\OneDrive\Desktop\Sem7\ComputerVision\Project\part2\dataset\archive\data\data\real\500\15_aug0.jpg,5,500_rupees,current_real,current_5_15_aug0,train
C:\Users\bhave\OneDrive\Desktop\Sem7\ComputerVision\Project\part2\dataset\archive\data\data\real\500\16.jpg,5,500_rupees,current_real,current_5_16,train
C:\Users\bhave\OneDrive\Desktop\Sem7\ComputerVision\Project\part2\dataset\archive\data\data\real\500\16_aug2.jpg,5,500_rupees,current_real,current_5_16_aug2,train
C:\Users\bhave\OneDrive\Desktop\Sem7\ComputerVision\Project\part2\dataset\archive\data\data\real\500\16_aug3.jpg,5,500_rupees,current_real,current_5_16_aug3,train
C:\Users\bhave\OneDrive\Desktop\Sem7\ComputerVision\Project\part2\dataset\archive\data\data\real\500\17_aug2.jpg,5,500_rupees,current_real,current_5_17_aug2,train
C:\Users\bhave\OneDrive\Desktop\Sem7\ComputerVision\Project\part2\dataset\archive\data\data\real\500\18.jpg,5,500_rupees,current_real,current_5_18,train
C:\Users\bhave\OneDrive\Desktop\Sem7\ComputerVision\Project\part2\dataset\archive\data\data\real\500\2.jpg,5,500_rupees,current_real,current_5_2,train
C:\Users\bhave\OneDrive\Desktop\Sem7\ComputerVision\Project\part2\dataset\archive\data\data\real\500\20.jpg,5,500_rupees,current_real,current_5_20,train
C:\Users\bhave\OneDrive\Desktop\Sem7\ComputerVision\Project\part2\dataset\archive\data\data\real\500\23.jpg,5,500_rupees,current_real,current_5_23,train
C:\Users\bhave\OneDrive\Desktop\Sem7\ComputerVision\Project\part2\dataset\archive\data\data\real\500\24.jpg,5,500_rupees,current_real,current_5_24,train
C:\Users\bhave\OneDrive\Desktop\Sem7\ComputerVision\Project\part2\dataset\archive\data\data\real\500\25.jpg,5,500_rupees,current_real,current_5_25,train
C:\Users\bhave\OneDrive\Desktop\Sem7\ComputerVision\Project\part2\dataset\archive\data\data\real\500\26.jpg,5,500_rupees,current_real,current_5_26,train
C:\Users\bhave\OneDrive\Desktop\Sem7\ComputerVision\Project\part2\dataset\archive\data\data\real\500\29.jpg,5,500_rupees,current_real,current_5_29,train
C:\Users\bhave\OneDrive\Desktop\Sem7\ComputerVision\Project\part2\dataset\archive\data\data\real\500\3.jpg,5,500_rupees,current_real,current_5_3,train
C:\Users\bhave\OneDrive\Desktop\Sem7\ComputerVision\Project\part2\dataset\archive\data\data\real\500\31.jpg,5,500_rupees,current_real,current_5_31,train
C:\Users\bhave\OneDrive\Desktop\Sem7\ComputerVision\Project\part2\dataset\archive\data\data\real\500\32.jpg,5,500_rupees,current_real,current_5_32,train
C:\Users\bhave\OneDrive\Desktop\Sem7\ComputerVision\Project\part2\dataset\archive\data\data\real\500\33.jpg,5,500_rupees,current_real,current_5_33,train
C:\Users\bhave\OneDrive\Desktop\Sem7\ComputerVision\Project\part2\dataset\archive\data\data\real\500\34.jpg,5,500_rupees,current_real,current_5_34,train
C:\Users\bhave\OneDrive\Desktop\Sem7\ComputerVision\Project\part2\dataset\archive\data\data\real\500\35.jpg,5,500_rupees,current_real,current_5_35,train
C:\Users\bhave\OneDrive\Desktop\Sem7\ComputerVision\Project\part2\dataset\archive\data\data\real\500\36.jpg,5,500_rupees,current_real,current_5_36,train
C:\Users\bhave\OneDrive\Desktop\Sem7\ComputerVision\Project\part2\dataset\archive\data\data\real\500\37.jpg,5,500_rupees,current_real,current_5_37,train
C:\Users\bhave\OneDrive\Desktop\Sem7\ComputerVision\Project\part2\dataset\archive\data\data\real\500\38.jpg,5,500_rupees,current_real,current_5_38,train
C:\Users\bhave\OneDrive\Desktop\Sem7\ComputerVision\Project\part2\dataset\archive\data\data\real\500\39.jpg,5,500_rupees,current_real,current_5_39,train
C:\Users\bhave\OneDrive\Desktop\Sem7\ComputerVision\Project\part2\dataset\archive\data\data\real\500\39_aug2.jpg,5,500_rupees,current_real,current_5_39_aug2,train
C:\Users\bhave\OneDrive\Desktop\Sem7\ComputerVision\Project\part2\dataset\archive\data\data\real\500\39_aug4.jpg,5,500_rupees,current_real,current_5_39_aug4,train
C:\Users\bhave\OneDrive\Desktop\Sem7\ComputerVision\Project\part2\dataset\archive\data\data\real\500\40.jpg,5,500_rupees,current_real,current_5_40,train
C:\Users\bhave\OneDrive\Desktop\Sem7\ComputerVision\Project\part2\dataset\archive\data\data\real\500\41.jpg,5,500_rupees,current_real,current_5_41,train
C:\Users\bhave\OneDrive\Desktop\Sem7\ComputerVision\Project\part2\dataset\archive\data\data\real\500\42.jpg,5,500_rupees,current_real,current_5_42,train
C:\Users\bhave\OneDrive\Desktop\Sem7\ComputerVision\Project\part2\dataset\archive\data\data\real\500\43.jpg,5,500_rupees,current_real,current_5_43,train
C:\Users\bhave\OneDrive\Desktop\Sem7\ComputerVision\Project\part2\dataset\archive\data\data\real\500\44_aug4.jpg,5,500_rupees,current_real,current_5_44_aug4,train
C:\Users\bhave\OneDrive\Desktop\Sem7\ComputerVision\Project\part2\dataset\archive\data\data\real\500\46.jpg,5,500_rupees,current_real,current_5_46,train
C:\Users\bhave\OneDrive\Desktop\Sem7\ComputerVision\Project\part2\dataset\archive\data\data\real\500\47.jpg,5,500_rupees,current_real,current_5_47,train
C:\Users\bhave\OneDrive\Desktop\Sem7\ComputerVision\Project\part2\dataset\archive\data\data\real\500\48.jpg,5,500_rupees,current_real,current_5_48,train
C:\Users\bhave\OneDrive\Desktop\Sem7\ComputerVision\Project\part2\dataset\archive\data\data\real\500\49.jpg,5,500_rupees,current_real,current_5_49,train
C:\Users\bhave\OneDrive\Desktop\Sem7\ComputerVision\Project\part2\dataset\archive\data\data\real\500\500_s1.jpg,5,500_rupees,current_real,current_5_500_s1,train
C:\Users\bhave\OneDrive\Desktop\Sem7\ComputerVision\Project\part2\dataset\archive\data\data\real\500\500_s10.jpg,5,500_rupees,current_real,current_5_500_s10,train
C:\Users\bhave\OneDrive\Desktop\Sem7\ComputerVision\Project\part2\dataset\archive\data\data\real\500\500_s10_aug2.jpg,5,500_rupees,current_real,current_5_500_s10_aug2,train
C:\Users\bhave\OneDrive\Desktop\Sem7\ComputerVision\Project\part2\dataset\archive\data\data\real\500\52.jpg,5,500_rupees,current_real,current_5_52,train
C:\Users\bhave\OneDrive\Desktop\Sem7\ComputerVision\Project\part2\dataset\archive\data\data\real\500\53.jpg,5,500_rupees,current_real,current_5_53,train
C:\Users\bhave\OneDrive\Desktop\Sem7\ComputerVision\Project\part2\dataset\archive\data\data\real\500\55.jpg,5,500_rupees,current_real,current_5_55,train
C:\Users\bhave\OneDrive\Desktop\Sem7\ComputerVision\Project\part2\dataset\archive\data\data\real\500\56.jpg,5,500_rupees,current_real,current_5_56,train
C:\Users\bhave\OneDrive\Desktop\Sem7\ComputerVision\Project\part2\dataset\archive\data\data\real\500\6.jpg,5,500_rupees,current_real,current_5_6,train
C:\Users\bhave\OneDrive\Desktop\Sem7\ComputerVision\Project\part2\dataset\archive\data\data\real\500\60.jpg,5,500_rupees,current_real,current_5_60,train
C:\Users\bhave\OneDrive\Desktop\Sem7\ComputerVision\Project\part2\dataset\archive\data\data\real\500\62.jpg,5,500_rupees,current_real,current_5_62,train
C:\Users\bhave\OneDrive\Desktop\Sem7\ComputerVision\Project\part2\dataset\archive\data\data\real\500\63.jpg,5,500_rupees,current_real,current_5_63,train
C:\Users\bhave\OneDrive\Desktop\Sem7\ComputerVision\Project\part2\dataset\archive\data\data\real\500\67.jpg,5,500_rupees,current_real,current_5_67,train
C:\Users\bhave\OneDrive\Desktop\Sem7\ComputerVision\Project\part2\dataset\archive\data\data\real\500\69.jpg,5,500_rupees,current_real,current_5_69,train
C:\Users\bhave\OneDrive\Desktop\Sem7\ComputerVision\Project\part2\dataset\archive\data\data\real\500\7.jpg,5,500_rupees,current_real,current_5_7,train
C:\Users\bhave\OneDrive\Desktop\Sem7\ComputerVision\Project\part2\dataset\archive\data\data\real\500\70.jpg,5,500_rupees,current_real,current_5_70,train
C:\Users\bhave\OneDrive\Desktop\Sem7\ComputerVision\Project\part2\dataset\archive\data\data\real\500\71.jpg,5,500_rupees,current_real,current_5_71,train
C:\Users\bhave\OneDrive\Desktop\Sem7\ComputerVision\Project\part2\dataset\archive\data\data\real\500\73.jpg,5,500_rupees,current_real,current_5_73,train
C:\Users\bhave\OneDrive\Desktop\Sem7\ComputerVision\Project\part2\dataset\archive\data\data\real\500\75.jpg,5,500_rupees,current_real,current_5_75,train
C:\Users\bhave\OneDrive\Desktop\Sem7\ComputerVision\Project\part2\dataset\archive\data\data\real\500\76.jpg,5,500_rupees,current_real,current_5_76,train
C:\Users\bhave\OneDrive\Desktop\Sem7\ComputerVision\Project\part2\dataset\archive\data\data\real\500\77.jpg,5,500_rupees,current_real,current_5_77,train
C:\Users\bhave\OneDrive\Desktop\Sem7\ComputerVision\Project\part2\dataset\archive\data\data\real\500\79.jpg,5,500_rupees,current_real,current_5_79,train
C:\Users\bhave\OneDrive\Desktop\Sem7\ComputerVision\Project\part2\dataset\archive\data\data\real\500\80.jpg,5,500_rupees,current_real,current_5_80,train
C:\Users\bhave\OneDrive\Desktop\Sem7\ComputerVision\Project\part2\dataset\archive\data\data\real\500\83.jpg,5,500_rupees,current_real,current_5_83,train
C:\Users\bhave\OneDrive\Desktop\Sem7\ComputerVision\Project\part2\dataset\archive\data\data\real\500\84.jpg,5,500_rupees,current_real,current_5_84,train
C:\Users\bhave\OneDrive\Desktop\Sem7\ComputerVision\Project\part2\dataset\archive\data\data\real\500\85.jpg,5,500_rupees,current_real,current_5_85,train
C:\Users\bhave\OneDrive\Desktop\Sem7\ComputerVision\Project\part2\dataset\archive\data\data\real\500\89.jpg,5,500_rupees,current_real,current_5_89,train
C:\Users\bhave\OneDrive\Desktop\Sem7\ComputerVision\Project\part2\dataset\archive\data\data\real\500\9.jpg,5,500_rupees,current_real,current_5_9,train
C:\Users\bhave\OneDrive\Desktop\Sem7\ComputerVision\Project\part2\dataset\archive\data\data\real\500\90.jpg,5,500_rupees,current_real,current_5_90,train
C:\Users\bhave\OneDrive\Desktop\Sem7\ComputerVision\Project\part2\dataset\archive\data\data\real\500\92.jpg,5,500_rupees,current_real,current_5_92,train
C:\Users\bhave\OneDrive\Desktop\Sem7\ComputerVision\Project\part2\dataset\archive\data\data\real\500\93.jpg,5,500_rupees,current_real,current_5_93,train
C:\Users\bhave\OneDrive\Desktop\Sem7\ComputerVision\Project\part2\dataset\archive\data\data\real\500\94.jpg,5,500_rupees,current_real,current_5_94,train
C:\Users\bhave\OneDrive\Desktop\Sem7\ComputerVision\Project\part2\dataset\archive\data\data\real\500\95.jpg,5,500_rupees,current_real,current_5_95,train
C:\Users\bhave\OneDrive\Desktop\Sem7\ComputerVision\Project\part2\dataset\archive\data\data\real\500\97.jpg,5,500_rupees,current_real,current_5_97,train
C:\Users\bhave\OneDrive\Desktop\Sem7\ComputerVision\Project\part2\dataset\archive\data\data\real\500\99.jpg,5,500_rupees,current_real,current_5_99,train
C:\Users\bhave\OneDrive\Desktop\Sem7\ComputerVision\Project\part2\dataset\archive\data\data\real\500\IMG-20220928-WA0034.jpg,5,500_rupees,current_real,current_5_img-20220928-wa0034,train
C:\Users\bhave\OneDrive\Desktop\Sem7\ComputerVision\Project\part2\dataset\archive\data\data\real\500\IMG-20220928-WA0035.jpg,5,500_rupees,current_real,current_5_img-20220928-wa0035,train
C:\Users\bhave\OneDrive\Desktop\Sem7\ComputerVision\Project\part2\dataset\archive\data\data\real\500\IMG-20220928-WA0036.jpg,5,500_rupees,current_real,current_5_img-20220928-wa0036,train
C:\Users\bhave\OneDrive\Desktop\Sem7\ComputerVision\Project\part2\dataset\archive\data\data\real\500\IMG-20220928-WA0037.jpg,5,500_rupees,current_real,current_5_img-20220928-wa0037,train
C:\Users\bhave\OneDrive\Desktop\Sem7\ComputerVision\Project\part2\dataset\archive\data\data\real\500\IMG-20220928-WA0040.jpg,5,500_rupees,current_real,current_5_img-20220928-wa0040,train
C:\Users\bhave\OneDrive\Desktop\Sem7\ComputerVision\Project\part2\dataset\archive\data\data\real\500\IMG-20220928-WA0041.jpg,5,500_rupees,current_real,current_5_img-20220928-wa0041,train
C:\Users\bhave\OneDrive\Desktop\Sem7\ComputerVision\Project\part2\dataset\archive\data\data\real\500\IMG-20220928-WA0042.jpg,5,500_rupees,current_real,current_5_img-20220928-wa0042,train
C:\Users\bhave\OneDrive\Desktop\Sem7\ComputerVision\Project\part2\dataset\archive\data\data\real\500\IMG-20220928-WA0044.jpg,5,500_rupees,current_real,current_5_img-20220928-wa0044,train
C:\Users\bhave\OneDrive\Desktop\Sem7\ComputerVision\Project\part2\dataset\archive\data\data\real\500\IMG-20220928-WA0045.jpg,5,500_rupees,current_real,current_5_img-20220928-wa0045,train
C:\Users\bhave\OneDrive\Desktop\Sem7\ComputerVision\Project\part2\dataset\archive\data\data\real\500\IMG-20220928-WA0047.jpg,5,500_rupees,current_real,current_5_img-20220928-wa0047,train
C:\Users\bhave\OneDrive\Desktop\Sem7\ComputerVision\Project\part2\dataset\archive\data\data\real\500\IMG-20220928-WA0048.jpg,5,500_rupees,current_real,current_5_img-20220928-wa0048,train
C:\Users\bhave\OneDrive\Desktop\Sem7\ComputerVision\Project\part2\dataset\archive\data\data\real\500\IMG-20220928-WA0049.jpg,5,500_rupees,current_real,current_5_img-20220928-wa0049,train
C:\Users\bhave\OneDrive\Desktop\Sem7\ComputerVision\Project\part2\dataset\archive\data\data\real\500\IMG-20220928-WA0050.jpg,5,500_rupees,current_real,current_5_img-20220928-wa0050,train
C:\Users\bhave\OneDrive\Desktop\Sem7\ComputerVision\Project\part2\dataset\archive\data\data\real\500\IMG-20220928-WA0052.jpg,5,500_rupees,current_real,current_5_img-20220928-wa0052,train
C:\Users\bhave\OneDrive\Desktop\Sem7\ComputerVision\Project\part2\dataset\archive\data\data\real\500\IMG-20220928-WA0053.jpg,5,500_rupees,current_real,current_5_img-20220928-wa0053,train
C:\Users\bhave\OneDrive\Desktop\Sem7\ComputerVision\Project\part2\dataset\archive\data\data\real\500\IMG-20220928-WA0054.jpg,5,500_rupees,current_real,current_5_img-20220928-wa0054,train
C:\Users\bhave\OneDrive\Desktop\Sem7\ComputerVision\Project\part2\dataset\archive\data\data\real\500\IMG-20220928-WA0055.jpg,5,500_rupees,current_real,current_5_img-20220928-wa0055,train
C:\Users\bhave\OneDrive\Desktop\Sem7\ComputerVision\Project\part2\dataset\archive\data\data\real\500\IMG-20220928-WA0056.jpg,5,500_rupees,current_real,current_5_img-20220928-wa0056,train
C:\Users\bhave\OneDrive\Desktop\Sem7\ComputerVision\Project\part2\dataset\archive\data\data\real\500\IMG-20220928-WA0057.jpg,5,500_rupees,current_real,current_5_img-20220928-wa0057,train
C:\Users\bhave\OneDrive\Desktop\Sem7\ComputerVision\Project\part2\dataset\archive\data\data\real\500\IMG-20220928-WA0058.jpg,5,500_rupees,current_real,current_5_img-20220928-wa0058,train
C:\Users\bhave\OneDrive\Desktop\Sem7\ComputerVision\Project\part2\dataset\archive\data\data\real\500\IMG-20220928-WA0060.jpg,5,500_rupees,current_real,current_5_img-20220928-wa0060,train
C:\Users\bhave\OneDrive\Desktop\Sem7\ComputerVision\Project\part2\dataset\archive\data\data\real\500\IMG-20220928-WA0061.jpg,5,500_rupees,current_real,current_5_img-20220928-wa0061,train
C:\Users\bhave\OneDrive\Desktop\Sem7\ComputerVision\Project\part2\dataset\archive\data\data\real\500\IMG-20220928-WA0062.jpg,5,500_rupees,current_real,current_5_img-20220928-wa0062,train
C:\Users\bhave\OneDrive\Desktop\Sem7\ComputerVision\Project\part2\dataset\archive\data\data\real\500\IMG-20220928-WA0063.jpg,5,500_rupees,current_real,current_5_img-20220928-wa0063,train
C:\Users\bhave\OneDrive\Desktop\Sem7\ComputerVision\Project\part2\dataset\archive\data\data\real\500\IMG-20220928-WA0064.jpg,5,500_rupees,current_real,current_5_img-20220928-wa0064,train
C:\Users\bhave\OneDrive\Desktop\Sem7\ComputerVision\Project\part2\dataset\archive\data\data\real\500\IMG-20220928-WA0066.jpg,5,500_rupees,current_real,current_5_img-20220928-wa0066,train
C:\Users\bhave\OneDrive\Desktop\Sem7\ComputerVision\Project\part2\dataset\archive\data\data\real\500\IMG-20220928-WA0067.jpg,5,500_rupees,current_real,current_5_img-20220928-wa0067,train
C:\Users\bhave\OneDrive\Desktop\Sem7\ComputerVision\Project\part2\dataset\archive\data\data\real\500\IMG-20220928-WA0068.jpg,5,500_rupees,current_real,current_5_img-20220928-wa0068,train
C:\Users\bhave\OneDrive\Desktop\Sem7\ComputerVision\Project\part2\dataset\archive\data\data\real\500\IMG-20220928-WA0069.jpg,5,500_rupees,current_real,current_5_img-20220928-wa0069,train
C:\Users\bhave\OneDrive\Desktop\Sem7\ComputerVision\Project\part2\dataset\archive\data\data\real\500\IMG-20220928-WA0070.jpg,5,500_rupees,current_real,current_5_img-20220928-wa0070,train
C:\Users\bhave\OneDrive\Desktop\Sem7\ComputerVision\Project\part2\dataset\archive\data\data\real\500\IMG-20220928-WA0073.jpg,5,500_rupees,current_real,current_5_img-20220928-wa0073,train
C:\Users\bhave\OneDrive\Desktop\Sem7\ComputerVision\Project\part2\dataset\archive\data\data\real\500\IMG-20220928-WA0074.jpg,5,500_rupees,current_real,current_5_img-20220928-wa0074,train
C:\Users\bhave\OneDrive\Desktop\Sem7\ComputerVision\Project\part2\dataset\archive\data\data\real\500\IMG-20220928-WA0075.jpg,5,500_rupees,current_real,current_5_img-20220928-wa0075,train
C:\Users\bhave\OneDrive\Desktop\Sem7\ComputerVision\Project\part2\dataset\archive\data\data\real\500\IMG-20220928-WA0076.jpg,5,500_rupees,current_real,current_5_img-20220928-wa0076,train
C:\Users\bhave\OneDrive\Desktop\Sem7\ComputerVision\Project\part2\dataset\archive\data\data\real\500\IMG-20220928-WA0077.jpg,5,500_rupees,current_real,current_5_img-20220928-wa0077,train
C:\Users\bhave\OneDrive\Desktop\Sem7\ComputerVision\Project\part2\dataset\archive\data\data\real\500\IMG-20220928-WA0079.jpg,5,500_rupees,current_real,current_5_img-20220928-wa0079,train
C:\Users\bhave\OneDrive\Desktop\Sem7\ComputerVision\Project\part2\dataset\archive\data\data\real\500\IMG-20220928-WA0080.jpg,5,500_rupees,current_real,current_5_img-20220928-wa0080,train
C:\Users\bhave\OneDrive\Desktop\Sem7\ComputerVision\Project\part2\dataset\archive\data\data\real\500\IMG-20220928-WA0081.jpg,5,500_rupees,current_real,current_5_img-20220928-wa0081,train
C:\Users\bhave\OneDrive\Desktop\Sem7\ComputerVision\Project\part2\dataset\archive\data\data\real\500\IMG-20220928-WA0082.jpg,5,500_rupees,current_real,current_5_img-20220928-wa0082,train
C:\Users\bhave\OneDrive\Desktop\Sem7\ComputerVision\Project\part2\dataset\archive\data\data\real\500\IMG-20220928-WA0084.jpg,5,500_rupees,current_real,current_5_img-20220928-wa0084,train
C:\Users\bhave\OneDrive\Desktop\Sem7\ComputerVision\Project\part2\dataset\archive\data\data\real\500\IMG-20220928-WA0086.jpg,5,500_rupees,current_real,current_5_img-20220928-wa0086,train
C:\Users\bhave\OneDrive\Desktop\Sem7\ComputerVision\Project\part2\dataset\archive\data\data\real\500\IMG-20220928-WA0087.jpg,5,500_rupees,current_real,current_5_img-20220928-wa0087,train
C:\Users\bhave\OneDrive\Desktop\Sem7\ComputerVision\Project\part2\dataset\archive\data\data\real\500\IMG-20220928-WA0090.jpg,5,500_rupees,current_real,current_5_img-20220928-wa0090,train
C:\Users\bhave\OneDrive\Desktop\Sem7\ComputerVision\Project\part2\dataset\archive\data\data\real\500\IMG-20220928-WA0091.jpg,5,500_rupees,current_real,current_5_img-20220928-wa0091,train
C:\Users\bhave\OneDrive\Desktop\Sem7\ComputerVision\Project\part2\dataset\archive\data\data\real\500\IMG-20220928-WA0092.jpg,5,500_rupees,current_real,current_5_img-20220928-wa0092,train
C:\Users\bhave\OneDrive\Desktop\Sem7\ComputerVision\Project\part2\dataset\archive\data\data\real\500\IMG-20220928-WA0093.jpg,5,500_rupees,current_real,current_5_img-20220928-wa0093,train
C:\Users\bhave\OneDrive\Desktop\Sem7\ComputerVision\Project\part2\dataset\archive\data\data\real\500\IMG-20220928-WA0094.jpg,5,500_rupees,current_real,current_5_img-20220928-wa0094,train
C:\Users\bhave\OneDrive\Desktop\Sem7\ComputerVision\Project\part2\dataset\archive\data\data\real\500\IMG-20220928-WA0095.jpg,5,500_rupees,current_real,current_5_img-20220928-wa0095,train
C:\Users\bhave\OneDrive\Desktop\Sem7\ComputerVision\Project\part2\dataset\archive\data\data\real\500\IMG-20220928-WA0096.jpg,5,500_rupees,current_real,current_5_img-20220928-wa0096,train
C:\Users\bhave\OneDrive\Desktop\Sem7\ComputerVision\Project\part2\dataset\archive\data\data\real\500\IMG-20220928-WA0098.jpg,5,500_rupees,current_real,current_5_img-20220928-wa0098,train
C:\Users\bhave\OneDrive\Desktop\Sem7\ComputerVision\Project\part2\dataset\archive\data\data\real\500\IMG-20220928-WA0099.jpg,5,500_rupees,current_real,current_5_img-20220928-wa0099,train
C:\Users\bhave\OneDrive\Desktop\Sem7\ComputerVision\Project\part2\dataset\archive\data\data\real\500\IMG-20220928-WA0101.jpg,5,500_rupees,current_real,current_5_img-20220928-wa0101,train
C:\Users\bhave\OneDrive\Desktop\Sem7\ComputerVision\Project\part2\dataset\archive\data\data\real\500\IMG-20220928-WA0102.jpg,5,500_rupees,current_real,current_5_img-20220928-wa0102,train
C:\Users\bhave\OneDrive\Desktop\Sem7\ComputerVision\Project\part2\dataset\archive\data\data\real\500\IMG-20220928-WA0103.jpg,5,500_rupees,current_real,current_5_img-20220928-wa0103,train
C:\Users\bhave\OneDrive\Desktop\Sem7\ComputerVision\Project\part2\dataset\archive\data\data\real\500\IMG-20220928-WA0104.jpg,5,500_rupees,current_real,current_5_img-20220928-wa0104,train
C:\Users\bhave\OneDrive\Desktop\Sem7\ComputerVision\Project\part2\dataset\archive\data\data\real\500\IMG-20220928-WA0105.jpg,5,500_rupees,current_real,current_5_img-20220928-wa0105,train
C:\Users\bhave\OneDrive\Desktop\Sem7\ComputerVision\Project\part2\dataset\archive\data\data\real\500\IMG-20220928-WA0108.jpg,5,500_rupees,current_real,current_5_img-20220928-wa0108,train
C:\Users\bhave\OneDrive\Desktop\Sem7\ComputerVision\Project\part2\dataset\archive\data\data\real\500\IMG-20220928-WA0109.jpg,5,500_rupees,current_real,current_5_img-20220928-wa0109,train
C:\Users\bhave\OneDrive\Desktop\Sem7\ComputerVision\Project\part2\dataset\archive\data\data\real\500\IMG-20220928-WA0110.jpg,5,500_rupees,current_real,current_5_img-20220928-wa0110,train
C:\Users\bhave\OneDrive\Desktop\Sem7\ComputerVision\Project\part2\dataset\archive\data\data\real\500\IMG-20220928-WA0111.jpg,5,500_rupees,current_real,current_5_img-20220928-wa0111,train
C:\Users\bhave\OneDrive\Desktop\Sem7\ComputerVision\Project\part2\dataset\archive\data\data\real\500\IMG-20220928-WA0112.jpg,5,500_rupees,current_real,current_5_img-20220928-wa0112,train
C:\Users\bhave\OneDrive\Desktop\Sem7\ComputerVision\Project\part2\dataset\archive\data\data\real\500\IMG-20220928-WA0113.jpg,5,500_rupees,current_real,current_5_img-20220928-wa0113,train
C:\Users\bhave\OneDrive\Desktop\Sem7\ComputerVision\Project\part2\dataset\archive\data\data\real\500\IMG-20220928-WA0115.jpg,5,500_rupees,current_real,current_5_img-20220928-wa0115,train
C:\Users\bhave\OneDrive\Desktop\Sem7\ComputerVision\Project\part2\dataset\archive\data\data\real\500\IMG-20220928-WA0117.jpg,5,500_rupees,current_real,current_5_img-20220928-wa0117,train
C:\Users\bhave\OneDrive\Desktop\Sem7\ComputerVision\Project\part2\dataset\archive\data\data\real\500\IMG-20220928-WA0118.jpg,5,500_rupees,current_real,current_5_img-20220928-wa0118,train
C:\Users\bhave\OneDrive\Desktop\Sem7\ComputerVision\Project\part2\dataset\archive\data\data\real\500\IMG-20220928-WA0119.jpg,5,500_rupees,current_real,current_5_img-20220928-wa0119,train
C:\Users\bhave\OneDrive\Desktop\Sem7\ComputerVision\Project\part2\dataset\archive\data\data\real\500\IMG-20220928-WA0120.jpg,5,500_rupees,current_real,current_5_img-20220928-wa0120,train
C:\Users\bhave\OneDrive\Desktop\Sem7\ComputerVision\Project\part2\dataset\archive\data\data\real\500\IMG-20220928-WA0121.jpg,5,500_rupees,current_real,current_5_img-20220928-wa0121,train
C:\Users\bhave\OneDrive\Desktop\Sem7\ComputerVision\Project\part2\dataset\archive\data\data\real\500\IMG-20220928-WA0122.jpg,5,500_rupees,current_real,current_5_img-20220928-wa0122,train
C:\Users\bhave\OneDrive\Desktop\Sem7\ComputerVision\Project\part2\dataset\archive\data\data\real\500\IMG-20220928-WA0123.jpg,5,500_rupees,current_real,current_5_img-20220928-wa0123,train
C:\Users\bhave\OneDrive\Desktop\Sem7\ComputerVision\Project\part2\dataset\archive\data\data\real\500\IMG-20220928-WA0124.jpg,5,500_rupees,current_real,current_5_img-20220928-wa0124,train
C:\Users\bhave\OneDrive\Desktop\Sem7\ComputerVision\Project\part2\dataset\archive\data\data\real\500\IMG-20220928-WA0125.jpg,5,500_rupees,current_real,current_5_img-20220928-wa0125,train
C:\Users\bhave\OneDrive\Desktop\Sem7\ComputerVision\Project\part2\dataset\archive\data\data\real\500\IMG-20220928-WA0126.jpg,5,500_rupees,current_real,current_5_img-20220928-wa0126,train
C:\Users\bhave\OneDrive\Desktop\Sem7\ComputerVision\Project\part2\dataset\archive\data\data\real\500\IMG-20220928-WA0127.jpg,5,500_rupees,current_real,current_5_img-20220928-wa0127,train
C:\Users\bhave\OneDrive\Desktop\Sem7\ComputerVision\Project\part2\dataset\archive\data\data\real\500\IMG-20220928-WA0128.jpg,5,500_rupees,current_real,current_5_img-20220928-wa0128,train
C:\Users\bhave\OneDrive\Desktop\Sem7\ComputerVision\Project\part2\dataset\archive\data\data\real\500\IMG-20220928-WA0129.jpg,5,500_rupees,current_real,current_5_img-20220928-wa0129,train
C:\Users\bhave\OneDrive\Desktop\Sem7\ComputerVision\Project\part2\dataset\archive\data\data\real\500\IMG-20220928-WA0132.jpg,5,500_rupees,current_real,current_5_img-20220928-wa0132,train
C:\Users\bhave\OneDrive\Desktop\Sem7\ComputerVision\Project\part2\dataset\archive\data\data\real\500\IMG20220901123759.jpg,5,500_rupees,current_real,current_5_img20220901123759,train
C:\Users\bhave\OneDrive\Desktop\Sem7\ComputerVision\Project\part2\dataset\archive\data\data\real\500\IMG20220901124009.jpg,5,500_rupees,current_real,current_5_img20220901124009,train
C:\Users\bhave\OneDrive\Desktop\Sem7\ComputerVision\Project\part2\dataset\archive\data\data\real\500\IMG20220901133103.jpg,5,500_rupees,current_real,current_5_img20220901133103,train
C:\Users\bhave\OneDrive\Desktop\Sem7\ComputerVision\Project\part2\dataset\archive\data\data\real\500\IMG20220901133112.jpg,5,500_rupees,current_real,current_5_img20220901133112,train
C:\Users\bhave\OneDrive\Desktop\Sem7\ComputerVision\Project\part2\dataset\archive\data\data\real\500\IMG20220901133118.jpg,5,500_rupees,current_real,current_5_img20220901133118,train
C:\Users\bhave\OneDrive\Desktop\Sem7\ComputerVision\Project\part2\dataset\archive\data\data\real\500\IMG20220901133128.jpg,5,500_rupees,current_real,current_5_img20220901133128,train
C:\Users\bhave\OneDrive\Desktop\Sem7\ComputerVision\Project\part2\dataset\archive\data\data\real\500\IMG20221010133124.jpg,5,500_rupees,current_real,current_5_img20221010133124,train
C:\Users\bhave\OneDrive\Desktop\Sem7\ComputerVision\Project\part2\dataset\archive\data\data\real\500\IMG20221010133128.jpg,5,500_rupees,current_real,current_5_img20221010133128,train
C:\Users\bhave\OneDrive\Desktop\Sem7\ComputerVision\Project\part2\dataset\archive\data\data\real\500\IMG20221010133133.jpg,5,500_rupees,current_real,current_5_img20221010133133,train
C:\Users\bhave\OneDrive\Desktop\Sem7\ComputerVision\Project\part2\dataset\archive\data\data\real\500\IMG20221010133135.jpg,5,500_rupees,current_real,current_5_img20221010133135,train
C:\Users\bhave\OneDrive\Desktop\Sem7\ComputerVision\Project\part2\dataset\archive\data\data\real\500\IMG20221010133138.jpg,5,500_rupees,current_real,current_5_img20221010133138,train
C:\Users\bhave\OneDrive\Desktop\Sem7\ComputerVision\Project\part2\dataset\archive\data\data\real\500\IMG20221010133151.jpg,5,500_rupees,current_real,current_5_img20221010133151,train
C:\Users\bhave\OneDrive\Desktop\Sem7\ComputerVision\Project\part2\dataset\archive\data\data\real\500\IMG20221010133154.jpg,5,500_rupees,current_real,current_5_img20221010133154,train
C:\Users\bhave\OneDrive\Desktop\Sem7\ComputerVision\Project\part2\dataset\archive\data\data\real\500\IMG20221010133157.jpg,5,500_rupees,current_real,current_5_img20221010133157,train
C:\Users\bhave\OneDrive\Desktop\Sem7\ComputerVision\Project\part2\dataset\archive\data\data\real\500\IMG20221010133200.jpg,5,500_rupees,current_real,current_5_img20221010133200,train
C:\Users\bhave\OneDrive\Desktop\Sem7\ComputerVision\Project\part2\dataset\archive\data\data\real\500\IMG20221010133204.jpg,5,500_rupees,current_real,current_5_img20221010133204,train
C:\Users\bhave\OneDrive\Desktop\Sem7\ComputerVision\Project\part2\dataset\archive\data\data\real\500\IMG20221010133205.jpg,5,500_rupees,current_real,current_5_img20221010133205,train
C:\Users\bhave\OneDrive\Desktop\Sem7\ComputerVision\Project\part2\dataset\archive\data\data\real\500\IMG20221010133207.jpg,5,500_rupees,current_real,current_5_img20221010133207,train
C:\Users\bhave\OneDrive\Desktop\Sem7\ComputerVision\Project\part2\dataset\archive\data\data\real\500\IMG20221010133213.jpg,5,500_rupees,current_real,current_5_img20221010133213,train
C:\Users\bhave\OneDrive\Desktop\Sem7\ComputerVision\Project\part2\dataset\archive\data\data\real\500\IMG20221010133232.jpg,5,500_rupees,current_real,current_5_img20221010133232,train
C:\Users\bhave\OneDrive\Desktop\Sem7\ComputerVision\Project\part2\dataset\archive\data\data\real\500\IMG20221010133234.jpg,5,500_rupees,current_real,current_5_img20221010133234,train
C:\Users\bhave\OneDrive\Desktop\Sem7\ComputerVision\Project\part2\dataset\archive\data\data\real\500\IMG20221010133240.jpg,5,500_rupees,current_real,current_5_img20221010133240,train
C:\Users\bhave\OneDrive\Desktop\Sem7\ComputerVision\Project\part2\dataset\archive\data\data\real\500\IMG20221010133246.jpg,5,500_rupees,current_real,current_5_img20221010133246,train
C:\Users\bhave\OneDrive\Desktop\Sem7\ComputerVision\Project\part2\dataset\archive\data\data\real\500\IMG20221010133255.jpg,5,500_rupees,current_real,current_5_img20221010133255,train
C:\Users\bhave\OneDrive\Desktop\Sem7\ComputerVision\Project\part2\dataset\archive\data\data\real\500\IMG20221010133301.jpg,5,500_rupees,current_real,current_5_img20221010133301,train
C:\Users\bhave\OneDrive\Desktop\Sem7\ComputerVision\Project\part2\dataset\archive\data\data\real\500\IMG20221010133303.jpg,5,500_rupees,current_real,current_5_img20221010133303,train
C:\Users\bhave\OneDrive\Desktop\Sem7\ComputerVision\Project\part2\dataset\archive\data\data\real\500\IMG20221010133306.jpg,5,500_rupees,current_real,current_5_img20221010133306,train
C:\Users\bhave\OneDrive\Desktop\Sem7\ComputerVision\Project\part2\dataset\archive\data\data\real\500\IMG20221010133309.jpg,5,500_rupees,current_real,current_5_img20221010133309,train
C:\Users\bhave\OneDrive\Desktop\Sem7\ComputerVision\Project\part2\dataset\archive\data\data\real\500\IMG20221010133315.jpg,5,500_rupees,current_real,current_5_img20221010133315,train
C:\Users\bhave\OneDrive\Desktop\Sem7\ComputerVision\Project\part2\dataset\archive\data\data\real\500\IMG20221010133325.jpg,5,500_rupees,current_real,current_5_img20221010133325,train
C:\Users\bhave\OneDrive\Desktop\Sem7\ComputerVision\Project\part2\dataset\archive\data\data\real\500\IMG20221010133332.jpg,5,500_rupees,current_real,current_5_img20221010133332,train
C:\Users\bhave\OneDrive\Desktop\Sem7\ComputerVision\Project\part2\dataset\archive\data\data\real\500\IMG20221010133334.jpg,5,500_rupees,current_real,current_5_img20221010133334,train
C:\Users\bhave\OneDrive\Desktop\Sem7\ComputerVision\Project\part2\dataset\archive\data\data\real\500\IMG20221010133336.jpg,5,500_rupees,current_real,current_5_img20221010133336,train
C:\Users\bhave\OneDrive\Desktop\Sem7\ComputerVision\Project\part2\dataset\archive\data\data\real\500\IMG20221010133338.jpg,5,500_rupees,current_real,current_5_img20221010133338,train
C:\Users\bhave\OneDrive\Desktop\Sem7\ComputerVision\Project\part2\dataset\archive\data\data\real\500\IMG20221010133341.jpg,5,500_rupees,current_real,current_5_img20221010133341,train
C:\Users\bhave\OneDrive\Desktop\Sem7\ComputerVision\Project\part2\dataset\archive\data\data\real\500\IMG20221010133342.jpg,5,500_rupees,current_real,current_5_img20221010133342,train
C:\Users\bhave\OneDrive\Desktop\Sem7\ComputerVision\Project\part2\dataset\archive\data\data\real\500\IMG20221010133352.jpg,5,500_rupees,current_real,current_5_img20221010133352,train
C:\Users\bhave\OneDrive\Desktop\Sem7\ComputerVision\Project\part2\dataset\archive\data\data\real\500\IMG20221010133354.jpg,5,500_rupees,current_real,current_5_img20221010133354,train
C:\Users\bhave\OneDrive\Desktop\Sem7\ComputerVision\Project\part2\dataset\archive\data\data\real\500\IMG20221010133404.jpg,5,500_rupees,current_real,current_5_img20221010133404,train
C:\Users\bhave\OneDrive\Desktop\Sem7\ComputerVision\Project\part2\dataset\archive\data\data\real\500\IMG20221010133406.jpg,5,500_rupees,current_real,current_5_img20221010133406,train
C:\Users\bhave\OneDrive\Desktop\Sem7\ComputerVision\Project\part2\dataset\archive\data\data\real\500\IMG20221010133410.jpg,5,500_rupees,current_real,current_5_img20221010133410,train
C:\Users\bhave\OneDrive\Desktop\Sem7\ComputerVision\Project\part2\dataset\archive\data\data\real\500\IMG20221010133411.jpg,5,500_rupees,current_real,current_5_img20221010133411,train
C:\Users\bhave\OneDrive\Desktop\Sem7\ComputerVision\Project\part2\dataset\archive\data\data\real\500\IMG20221010133413.jpg,5,500_rupees,current_real,current_5_img20221010133413,train
C:\Users\bhave\OneDrive\Desktop\Sem7\ComputerVision\Project\part2\dataset\archive\data\data\real\500\IMG20221010133418.jpg,5,500_rupees,current_real,current_5_img20221010133418,train
C:\Users\bhave\OneDrive\Desktop\Sem7\ComputerVision\Project\part2\dataset\archive\data\data\real\500\IMG20221010133421.jpg,5,500_rupees,current_real,current_5_img20221010133421,train
C:\Users\bhave\OneDrive\Desktop\Sem7\ComputerVision\Project\part2\dataset\archive\data\data\real\500\IMG20221010133422.jpg,5,500_rupees,current_real,current_5_img20221010133422,train
C:\Users\bhave\OneDrive\Desktop\Sem7\ComputerVision\Project\part2\dataset\archive\data\data\real\500\IMG20221010133424.jpg,5,500_rupees,current_real,current_5_img20221010133424,train
C:\Users\bhave\OneDrive\Desktop\Sem7\ComputerVision\Project\part2\dataset\archive\data\data\real\500\IMG20221010133428.jpg,5,500_rupees,current_real,current_5_img20221010133428,train
C:\Users\bhave\OneDrive\Desktop\Sem7\ComputerVision\Project\part2\dataset\archive\data\data\real\500\IMG20221010133429.jpg,5,500_rupees,current_real,current_5_img20221010133429,train
C:\Users\bhave\OneDrive\Desktop\Sem7\ComputerVision\Project\part2\dataset\archive\data\data\real\500\IMG20221010133432.jpg,5,500_rupees,current_real,current_5_img20221010133432,train
C:\Users\bhave\OneDrive\Desktop\Sem7\ComputerVision\Project\part2\dataset\archive\data\data\real\500\IMG20221010133455.jpg,5,500_rupees,current_real,current_5_img20221010133455,train
C:\Users\bhave\OneDrive\Desktop\Sem7\ComputerVision\Project\part2\dataset\archive\data\data\real\500\IMG20221010133456.jpg,5,500_rupees,current_real,current_5_img20221010133456,train
C:\Users\bhave\OneDrive\Desktop\Sem7\ComputerVision\Project\part2\dataset\archive\data\data\real\500\IMG20221010133458.jpg,5,500_rupees,current_real,current_5_img20221010133458,train
C:\Users\bhave\OneDrive\Desktop\Sem7\ComputerVision\Project\part2\dataset\archive\data\data\real\500\IMG20221010133501.jpg,5,500_rupees,current_real,current_5_img20221010133501,train
C:\Users\bhave\OneDrive\Desktop\Sem7\ComputerVision\Project\part2\dataset\archive\data\data\real\500\IMG20221010133508.jpg,5,500_rupees,current_real,current_5_img20221010133508,train
C:\Users\bhave\OneDrive\Desktop\Sem7\ComputerVision\Project\part2\dataset\archive\data\data\real\500\IMG20221010133513.jpg,5,500_rupees,current_real,current_5_img20221010133513,train
C:\Users\bhave\OneDrive\Desktop\Sem7\ComputerVision\Project\part2\dataset\archive\data\data\real\500\IMG20221010133517.jpg,5,500_rupees,current_real,current_5_img20221010133517,train
C:\Users\bhave\OneDrive\Desktop\Sem7\ComputerVision\Project\part2\dataset\archive\data\data\real\500\IMG20221010133522.jpg,5,500_rupees,current_real,current_5_img20221010133522,train
C:\Users\bhave\OneDrive\Desktop\Sem7\ComputerVision\Project\part2\dataset\archive\data\data\real\500\IMG20221010133523.jpg,5,500_rupees,current_real,current_5_img20221010133523,train
C:\Users\bhave\OneDrive\Desktop\Sem7\ComputerVision\Project\part2\dataset\archive\data\data\real\500\IMG20221010133525.jpg,5,500_rupees,current_real,current_5_img20221010133525,train
C:\Users\bhave\OneDrive\Desktop\Sem7\ComputerVision\Project\part2\dataset\archive\data\data\real\500\IMG20221010133528.jpg,5,500_rupees,current_real,current_5_img20221010133528,train
C:\Users\bhave\OneDrive\Desktop\Sem7\ComputerVision\Project\part2\dataset\archive\data\data\real\500\IMG20221010133529.jpg,5,500_rupees,current_real,current_5_img20221010133529,train
C:\Users\bhave\OneDrive\Desktop\Sem7\ComputerVision\Project\part2\dataset\archive\data\data\real\500\IMG20221010133532.jpg,5,500_rupees,current_real,current_5_img20221010133532,train
C:\Users\bhave\OneDrive\Desktop\Sem7\ComputerVision\Project\part2\dataset\archive\data\data\real\500\IMG20221010133533.jpg,5,500_rupees,current_real,current_5_img20221010133533,train
C:\Users\bhave\OneDrive\Desktop\Sem7\ComputerVision\Project\part2\dataset\archive\data\data\real\500\IMG20221010133536.jpg,5,500_rupees,current_real,current_5_img20221010133536,train
C:\Users\bhave\OneDrive\Desktop\Sem7\ComputerVision\Project\part2\dataset\archive\data\data\real\500\IMG20221010133538.jpg,5,500_rupees,current_real,current_5_img20221010133538,train
C:\Users\bhave\OneDrive\Desktop\Sem7\ComputerVision\Project\part2\dataset\archive\data\data\real\500\IMG20221010133541.jpg,5,500_rupees,current_real,current_5_img20221010133541,train
C:\Users\bhave\OneDrive\Desktop\Sem7\ComputerVision\Project\part2\dataset\archive\data\data\real\500\IMG20221010133637.jpg,5,500_rupees,current_real,current_5_img20221010133637,train
C:\Users\bhave\OneDrive\Desktop\Sem7\ComputerVision\Project\part2\dataset\archive\data\data\real\500\IMG20221010133642.jpg,5,500_rupees,current_real,current_5_img20221010133642,train
C:\Users\bhave\OneDrive\Desktop\Sem7\ComputerVision\Project\part2\dataset\archive\data\data\real\500\IMG20221010133644.jpg,5,500_rupees,current_real,current_5_img20221010133644,train
C:\Users\bhave\OneDrive\Desktop\Sem7\ComputerVision\Project\part2\dataset\archive\data\data\real\500\IMG20221010133651.jpg,5,500_rupees,current_real,current_5_img20221010133651,train
C:\Users\bhave\OneDrive\Desktop\Sem7\ComputerVision\Project\part2\dataset\archive\data\data\real\500\IMG20221010133654.jpg,5,500_rupees,current_real,current_5_img20221010133654,train
C:\Users\bhave\OneDrive\Desktop\Sem7\ComputerVision\Project\part2\dataset\archive\data\data\real\500\IMG20221010133700.jpg,5,500_rupees,current_real,current_5_img20221010133700,train
C:\Users\bhave\OneDrive\Desktop\Sem7\ComputerVision\Project\part2\dataset\archive\data\data\real\500\IMG20221010133705.jpg,5,500_rupees,current_real,current_5_img20221010133705,train
C:\Users\bhave\OneDrive\Desktop\Sem7\ComputerVision\Project\part2\dataset\archive\data\data\real\500\IMG20221010133708.jpg,5,500_rupees,current_real,current_5_img20221010133708,train
C:\Users\bhave\OneDrive\Desktop\Sem7\ComputerVision\Project\part2\dataset\archive\data\data\real\500\IMG20221010133717.jpg,5,500_rupees,current_real,current_5_img20221010133717,train
C:\Users\bhave\OneDrive\Desktop\Sem7\ComputerVision\Project\part2\dataset\archive\data\data\real\500\IMG20221010133719.jpg,5,500_rupees,current_real,current_5_img20221010133719,train
C:\Users\bhave\OneDrive\Desktop\Sem7\ComputerVision\Project\part2\dataset\archive\data\data\real\500\IMG20221010133721.jpg,5,500_rupees,current_real,current_5_img20221010133721,train
C:\Users\bhave\OneDrive\Desktop\Sem7\ComputerVision\Project\part2\dataset\archive\data\data\real\500\IMG20221010133724.jpg,5,500_rupees,current_real,current_5_img20221010133724,train
C:\Users\bhave\OneDrive\Desktop\Sem7\ComputerVision\Project\part2\dataset\archive\data\data\real\500\IMG20221010133730.jpg,5,500_rupees,current_real,current_5_img20221010133730,train
C:\Users\bhave\OneDrive\Desktop\Sem7\ComputerVision\Project\part2\dataset\archive\data\data\real\500\IMG20221010133735.jpg,5,500_rupees,current_real,current_5_img20221010133735,train
C:\Users\bhave\OneDrive\Desktop\Sem7\ComputerVision\Project\part2\dataset\archive\data\data\real\500\IMG20221010133739.jpg,5,500_rupees,current_real,current_5_img20221010133739,train
C:\Users\bhave\OneDrive\Desktop\Sem7\ComputerVision\Project\part2\dataset\archive\data\data\real\500\IMG20221010133742.jpg,5,500_rupees,current_real,current_5_img20221010133742,train
C:\Users\bhave\OneDrive\Desktop\Sem7\ComputerVision\Project\part2\dataset\archive\data\data\real\500\IMG20221010133743.jpg,5,500_rupees,current_real,current_5_img20221010133743,train
C:\Users\bhave\OneDrive\Desktop\Sem7\ComputerVision\Project\part2\dataset\archive\data\data\real\500\IMG20221010133749.jpg,5,500_rupees,current_real,current_5_img20221010133749,train
C:\Users\bhave\OneDrive\Desktop\Sem7\ComputerVision\Project\part2\dataset\archive\data\data\real\500\IMG20221010133750.jpg,5,500_rupees,current_real,current_5_img20221010133750,train
C:\Users\bhave\OneDrive\Desktop\Sem7\ComputerVision\Project\part2\dataset\archive\data\data\real\500\IMG20221010133753.jpg,5,500_rupees,current_real,current_5_img20221010133753,train
C:\Users\bhave\OneDrive\Desktop\Sem7\ComputerVision\Project\part2\dataset\archive\data\data\real\500\IMG20221010133753_01.jpg,5,500_rupees,current_real,current_5_img20221010133753_01,train
C:\Users\bhave\OneDrive\Desktop\Sem7\ComputerVision\Project\part2\dataset\archive\data\data\real\500\IMG20221010133755.jpg,5,500_rupees,current_real,current_5_img20221010133755,train
C:\Users\bhave\OneDrive\Desktop\Sem7\ComputerVision\Project\part2\dataset\archive\data\data\real\500\IMG_1667849603381.jpg,5,500_rupees,current_real,current_5_img_1667849603381,train
C:\Users\bhave\OneDrive\Desktop\Sem7\ComputerVision\Project\part2\dataset\archive\data\data\real\500\IMG_1667849622714.jpg,5,500_rupees,current_real,current_5_img_1667849622714,train
C:\Users\bhave\OneDrive\Desktop\Sem7\ComputerVision\Project\part2\dataset\archive\data\data\real\500\IMG_1667849689753.jpg,5,500_rupees,current_real,current_5_img_1667849689753,train
C:\Users\bhave\OneDrive\Desktop\Sem7\ComputerVision\Project\part2\dataset\archive\data\data\real\500\IMG_1667849700360.jpg,5,500_rupees,current_real,current_5_img_1667849700360,train
C:\Users\bhave\OneDrive\Desktop\Sem7\ComputerVision\Project\part2\dataset\archive\data\data\real\500\IMG_1667849716942.jpg,5,500_rupees,current_real,current_5_img_1667849716942,train
C:\Users\bhave\OneDrive\Desktop\Sem7\ComputerVision\Project\part2\dataset\archive\data\data\real\500\IMG_1667849727220.jpg,5,500_rupees,current_real,current_5_img_1667849727220,train
C:\Users\bhave\OneDrive\Desktop\Sem7\ComputerVision\Project\part2\dataset\archive\data\data\real\500\IMG_1667849810462.jpg,5,500_rupees,current_real,current_5_img_1667849810462,train
C:\Users\bhave\OneDrive\Desktop\Sem7\ComputerVision\Project\part2\dataset\archive\data\data\real\500\IMG_1667849830009.jpg,5,500_rupees,current_real,current_5_img_1667849830009,train
C:\Users\bhave\OneDrive\Desktop\Sem7\ComputerVision\Project\part2\dataset\archive\data\data\real\500\IMG_1667849843181.jpg,5,500_rupees,current_real,current_5_img_1667849843181,train
C:\Users\bhave\OneDrive\Desktop\Sem7\ComputerVision\Project\part2\dataset\archive\data\data\real\500\IMG_1667849913204.jpg,5,500_rupees,current_real,current_5_img_1667849913204,train
C:\Users\bhave\OneDrive\Desktop\Sem7\ComputerVision\Project\part2\dataset\archive\data\data\real\500\IMG_1667849992370.jpg,5,500_rupees,current_real,current_5_img_1667849992370,train
C:\Users\bhave\OneDrive\Desktop\Sem7\ComputerVision\Project\part2\dataset\archive\data\data\real\500\IMG_1667850002972.jpg,5,500_rupees,current_real,current_5_img_1667850002972,train
C:\Users\bhave\OneDrive\Desktop\Sem7\ComputerVision\Project\part2\dataset\archive\data\data\real\500\IMG_1667850108539.jpg,5,500_rupees,current_real,current_5_img_1667850108539,train
C:\Users\bhave\OneDrive\Desktop\Sem7\ComputerVision\Project\part2\dataset\archive\data\data\real\500\IMG_1667850119724.jpg,5,500_rupees,current_real,current_5_img_1667850119724,train
C:\Users\bhave\OneDrive\Desktop\Sem7\ComputerVision\Project\part2\dataset\archive\data\data\real\500\IMG_1667850142171.jpg,5,500_rupees,current_real,current_5_img_1667850142171,train
C:\Users\bhave\OneDrive\Desktop\Sem7\ComputerVision\Project\part2\dataset\archive\data\data\real\500\IMG_1667850145012.jpg,5,500_rupees,current_real,current_5_img_1667850145012,train
C:\Users\bhave\OneDrive\Desktop\Sem7\ComputerVision\Project\part2\dataset\archive\data\data\real\500\IMG_1667850245275.jpg,5,500_rupees,current_real,current_5_img_1667850245275,train
C:\Users\bhave\OneDrive\Desktop\Sem7\ComputerVision\Project\part2\dataset\archive\data\data\real\500\IMG_1667850257712.jpg,5,500_rupees,current_real,current_5_img_1667850257712,train
C:\Users\bhave\OneDrive\Desktop\Sem7\ComputerVision\Project\part2\dataset\archive\data\data\real\500\IMG_1667850285985.jpg,5,500_rupees,current_real,current_5_img_1667850285985,train
C:\Users\bhave\OneDrive\Desktop\Sem7\ComputerVision\Project\part2\dataset\archive\data\data\real\500\IMG_1667850318073.jpg,5,500_rupees,current_real,current_5_img_1667850318073,train
C:\Users\bhave\OneDrive\Desktop\Sem7\ComputerVision\Project\part2\dataset\archive\data\data\real\500\IMG_1667850387741.jpg,5,500_rupees,current_real,current_5_img_1667850387741,train
C:\Users\bhave\OneDrive\Desktop\Sem7\ComputerVision\Project\part2\dataset\archive\data\data\real\500\IMG_1667850440645.jpg,5,500_rupees,current_real,current_5_img_1667850440645,train
C:\Users\bhave\OneDrive\Desktop\Sem7\ComputerVision\Project\part2\dataset\archive\data\data\real\500\IMG_1667850487214.jpg,5,500_rupees,current_real,current_5_img_1667850487214,train
C:\Users\bhave\OneDrive\Desktop\Sem7\ComputerVision\Project\part2\dataset\archive\data\data\real\500\IMG_1667850535910.jpg,5,500_rupees,current_real,current_5_img_1667850535910,train
C:\Users\bhave\OneDrive\Desktop\Sem7\ComputerVision\Project\part2\dataset\archive\data\data\real\500\IMG_1667850543363.jpg,5,500_rupees,current_real,current_5_img_1667850543363,train
C:\Users\bhave\OneDrive\Desktop\Sem7\ComputerVision\Project\part2\dataset\archive\data\data\real\500\IMG_1667850553564.jpg,5,500_rupees,current_real,current_5_img_1667850553564,train
C:\Users\bhave\OneDrive\Desktop\Sem7\ComputerVision\Project\part2\dataset\archive\data\data\real\500\IMG_1667850562244.jpg,5,500_rupees,current_real,current_5_img_1667850562244,train
C:\Users\bhave\OneDrive\Desktop\Sem7\ComputerVision\Project\part2\dataset\archive\data\data\real\500\IMG_1667850601332.jpg,5,500_rupees,current_real,current_5_img_1667850601332,train
C:\Users\bhave\OneDrive\Desktop\Sem7\ComputerVision\Project\part2\dataset\archive\data\data\real\500\IMG_1667850666893.jpg,5,500_rupees,current_real,current_5_img_1667850666893,train
C:\Users\bhave\OneDrive\Desktop\Sem7\ComputerVision\Project\part2\dataset\archive\data\data\real\500\IMG_1667850682383.jpg,5,500_rupees,current_real,current_5_img_1667850682383,train
C:\Users\bhave\OneDrive\Desktop\Sem7\ComputerVision\Project\part2\dataset\archive\data\data\real\500\IMG_1667850746803.jpg,5,500_rupees,current_real,current_5_img_1667850746803,train
C:\Users\bhave\OneDrive\Desktop\Sem7\ComputerVision\Project\part2\dataset\archive\data\data\real\500\IMG_1667850756432.jpg,5,500_rupees,current_real,current_5_img_1667850756432,train
C:\Users\bhave\OneDrive\Desktop\Sem7\ComputerVision\Project\part2\dataset\archive\data\data\real\500\IMG_1667850998078.jpg,5,500_rupees,current_real,current_5_img_1667850998078,train
C:\Users\bhave\OneDrive\Desktop\Sem7\ComputerVision\Project\part2\dataset\archive\data\data\real\500\IMG_1667851017456.jpg,5,500_rupees,current_real,current_5_img_1667851017456,train
C:\Users\bhave\OneDrive\Desktop\Sem7\ComputerVision\Project\part2\dataset\archive\data\data\real\500\IMG_1667851031365.jpg,5,500_rupees,current_real,current_5_img_1667851031365,train
C:\Users\bhave\OneDrive\Desktop\Sem7\ComputerVision\Project\part2\dataset\archive\data\data\real\500\IMG_1667851126018.jpg,5,500_rupees,current_real,current_5_img_1667851126018,train
C:\Users\bhave\OneDrive\Desktop\Sem7\ComputerVision\Project\part2\dataset\archive\data\data\real\500\IMG_1667851140583.jpg,5,500_rupees,current_real,current_5_img_1667851140583,train
C:\Users\bhave\OneDrive\Desktop\Sem7\ComputerVision\Project\part2\dataset\archive\data\data\real\500\IMG_1667851157095.jpg,5,500_rupees,current_real,current_5_img_1667851157095,train
C:\Users\bhave\OneDrive\Desktop\Sem7\ComputerVision\Project\part2\dataset\archive\data\data\real\500\IMG_1667851177412.jpg,5,500_rupees,current_real,current_5_img_1667851177412,train
C:\Users\bhave\OneDrive\Desktop\Sem7\ComputerVision\Project\part2\dataset\archive\data\data\real\500\IMG_1667851188045.jpg,5,500_rupees,current_real,current_5_img_1667851188045,train
C:\Users\bhave\OneDrive\Desktop\Sem7\ComputerVision\Project\part2\dataset\archive\data\data\real\500\IMG_1667851212189.jpg,5,500_rupees,current_real,current_5_img_1667851212189,train
C:\Users\bhave\OneDrive\Desktop\Sem7\ComputerVision\Project\part2\dataset\archive\data\data\real\500\IMG_1667851231931.jpg,5,500_rupees,current_real,current_5_img_1667851231931,train
C:\Users\bhave\OneDrive\Desktop\Sem7\ComputerVision\Project\part2\dataset\archive\data\data\real\500\IMG_1667851239744.jpg,5,500_rupees,current_real,current_5_img_1667851239744,train
C:\Users\bhave\OneDrive\Desktop\Sem7\ComputerVision\Project\part2\dataset\archive\data\data\real\500\IMG_1667851269738.jpg,5,500_rupees,current_real,current_5_img_1667851269738,train
C:\Users\bhave\OneDrive\Desktop\Sem7\ComputerVision\Project\part2\dataset\archive\data\data\real\500\IMG_1667851280878.jpg,5,500_rupees,current_real,current_5_img_1667851280878,train
C:\Users\bhave\OneDrive\Desktop\Sem7\ComputerVision\Project\part2\dataset\archive\data\data\real\500\IMG_1667851538134.jpg,5,500_rupees,current_real,current_5_img_1667851538134,train
C:\Users\bhave\OneDrive\Desktop\Sem7\ComputerVision\Project\part2\dataset\archive\data\data\real\500\IMG_1667851558300.jpg,5,500_rupees,current_real,current_5_img_1667851558300,train
C:\Users\bhave\OneDrive\Desktop\Sem7\ComputerVision\Project\part2\dataset\archive\data\data\real\500\IMG_1667851573346.jpg,5,500_rupees,current_real,current_5_img_1667851573346,train
C:\Users\bhave\OneDrive\Desktop\Sem7\ComputerVision\Project\part2\dataset\archive\data\data\real\500\IMG_1667851700476.jpg,5,500_rupees,current_real,current_5_img_1667851700476,train
C:\Users\bhave\OneDrive\Desktop\Sem7\ComputerVision\Project\part2\dataset\archive\data\data\real\500\IMG_1667851741422.jpg,5,500_rupees,current_real,current_5_img_1667851741422,train
C:\Users\bhave\OneDrive\Desktop\Sem7\ComputerVision\Project\part2\dataset\archive\data\data\real\500\IMG_1667851876105.jpg,5,500_rupees,current_real,current_5_img_1667851876105,train
C:\Users\bhave\OneDrive\Desktop\Sem7\ComputerVision\Project\part2\dataset\archive\data\data\real\500\IMG_1667851896801.jpg,5,500_rupees,current_real,current_5_img_1667851896801,train
C:\Users\bhave\OneDrive\Desktop\Sem7\ComputerVision\Project\part2\dataset\archive\data\data\real\500\IMG_1667851919697.jpg,5,500_rupees,current_real,current_5_img_1667851919697,train
C:\Users\bhave\OneDrive\Desktop\Sem7\ComputerVision\Project\part2\dataset\archive\data\data\real\500\IMG_1667852011881.jpg,5,500_rupees,current_real,current_5_img_1667852011881,train
C:\Users\bhave\OneDrive\Desktop\Sem7\ComputerVision\Project\part2\dataset\archive\data\data\real\500\IMG_1667852030743.jpg,5,500_rupees,current_real,current_5_img_1667852030743,train
C:\Users\bhave\OneDrive\Desktop\Sem7\ComputerVision\Project\part2\dataset\archive\data\data\real\500\IMG_1667852061508.jpg,5,500_rupees,current_real,current_5_img_1667852061508,train
C:\Users\bhave\OneDrive\Desktop\Sem7\ComputerVision\Project\part2\dataset\archive\data\data\real\500\IMG_1667852086980.jpg,5,500_rupees,current_real,current_5_img_1667852086980,train
C:\Users\bhave\OneDrive\Desktop\Sem7\ComputerVision\Project\part2\dataset\archive\data\data\real\500\IMG_1667852101106.jpg,5,500_rupees,current_real,current_5_img_1667852101106,train
C:\Users\bhave\OneDrive\Desktop\Sem7\ComputerVision\Project\part2\dataset\archive\data\data\real\500\IMG_1667852158156.jpg,5,500_rupees,current_real,current_5_img_1667852158156,train
C:\Users\bhave\OneDrive\Desktop\Sem7\ComputerVision\Project\part2\dataset\archive\data\data\real\500\IMG_1667852172740.jpg,5,500_rupees,current_real,current_5_img_1667852172740,train
C:\Users\bhave\OneDrive\Desktop\Sem7\ComputerVision\Project\part2\dataset\archive\data\data\real\500\IMG_1667852223783.jpg,5,500_rupees,current_real,current_5_img_1667852223783,train
C:\Users\bhave\OneDrive\Desktop\Sem7\ComputerVision\Project\part2\dataset\archive\data\data\real\500\IMG_1667852237186.jpg,5,500_rupees,current_real,current_5_img_1667852237186,train
C:\Users\bhave\OneDrive\Desktop\Sem7\ComputerVision\Project\part2\dataset\archive\data\data\real\500\IMG_1667852266885.jpg,5,500_rupees,current_real,current_5_img_1667852266885,train
C:\Users\bhave\OneDrive\Desktop\Sem7\ComputerVision\Project\part2\dataset\archive\data\data\real\500\IMG_1667852282549.jpg,5,500_rupees,current_real,current_5_img_1667852282549,train
C:\Users\bhave\OneDrive\Desktop\Sem7\ComputerVision\Project\part2\dataset\archive\data\data\real\500\IMG_1667852312691.jpg,5,500_rupees,current_real,current_5_img_1667852312691,train
C:\Users\bhave\OneDrive\Desktop\Sem7\ComputerVision\Project\part2\dataset\archive\data\data\real\500\IMG_1667852393166.jpg,5,500_rupees,current_real,current_5_img_1667852393166,train
C:\Users\bhave\OneDrive\Desktop\Sem7\ComputerVision\Project\part2\dataset\archive\data\data\real\500\IMG_1667852402908.jpg,5,500_rupees,current_real,current_5_img_1667852402908,train
C:\Users\bhave\OneDrive\Desktop\Sem7\ComputerVision\Project\part2\dataset\archive\data\data\real\500\IMG_1667852434840.jpg,5,500_rupees,current_real,current_5_img_1667852434840,train
C:\Users\bhave\OneDrive\Desktop\Sem7\ComputerVision\Project\part2\dataset\archive\data\data\real\500\IMG_1667852486902.jpg,5,500_rupees,current_real,current_5_img_1667852486902,train
C:\Users\bhave\OneDrive\Desktop\Sem7\ComputerVision\Project\part2\dataset\archive\data\data\real\500\IMG_1667852508965.jpg,5,500_rupees,current_real,current_5_img_1667852508965,train
C:\Users\bhave\OneDrive\Desktop\Sem7\ComputerVision\Project\part2\dataset\archive\data\data\real\500\IMG_1667852585608.jpg,5,500_rupees,current_real,current_5_img_1667852585608,train
C:\Users\bhave\OneDrive\Desktop\Sem7\ComputerVision\Project\part2\dataset\archive\data\data\real\500\IMG_1667852598438.jpg,5,500_rupees,current_real,current_5_img_1667852598438,train
C:\Users\bhave\OneDrive\Desktop\Sem7\ComputerVision\Project\part2\dataset\archive\data\data\real\500\IMG_1667852735983.jpg,5,500_rupees,current_real,current_5_img_1667852735983,train
C:\Users\bhave\OneDrive\Desktop\Sem7\ComputerVision\Project\part2\dataset\archive\data\data\real\500\IMG_1667852838487.jpg,5,500_rupees,current_real,current_5_img_1667852838487,train
C:\Users\bhave\OneDrive\Desktop\Sem7\ComputerVision\Project\part2\dataset\archive\data\data\real\500\IMG_1667852854091.jpg,5,500_rupees,current_real,current_5_img_1667852854091,train
C:\Users\bhave\OneDrive\Desktop\Sem7\ComputerVision\Project\part2\dataset\archive\data\data\real\500\IMG_1667885699163.jpg,5,500_rupees,current_real,current_5_img_1667885699163,train
C:\Users\bhave\OneDrive\Desktop\Sem7\ComputerVision\Project\part2\dataset\archive\data\data\real\500\IMG_1667885728843.jpg,5,500_rupees,current_real,current_5_img_1667885728843,train
C:\Users\bhave\OneDrive\Desktop\Sem7\ComputerVision\Project\part2\dataset\archive\data\data\real\500\IMG_1667885769466.jpg,5,500_rupees,current_real,current_5_img_1667885769466,train
C:\Users\bhave\OneDrive\Desktop\Sem7\ComputerVision\Project\part2\dataset\archive\data\data\real\500\IMG_1667885786472.jpg,5,500_rupees,current_real,current_5_img_1667885786472,train
C:\Users\bhave\OneDrive\Desktop\Sem7\ComputerVision\Project\part2\dataset\archive\data\data\real\500\IMG_1667885816240.jpg,5,500_rupees,current_real,current_5_img_1667885816240,train
C:\Users\bhave\OneDrive\Desktop\Sem7\ComputerVision\Project\part2\dataset\archive\data\data\real\500\IMG_1667885856162.jpg,5,500_rupees,current_real,current_5_img_1667885856162,train
C:\Users\bhave\OneDrive\Desktop\Sem7\ComputerVision\Project\part2\dataset\archive\data\data\real\500\IMG_1667885869368.jpg,5,500_rupees,current_real,current_5_img_1667885869368,train
C:\Users\bhave\OneDrive\Desktop\Sem7\ComputerVision\Project\part2\dataset\archive\data\data\real\500\IMG_1667885954903.jpg,5,500_rupees,current_real,current_5_img_1667885954903,train
C:\Users\bhave\OneDrive\Desktop\Sem7\ComputerVision\Project\part2\dataset\archive\data\data\real\500\IMG_1667885997662.jpg,5,500_rupees,current_real,current_5_img_1667885997662,train
C:\Users\bhave\OneDrive\Desktop\Sem7\ComputerVision\Project\part2\dataset\archive\data\data\real\500\IMG_1667886031412.jpg,5,500_rupees,current_real,current_5_img_1667886031412,train
C:\Users\bhave\OneDrive\Desktop\Sem7\ComputerVision\Project\part2\dataset\archive\data\data\real\500\IMG_1667886125916.jpg,5,500_rupees,current_real,current_5_img_1667886125916,train
C:\Users\bhave\OneDrive\Desktop\Sem7\ComputerVision\Project\part2\dataset\archive\data\data\real\500\IMG_1667886141861.jpg,5,500_rupees,current_real,current_5_img_1667886141861,train
C:\Users\bhave\OneDrive\Desktop\Sem7\ComputerVision\Project\part2\dataset\archive\data\data\real\500\IMG_1667886179503.jpg,5,500_rupees,current_real,current_5_img_1667886179503,train
C:\Users\bhave\OneDrive\Desktop\Sem7\ComputerVision\Project\part2\dataset\archive\data\data\real\500\IMG_1667886267871.jpg,5,500_rupees,current_real,current_5_img_1667886267871,train
C:\Users\bhave\OneDrive\Desktop\Sem7\ComputerVision\Project\part2\dataset\archive\data\data\real\500\IMG_1667886301947.jpg,5,500_rupees,current_real,current_5_img_1667886301947,train
C:\Users\bhave\OneDrive\Desktop\Sem7\ComputerVision\Project\part2\dataset\archive\data\data\real\500\IMG_1667886479083.jpg,5,500_rupees,current_real,current_5_img_1667886479083,train
C:\Users\bhave\OneDrive\Desktop\Sem7\ComputerVision\Project\part2\dataset\archive\data\data\real\500\IMG_1667886503062.jpg,5,500_rupees,current_real,current_5_img_1667886503062,train
C:\Users\bhave\OneDrive\Desktop\Sem7\ComputerVision\Project\part2\dataset\archive\data\data\real\500\IMG_1667886593853.jpg,5,500_rupees,current_real,current_5_img_1667886593853,train
C:\Users\bhave\OneDrive\Desktop\Sem7\ComputerVision\Project\part2\dataset\archive\data\data\real\500\IMG_1667886608400.jpg,5,500_rupees,current_real,current_5_img_1667886608400,train
C:\Users\bhave\OneDrive\Desktop\Sem7\ComputerVision\Project\part2\dataset\archive\data\data\real\500\IMG_1667886614359.jpg,5,500_rupees,current_real,current_5_img_1667886614359,train
C:\Users\bhave\OneDrive\Desktop\Sem7\ComputerVision\Project\part2\dataset\archive\data\data\real\500\IMG_1667886632033.jpg,5,500_rupees,current_real,current_5_img_1667886632033,train
C:\Users\bhave\OneDrive\Desktop\Sem7\ComputerVision\Project\part2\dataset\archive\data\data\real\500\IMG_1667886644926.jpg,5,500_rupees,current_real,current_5_img_1667886644926,train
C:\Users\bhave\OneDrive\Desktop\Sem7\ComputerVision\Project\part2\dataset\archive\data\data\real\500\IMG_1667886651792.jpg,5,500_rupees,current_real,current_5_img_1667886651792,train
C:\Users\bhave\OneDrive\Desktop\Sem7\ComputerVision\Project\part2\dataset\archive\data\data\real\500\IMG_1667886669380.jpg,5,500_rupees,current_real,current_5_img_1667886669380,train
C:\Users\bhave\OneDrive\Desktop\Sem7\ComputerVision\Project\part2\dataset\archive\data\data\real\500\IMG_1667886761880.jpg,5,500_rupees,current_real,current_5_img_1667886761880,train
C:\Users\bhave\OneDrive\Desktop\Sem7\ComputerVision\Project\part2\dataset\archive\data\data\real\500\IMG_1667886791930.jpg,5,500_rupees,current_real,current_5_img_1667886791930,train
C:\Users\bhave\OneDrive\Desktop\Sem7\ComputerVision\Project\part2\dataset\archive\data\data\real\500\IMG_1667886831546.jpg,5,500_rupees,current_real,current_5_img_1667886831546,train
C:\Users\bhave\OneDrive\Desktop\Sem7\ComputerVision\Project\part2\dataset\archive\data\data\real\500\IMG_1667886849148.jpg,5,500_rupees,current_real,current_5_img_1667886849148,train
C:\Users\bhave\OneDrive\Desktop\Sem7\ComputerVision\Project\part2\dataset\archive\data\data\real\500\IMG_1667888751351.jpg,5,500_rupees,current_real,current_5_img_1667888751351,train
C:\Users\bhave\OneDrive\Desktop\Sem7\ComputerVision\Project\part2\dataset\archive\data\data\real\500\IMG_1667888763445.jpg,5,500_rupees,current_real,current_5_img_1667888763445,train
C:\Users\bhave\OneDrive\Desktop\Sem7\ComputerVision\Project\part2\dataset\archive\data\data\real\500\IMG_1667888769930.jpg,5,500_rupees,current_real,current_5_img_1667888769930,train
C:\Users\bhave\OneDrive\Desktop\Sem7\ComputerVision\Project\part2\dataset\archive\data\data\real\500\IMG_1667888821634.jpg,5,500_rupees,current_real,current_5_img_1667888821634,train
C:\Users\bhave\OneDrive\Desktop\Sem7\ComputerVision\Project\part2\dataset\archive\data\data\real\500\IMG_1667888843637.jpg,5,500_rupees,current_real,current_5_img_1667888843637,train
C:\Users\bhave\OneDrive\Desktop\Sem7\ComputerVision\Project\part2\dataset\archive\data\data\real\500\IMG_1667888895491.jpg,5,500_rupees,current_real,current_5_img_1667888895491,train
C:\Users\bhave\OneDrive\Desktop\Sem7\ComputerVision\Project\part2\dataset\archive\data\data\real\500\IMG_1667888980068.jpg,5,500_rupees,current_real,current_5_img_1667888980068,train
C:\Users\bhave\OneDrive\Desktop\Sem7\ComputerVision\Project\part2\dataset\archive\data\data\real\500\IMG_1667889011173.jpg,5,500_rupees,current_real,current_5_img_1667889011173,train
C:\Users\bhave\OneDrive\Desktop\Sem7\ComputerVision\Project\part2\dataset\archive\data\data\real\500\IMG_1667889095507.jpg,5,500_rupees,current_real,current_5_img_1667889095507,train
C:\Users\bhave\OneDrive\Desktop\Sem7\ComputerVision\Project\part2\dataset\archive\data\data\real\500\IMG_1667889111639.jpg,5,500_rupees,current_real,current_5_img_1667889111639,train
C:\Users\bhave\OneDrive\Desktop\Sem7\ComputerVision\Project\part2\dataset\archive\data\data\real\500\IMG_1667889121240.jpg,5,500_rupees,current_real,current_5_img_1667889121240,train
C:\Users\bhave\OneDrive\Desktop\Sem7\ComputerVision\Project\part2\dataset\archive\data\data\real\500\IMG_1667889262783.jpg,5,500_rupees,current_real,current_5_img_1667889262783,train
C:\Users\bhave\OneDrive\Desktop\Sem7\ComputerVision\Project\part2\dataset\archive\data\data\real\500\IMG_1667889305088.jpg,5,500_rupees,current_real,current_5_img_1667889305088,train
C:\Users\bhave\OneDrive\Desktop\Sem7\ComputerVision\Project\part2\dataset\archive\data\data\real\500\IMG_1667889319792.jpg,5,500_rupees,current_real,current_5_img_1667889319792,train
C:\Users\bhave\OneDrive\Desktop\Sem7\ComputerVision\Project\part2\dataset\archive\data\data\real\500\IMG_1667889354587.jpg,5,500_rupees,current_real,current_5_img_1667889354587,train
C:\Users\bhave\OneDrive\Desktop\Sem7\ComputerVision\Project\part2\dataset\archive\data\data\real\500\IMG_1667889432211.jpg,5,500_rupees,current_real,current_5_img_1667889432211,train
C:\Users\bhave\OneDrive\Desktop\Sem7\ComputerVision\Project\part2\dataset\archive\data\data\real\500\IMG_1667889494128.jpg,5,500_rupees,current_real,current_5_img_1667889494128,train
C:\Users\bhave\OneDrive\Desktop\Sem7\ComputerVision\Project\part2\dataset\archive\data\data\real\500\IMG_1667889567944.jpg,5,500_rupees,current_real,current_5_img_1667889567944,train
C:\Users\bhave\OneDrive\Desktop\Sem7\ComputerVision\Project\part2\dataset\archive\data\data\real\500\IMG_1667889614252.jpg,5,500_rupees,current_real,current_5_img_1667889614252,train
C:\Users\bhave\OneDrive\Desktop\Sem7\ComputerVision\Project\part2\dataset\archive\data\data\real\500\IMG_1667889666210.jpg,5,500_rupees,current_real,current_5_img_1667889666210,train
C:\Users\bhave\OneDrive\Desktop\Sem7\ComputerVision\Project\part2\dataset\archive\data\data\real\500\IMG_1667889681721.jpg,5,500_rupees,current_real,current_5_img_1667889681721,train
C:\Users\bhave\OneDrive\Desktop\Sem7\ComputerVision\Project\part2\dataset\archive\data\data\real\500\IMG_1667889902186.jpg,5,500_rupees,current_real,current_5_img_1667889902186,train
C:\Users\bhave\OneDrive\Desktop\Sem7\ComputerVision\Project\part2\dataset\archive\data\data\real\500\IMG_1667889934301.jpg,5,500_rupees,current_real,current_5_img_1667889934301,train
C:\Users\bhave\OneDrive\Desktop\Sem7\ComputerVision\Project\part2\dataset\archive\data\data\real\500\IMG_1667890065731.jpg,5,500_rupees,current_real,current_5_img_1667890065731,train
C:\Users\bhave\OneDrive\Desktop\Sem7\ComputerVision\Project\part2\dataset\archive\data\data\real\500\IMG_1667890112646.jpg,5,500_rupees,current_real,current_5_img_1667890112646,train
C:\Users\bhave\OneDrive\Desktop\Sem7\ComputerVision\Project\part2\dataset\archive\data\data\real\500\IMG_1667890168310.jpg,5,500_rupees,current_real,current_5_img_1667890168310,train
C:\Users\bhave\OneDrive\Desktop\Sem7\ComputerVision\Project\part2\dataset\archive\data\data\real\500\IMG_1667890184272.jpg,5,500_rupees,current_real,current_5_img_1667890184272,train
C:\Users\bhave\OneDrive\Desktop\Sem7\ComputerVision\Project\part2\dataset\archive\data\data\real\500\IMG_1667890194908.jpg,5,500_rupees,current_real,current_5_img_1667890194908,train
C:\Users\bhave\OneDrive\Desktop\Sem7\ComputerVision\Project\part2\dataset\archive\data\data\real\500\IMG_1667890201120.jpg,5,500_rupees,current_real,current_5_img_1667890201120,train
C:\Users\bhave\OneDrive\Desktop\Sem7\ComputerVision\Project\part2\dataset\archive\data\data\real\500\IMG_1667890217208.jpg,5,500_rupees,current_real,current_5_img_1667890217208,train
C:\Users\bhave\OneDrive\Desktop\Sem7\ComputerVision\Project\part2\dataset\archive\data\data\real\500\IMG_1667891117496.jpg,5,500_rupees,current_real,current_5_img_1667891117496,train
C:\Users\bhave\OneDrive\Desktop\Sem7\ComputerVision\Project\part2\dataset\archive\data\data\real\500\IMG_1667891131900.jpg,5,500_rupees,current_real,current_5_img_1667891131900,train
C:\Users\bhave\OneDrive\Desktop\Sem7\ComputerVision\Project\part2\dataset\archive\data\data\real\500\IMG_1667891138776.jpg,5,500_rupees,current_real,current_5_img_1667891138776,train
C:\Users\bhave\OneDrive\Desktop\Sem7\ComputerVision\Project\part2\dataset\archive\data\data\real\500\IMG_1667891144369.jpg,5,500_rupees,current_real,current_5_img_1667891144369,train
C:\Users\bhave\OneDrive\Desktop\Sem7\ComputerVision\Project\part2\dataset\archive\data\data\real\500\IMG_1667891150270.jpg,5,500_rupees,current_real,current_5_img_1667891150270,train
C:\Users\bhave\OneDrive\Desktop\Sem7\ComputerVision\Project\part2\dataset\archive\data\data\real\500\IMG_1667891172371.jpg,5,500_rupees,current_real,current_5_img_1667891172371,train
C:\Users\bhave\OneDrive\Desktop\Sem7\ComputerVision\Project\part2\dataset\archive\data\data\real\500\IMG_1667891212709.jpg,5,500_rupees,current_real,current_5_img_1667891212709,train
C:\Users\bhave\OneDrive\Desktop\Sem7\ComputerVision\Project\part2\dataset\archive\data\data\real\500\IMG_1667891218604.jpg,5,500_rupees,current_real,current_5_img_1667891218604,train
C:\Users\bhave\OneDrive\Desktop\Sem7\ComputerVision\Project\part2\dataset\archive\data\data\real\500\IMG_1667891223500.jpg,5,500_rupees,current_real,current_5_img_1667891223500,train
C:\Users\bhave\OneDrive\Desktop\Sem7\ComputerVision\Project\part2\dataset\archive\data\data\real\500\IMG_1667891240569.jpg,5,500_rupees,current_real,current_5_img_1667891240569,train
C:\Users\bhave\OneDrive\Desktop\Sem7\ComputerVision\Project\part2\dataset\archive\data\data\real\500\IMG_1667891259985.jpg,5,500_rupees,current_real,current_5_img_1667891259985,train
C:\Users\bhave\OneDrive\Desktop\Sem7\ComputerVision\Project\part2\dataset\archive\data\data\real\500\IMG_1667891280217.jpg,5,500_rupees,current_real,current_5_img_1667891280217,train
C:\Users\bhave\OneDrive\Desktop\Sem7\ComputerVision\Project\part2\dataset\archive\data\data\real\500\IMG_1667891352472.jpg,5,500_rupees,current_real,current_5_img_1667891352472,train
C:\Users\bhave\OneDrive\Desktop\Sem7\ComputerVision\Project\part2\dataset\archive\data\data\real\500\IMG_1667891358184.jpg,5,500_rupees,current_real,current_5_img_1667891358184,train
C:\Users\bhave\OneDrive\Desktop\Sem7\ComputerVision\Project\part2\dataset\archive\data\data\real\500\IMG_1667891364393.jpg,5,500_rupees,current_real,current_5_img_1667891364393,train
C:\Users\bhave\OneDrive\Desktop\Sem7\ComputerVision\Project\part2\dataset\archive\data\data\real\500\IMG_1667891374634.jpg,5,500_rupees,current_real,current_5_img_1667891374634,train
C:\Users\bhave\OneDrive\Desktop\Sem7\ComputerVision\Project\part2\dataset\archive\data\data\real\500\IMG_1667891445946.jpg,5,500_rupees,current_real,current_5_img_1667891445946,train
C:\Users\bhave\OneDrive\Desktop\Sem7\ComputerVision\Project\part2\dataset\archive\data\data\real\500\IMG_1667891510452.jpg,5,500_rupees,current_real,current_5_img_1667891510452,train
C:\Users\bhave\OneDrive\Desktop\Sem7\ComputerVision\Project\part2\dataset\archive\data\data\real\500\IMG_1667891516726.jpg,5,500_rupees,current_real,current_5_img_1667891516726,train
C:\Users\bhave\OneDrive\Desktop\Sem7\ComputerVision\Project\part2\dataset\archive\data\data\real\500\IMG_1667891527449.jpg,5,500_rupees,current_real,current_5_img_1667891527449,train
C:\Users\bhave\OneDrive\Desktop\Sem7\ComputerVision\Project\part2\dataset\archive\data\data\real\500\IMG_1667891543802.jpg,5,500_rupees,current_real,current_5_img_1667891543802,train
C:\Users\bhave\OneDrive\Desktop\Sem7\ComputerVision\Project\part2\dataset\archive\data\data\real\500\IMG_1667891556708.jpg,5,500_rupees,current_real,current_5_img_1667891556708,train
C:\Users\bhave\OneDrive\Desktop\Sem7\ComputerVision\Project\part2\dataset\archive\data\data\real\500\IMG_1667891601631.jpg,5,500_rupees,current_real,current_5_img_1667891601631,train
C:\Users\bhave\OneDrive\Desktop\Sem7\ComputerVision\Project\part2\dataset\archive\data\data\real\500\IMG_1667891634491.jpg,5,500_rupees,current_real,current_5_img_1667891634491,train
C:\Users\bhave\OneDrive\Desktop\Sem7\ComputerVision\Project\part2\dataset\archive\data\data\real\500\IMG_1667891641306.jpg,5,500_rupees,current_real,current_5_img_1667891641306,train
C:\Users\bhave\OneDrive\Desktop\Sem7\ComputerVision\Project\part2\dataset\archive\data\data\real\500\IMG_1667891653904.jpg,5,500_rupees,current_real,current_5_img_1667891653904,train
C:\Users\bhave\OneDrive\Desktop\Sem7\ComputerVision\Project\part2\dataset\archive\data\data\real\500\IMG_1667891661969.jpg,5,500_rupees,current_real,current_5_img_1667891661969,train
C:\Users\bhave\OneDrive\Desktop\Sem7\ComputerVision\Project\part2\dataset\archive\data\data\real\500\IMG_1667891675736.jpg,5,500_rupees,current_real,current_5_img_1667891675736,train
C:\Users\bhave\OneDrive\Desktop\Sem7\ComputerVision\Project\part2\dataset\archive\data\data\real\500\IMG_1667891690533.jpg,5,500_rupees,current_real,current_5_img_1667891690533,train
C:\Users\bhave\OneDrive\Desktop\Sem7\ComputerVision\Project\part2\dataset\archive\data\data\real\500\IMG_1667891697063.jpg,5,500_rupees,current_real,current_5_img_1667891697063,train
C:\Users\bhave\OneDrive\Desktop\Sem7\ComputerVision\Project\part2\dataset\archive\data\data\real\500\IMG_1667891717692.jpg,5,500_rupees,current_real,current_5_img_1667891717692,train
C:\Users\bhave\OneDrive\Desktop\Sem7\ComputerVision\Project\part2\dataset\archive\data\data\real\500\IMG_1667891725917.jpg,5,500_rupees,current_real,current_5_img_1667891725917,train
C:\Users\bhave\OneDrive\Desktop\Sem7\ComputerVision\Project\part2\dataset\archive\data\data\real\500\IMG_1667891762361.jpg,5,500_rupees,current_real,current_5_img_1667891762361,train
C:\Users\bhave\OneDrive\Desktop\Sem7\ComputerVision\Project\part2\dataset\archive\data\data\real\500\IMG_1667891785083.jpg,5,500_rupees,current_real,current_5_img_1667891785083,train
C:\Users\bhave\OneDrive\Desktop\Sem7\ComputerVision\Project\part2\dataset\archive\data\data\real\500\IMG_1667891796856.jpg,5,500_rupees,current_real,current_5_img_1667891796856,train
C:\Users\bhave\OneDrive\Desktop\Sem7\ComputerVision\Project\part2\dataset\archive\data\data\real\500\IMG_1667891824340.jpg,5,500_rupees,current_real,current_5_img_1667891824340,train
C:\Users\bhave\OneDrive\Desktop\Sem7\ComputerVision\Project\part2\dataset\archive\data\data\real\500\IMG_1667891882052.jpg,5,500_rupees,current_real,current_5_img_1667891882052,train
C:\Users\bhave\OneDrive\Desktop\Sem7\ComputerVision\Project\part2\dataset\archive\data\data\real\500\IMG_1667891894394.jpg,5,500_rupees,current_real,current_5_img_1667891894394,train
C:\Users\bhave\OneDrive\Desktop\Sem7\ComputerVision\Project\part2\dataset\archive\data\data\real\500\IMG_1667891906838.jpg,5,500_rupees,current_real,current_5_img_1667891906838,train
C:\Users\bhave\OneDrive\Desktop\Sem7\ComputerVision\Project\part2\dataset\archive\data\data\real\500\IMG_1667891912206.jpg,5,500_rupees,current_real,current_5_img_1667891912206,train
C:\Users\bhave\OneDrive\Desktop\Sem7\ComputerVision\Project\part2\dataset\archive\data\data\real\500\IMG_1667891918821.jpg,5,500_rupees,current_real,current_5_img_1667891918821,train
C:\Users\bhave\OneDrive\Desktop\Sem7\ComputerVision\Project\part2\dataset\archive\data\data\real\500\IMG_1667891924771.jpg,5,500_rupees,current_real,current_5_img_1667891924771,train
C:\Users\bhave\OneDrive\Desktop\Sem7\ComputerVision\Project\part2\dataset\archive\data\data\real\500\IMG_1667891935867.jpg,5,500_rupees,current_real,current_5_img_1667891935867,train
C:\Users\bhave\OneDrive\Desktop\Sem7\ComputerVision\Project\part2\dataset\archive\data\data\real\500\IMG_1667891941842.jpg,5,500_rupees,current_real,current_5_img_1667891941842,train
C:\Users\bhave\OneDrive\Desktop\Sem7\ComputerVision\Project\part2\dataset\archive\data\data\real\500\IMG_1667891950745.jpg,5,500_rupees,current_real,current_5_img_1667891950745,train
C:\Users\bhave\OneDrive\Desktop\Sem7\ComputerVision\Project\part2\dataset\archive\data\data\real\500\IMG_1667891970789.jpg,5,500_rupees,current_real,current_5_img_1667891970789,train
C:\Users\bhave\OneDrive\Desktop\Sem7\ComputerVision\Project\part2\dataset\archive\data\data\real\500\IMG_1667891986351.jpg,5,500_rupees,current_real,current_5_img_1667891986351,train
C:\Users\bhave\OneDrive\Desktop\Sem7\ComputerVision\Project\part2\dataset\archive\data\data\real\500\IMG_1667891990667.jpg,5,500_rupees,current_real,current_5_img_1667891990667,train
C:\Users\bhave\OneDrive\Desktop\Sem7\ComputerVision\Project\part2\dataset\archive\data\data\real\500\IMG_1667891997164.jpg,5,500_rupees,current_real,current_5_img_1667891997164,train
C:\Users\bhave\OneDrive\Desktop\Sem7\ComputerVision\Project\part2\dataset\archive\data\data\real\500\IMG_1667892023466.jpg,5,500_rupees,current_real,current_5_img_1667892023466,train
C:\Users\bhave\OneDrive\Desktop\Sem7\ComputerVision\Project\part2\dataset\archive\data\data\real\500\IMG_1667892030284.jpg,5,500_rupees,current_real,current_5_img_1667892030284,train
C:\Users\bhave\OneDrive\Desktop\Sem7\ComputerVision\Project\part2\dataset\archive\data\data\real\500\IMG_1667892044422.jpg,5,500_rupees,current_real,current_5_img_1667892044422,train
C:\Users\bhave\OneDrive\Desktop\Sem7\ComputerVision\Project\part2\dataset\archive\data\data\real\500\IMG_1667892053423.jpg,5,500_rupees,current_real,current_5_img_1667892053423,train
C:\Users\bhave\OneDrive\Desktop\Sem7\ComputerVision\Project\part2\dataset\archive\data\data\real\500\IMG_1667892091430.jpg,5,500_rupees,current_real,current_5_img_1667892091430,train
C:\Users\bhave\OneDrive\Desktop\Sem7\ComputerVision\Project\part2\dataset\archive\data\data\real\500\IMG_1667892112842.jpg,5,500_rupees,current_real,current_5_img_1667892112842,train
C:\Users\bhave\OneDrive\Desktop\Sem7\ComputerVision\Project\part2\dataset\archive\data\data\real\500\IMG_1667892121612.jpg,5,500_rupees,current_real,current_5_img_1667892121612,train
C:\Users\bhave\OneDrive\Desktop\Sem7\ComputerVision\Project\part2\dataset\archive\data\data\real\500\IMG_1667892165662.jpg,5,500_rupees,current_real,current_5_img_1667892165662,train
C:\Users\bhave\OneDrive\Desktop\Sem7\ComputerVision\Project\part2\dataset\archive\data\data\real\500\IMG_1667892183702.jpg,5,500_rupees,current_real,current_5_img_1667892183702,train
C:\Users\bhave\OneDrive\Desktop\Sem7\ComputerVision\Project\part2\dataset\archive\data\data\real\500\IMG_1667892192205.jpg,5,500_rupees,current_real,current_5_img_1667892192205,train
C:\Users\bhave\OneDrive\Desktop\Sem7\ComputerVision\Project\part2\dataset\archive\data\data\real\500\IMG_1667892204725.jpg,5,500_rupees,current_real,current_5_img_1667892204725,train
C:\Users\bhave\OneDrive\Desktop\Sem7\ComputerVision\Project\part2\dataset\archive\data\data\real\500\IMG_1667892211311.jpg,5,500_rupees,current_real,current_5_img_1667892211311,train
C:\Users\bhave\OneDrive\Desktop\Sem7\ComputerVision\Project\part2\dataset\archive\data\data\real\500\IMG_1667892216019.jpg,5,500_rupees,current_real,current_5_img_1667892216019,train
C:\Users\bhave\OneDrive\Desktop\Sem7\ComputerVision\Project\part2\dataset\archive\data\data\real\500\IMG_1667892221927.jpg,5,500_rupees,current_real,current_5_img_1667892221927,train
C:\Users\bhave\OneDrive\Desktop\Sem7\ComputerVision\Project\part2\dataset\archive\data\data\real\500\IMG_20180120_122640_HDR.jpg,5,500_rupees,current_real,current_5_img_20180120_122640_hdr,train
C:\Users\bhave\OneDrive\Desktop\Sem7\ComputerVision\Project\part2\dataset\archive\data\data\real\500\IMG_20180120_122643_HDR.jpg,5,500_rupees,current_real,current_5_img_20180120_122643_hdr,train
C:\Users\bhave\OneDrive\Desktop\Sem7\ComputerVision\Project\part2\dataset\archive\data\data\real\500\IMG_20180120_122647_HDR.jpg,5,500_rupees,current_real,current_5_img_20180120_122647_hdr,train
C:\Users\bhave\OneDrive\Desktop\Sem7\ComputerVision\Project\part2\dataset\archive\data\data\real\500\IMG_20180120_122652_HDR.jpg,5,500_rupees,current_real,current_5_img_20180120_122652_hdr,train
C:\Users\bhave\OneDrive\Desktop\Sem7\ComputerVision\Project\part2\dataset\archive\data\data\real\500\IMG_20180120_122701_HDR.jpg,5,500_rupees,current_real,current_5_img_20180120_122701_hdr,train
C:\Users\bhave\OneDrive\Desktop\Sem7\ComputerVision\Project\part2\dataset\archive\data\data\real\500\IMG_20180120_122706_HDR.jpg,5,500_rupees,current_real,current_5_img_20180120_122706_hdr,train
C:\Users\bhave\OneDrive\Desktop\Sem7\ComputerVision\Project\part2\dataset\archive\data\data\real\500\IMG_20180120_122709_HDR.jpg,5,500_rupees,current_real,current_5_img_20180120_122709_hdr,train
C:\Users\bhave\OneDrive\Desktop\Sem7\ComputerVision\Project\part2\dataset\archive\data\data\real\500\IMG_20180120_122719_HDR.jpg,5,500_rupees,current_real,current_5_img_20180120_122719_hdr,train
C:\Users\bhave\OneDrive\Desktop\Sem7\ComputerVision\Project\part2\dataset\archive\data\data\real\500\IMG_20180120_122728_HDR.jpg,5,500_rupees,current_real,current_5_img_20180120_122728_hdr,train
C:\Users\bhave\OneDrive\Desktop\Sem7\ComputerVision\Project\part2\dataset\archive\data\data\real\500\IMG_20180120_122851_HDR.jpg,5,500_rupees,current_real,current_5_img_20180120_122851_hdr,train
C:\Users\bhave\OneDrive\Desktop\Sem7\ComputerVision\Project\part2\dataset\archive\data\data\real\500\IMG_20180120_122857_HDR.jpg,5,500_rupees,current_real,current_5_img_20180120_122857_hdr,train
C:\Users\bhave\OneDrive\Desktop\Sem7\ComputerVision\Project\part2\dataset\archive\data\data\real\500\IMG_20180120_122900_HDR.jpg,5,500_rupees,current_real,current_5_img_20180120_122900_hdr,train
C:\Users\bhave\OneDrive\Desktop\Sem7\ComputerVision\Project\part2\dataset\archive\data\data\real\500\IMG_20180120_122907_HDR.jpg,5,500_rupees,current_real,current_5_img_20180120_122907_hdr,train
C:\Users\bhave\OneDrive\Desktop\Sem7\ComputerVision\Project\part2\dataset\archive\data\data\real\500\IMG_20180120_122911_HDR.jpg,5,500_rupees,current_real,current_5_img_20180120_122911_hdr,train
C:\Users\bhave\OneDrive\Desktop\Sem7\ComputerVision\Project\part2\dataset\archive\data\data\real\500\IMG_20180120_122916_HDR.jpg,5,500_rupees,current_real,current_5_img_20180120_122916_hdr,train
C:\Users\bhave\OneDrive\Desktop\Sem7\ComputerVision\Project\part2\dataset\archive\data\data\real\500\IMG_20180120_122920_HDR.jpg,5,500_rupees,current_real,current_5_img_20180120_122920_hdr,train
C:\Users\bhave\OneDrive\Desktop\Sem7\ComputerVision\Project\part2\dataset\archive\data\data\real\500\IMG_20180120_122925_HDR.jpg,5,500_rupees,current_real,current_5_img_20180120_122925_hdr,train
C:\Users\bhave\OneDrive\Desktop\Sem7\ComputerVision\Project\part2\dataset\archive\data\data\real\500\IMG_20180120_122940_HDR.jpg,5,500_rupees,current_real,current_5_img_20180120_122940_hdr,train
C:\Users\bhave\OneDrive\Desktop\Sem7\ComputerVision\Project\part2\dataset\archive\data\data\real\500\IMG_20180120_122944_HDR.jpg,5,500_rupees,current_real,current_5_img_20180120_122944_hdr,train
C:\Users\bhave\OneDrive\Desktop\Sem7\ComputerVision\Project\part2\dataset\archive\data\data\real\500\IMG_20180120_122947_HDR.jpg,5,500_rupees,current_real,current_5_img_20180120_122947_hdr,train
C:\Users\bhave\OneDrive\Desktop\Sem7\ComputerVision\Project\part2\dataset\archive\data\data\real\2000\10.jpg,6,2000_rupees,current_real,current_6_10,train
C:\Users\bhave\OneDrive\Desktop\Sem7\ComputerVision\Project\part2\dataset\archive\data\data\real\2000\11.jpg,6,2000_rupees,current_real,current_6_11,train
C:\Users\bhave\OneDrive\Desktop\Sem7\ComputerVision\Project\part2\dataset\archive\data\data\real\2000\13.jpg,6,2000_rupees,current_real,current_6_13,train
C:\Users\bhave\OneDrive\Desktop\Sem7\ComputerVision\Project\part2\dataset\archive\data\data\real\2000\14.jpg,6,2000_rupees,current_real,current_6_14,train
C:\Users\bhave\OneDrive\Desktop\Sem7\ComputerVision\Project\part2\dataset\archive\data\data\real\2000\16.jpg,6,2000_rupees,current_real,current_6_16,train
C:\Users\bhave\OneDrive\Desktop\Sem7\ComputerVision\Project\part2\dataset\archive\data\data\real\2000\17.jpg,6,2000_rupees,current_real,current_6_17,train
C:\Users\bhave\OneDrive\Desktop\Sem7\ComputerVision\Project\part2\dataset\archive\data\data\real\2000\18.jpg,6,2000_rupees,current_real,current_6_18,train
C:\Users\bhave\OneDrive\Desktop\Sem7\ComputerVision\Project\part2\dataset\archive\data\data\real\2000\19.jpg,6,2000_rupees,current_real,current_6_19,train
C:\Users\bhave\OneDrive\Desktop\Sem7\ComputerVision\Project\part2\dataset\archive\data\data\real\2000\20.jpg,6,2000_rupees,current_real,current_6_20,train
C:\Users\bhave\OneDrive\Desktop\Sem7\ComputerVision\Project\part2\dataset\archive\data\data\real\2000\22.jpg,6,2000_rupees,current_real,current_6_22,train
C:\Users\bhave\OneDrive\Desktop\Sem7\ComputerVision\Project\part2\dataset\archive\data\data\real\2000\23.jpg,6,2000_rupees,current_real,current_6_23,train
C:\Users\bhave\OneDrive\Desktop\Sem7\ComputerVision\Project\part2\dataset\archive\data\data\real\2000\24.jpg,6,2000_rupees,current_real,current_6_24,train
C:\Users\bhave\OneDrive\Desktop\Sem7\ComputerVision\Project\part2\dataset\archive\data\data\real\2000\25.jpg,6,2000_rupees,current_real,current_6_25,train
C:\Users\bhave\OneDrive\Desktop\Sem7\ComputerVision\Project\part2\dataset\archive\data\data\real\2000\26.jpg,6,2000_rupees,current_real,current_6_26,train
C:\Users\bhave\OneDrive\Desktop\Sem7\ComputerVision\Project\part2\dataset\archive\data\data\real\2000\28.jpg,6,2000_rupees,current_real,current_6_28,train
C:\Users\bhave\OneDrive\Desktop\Sem7\ComputerVision\Project\part2\dataset\archive\data\data\real\2000\30.jpg,6,2000_rupees,current_real,current_6_30,train
C:\Users\bhave\OneDrive\Desktop\Sem7\ComputerVision\Project\part2\dataset\archive\data\data\real\2000\31.jpg,6,2000_rupees,current_real,current_6_31,train
C:\Users\bhave\OneDrive\Desktop\Sem7\ComputerVision\Project\part2\dataset\archive\data\data\real\2000\33.jpg,6,2000_rupees,current_real,current_6_33,train
C:\Users\bhave\OneDrive\Desktop\Sem7\ComputerVision\Project\part2\dataset\archive\data\data\real\2000\36.jpg,6,2000_rupees,current_real,current_6_36,train
C:\Users\bhave\OneDrive\Desktop\Sem7\ComputerVision\Project\part2\dataset\archive\data\data\real\2000\37.jpg,6,2000_rupees,current_real,current_6_37,train
C:\Users\bhave\OneDrive\Desktop\Sem7\ComputerVision\Project\part2\dataset\archive\data\data\real\2000\39.jpg,6,2000_rupees,current_real,current_6_39,train
C:\Users\bhave\OneDrive\Desktop\Sem7\ComputerVision\Project\part2\dataset\archive\data\data\real\2000\4.jpg,6,2000_rupees,current_real,current_6_4,train
C:\Users\bhave\OneDrive\Desktop\Sem7\ComputerVision\Project\part2\dataset\archive\data\data\real\2000\41.jpg,6,2000_rupees,current_real,current_6_41,train
C:\Users\bhave\OneDrive\Desktop\Sem7\ComputerVision\Project\part2\dataset\archive\data\data\real\2000\44.jpg,6,2000_rupees,current_real,current_6_44,train
C:\Users\bhave\OneDrive\Desktop\Sem7\ComputerVision\Project\part2\dataset\archive\data\data\real\2000\46.jpg,6,2000_rupees,current_real,current_6_46,train
C:\Users\bhave\OneDrive\Desktop\Sem7\ComputerVision\Project\part2\dataset\archive\data\data\real\2000\47.jpg,6,2000_rupees,current_real,current_6_47,train
C:\Users\bhave\OneDrive\Desktop\Sem7\ComputerVision\Project\part2\dataset\archive\data\data\real\2000\48.jpg,6,2000_rupees,current_real,current_6_48,train
C:\Users\bhave\OneDrive\Desktop\Sem7\ComputerVision\Project\part2\dataset\archive\data\data\real\2000\50.jpg,6,2000_rupees,current_real,current_6_50,train
C:\Users\bhave\OneDrive\Desktop\Sem7\ComputerVision\Project\part2\dataset\archive\data\data\real\2000\51.jpg,6,2000_rupees,current_real,current_6_51,train
C:\Users\bhave\OneDrive\Desktop\Sem7\ComputerVision\Project\part2\dataset\archive\data\data\real\2000\53.jpg,6,2000_rupees,current_real,current_6_53,train
C:\Users\bhave\OneDrive\Desktop\Sem7\ComputerVision\Project\part2\dataset\archive\data\data\real\2000\56.jpg,6,2000_rupees,current_real,current_6_56,train
C:\Users\bhave\OneDrive\Desktop\Sem7\ComputerVision\Project\part2\dataset\archive\data\data\real\2000\58.jpg,6,2000_rupees,current_real,current_6_58,train
C:\Users\bhave\OneDrive\Desktop\Sem7\ComputerVision\Project\part2\dataset\archive\data\data\real\2000\59.jpg,6,2000_rupees,current_real,current_6_59,train
C:\Users\bhave\OneDrive\Desktop\Sem7\ComputerVision\Project\part2\dataset\archive\data\data\real\2000\60.jpg,6,2000_rupees,current_real,current_6_60,train
C:\Users\bhave\OneDrive\Desktop\Sem7\ComputerVision\Project\part2\dataset\archive\data\data\real\2000\61.jpg,6,2000_rupees,current_real,current_6_61,train
C:\Users\bhave\OneDrive\Desktop\Sem7\ComputerVision\Project\part2\dataset\archive\data\data\real\2000\62.jpg,6,2000_rupees,current_real,current_6_62,train
C:\Users\bhave\OneDrive\Desktop\Sem7\ComputerVision\Project\part2\dataset\archive\data\data\real\2000\63.jpg,6,2000_rupees,current_real,current_6_63,train
C:\Users\bhave\OneDrive\Desktop\Sem7\ComputerVision\Project\part2\dataset\archive\data\data\real\2000\65.jpg,6,2000_rupees,current_real,current_6_65,train
C:\Users\bhave\OneDrive\Desktop\Sem7\ComputerVision\Project\part2\dataset\archive\data\data\real\2000\66.jpg,6,2000_rupees,current_real,current_6_66,train
C:\Users\bhave\OneDrive\Desktop\Sem7\ComputerVision\Project\part2\dataset\archive\data\data\real\2000\7.jpg,6,2000_rupees,current_real,current_6_7,train
C:\Users\bhave\OneDrive\Desktop\Sem7\ComputerVision\Project\part2\dataset\archive\data\data\real\2000\75.jpg,6,2000_rupees,current_real,current_6_75,train
C:\Users\bhave\OneDrive\Desktop\Sem7\ComputerVision\Project\part2\dataset\archive\data\data\real\2000\77.jpg,6,2000_rupees,current_real,current_6_77,train
C:\Users\bhave\OneDrive\Desktop\Sem7\ComputerVision\Project\part2\dataset\archive\data\data\real\2000\78.jpg,6,2000_rupees,current_real,current_6_78,train
C:\Users\bhave\OneDrive\Desktop\Sem7\ComputerVision\Project\part2\dataset\archive\data\data\real\2000\81.jpg,6,2000_rupees,current_real,current_6_81,train
C:\Users\bhave\OneDrive\Desktop\Sem7\ComputerVision\Project\part2\dataset\archive\data\data\real\2000\82.jpg,6,2000_rupees,current_real,current_6_82,train
C:\Users\bhave\OneDrive\Desktop\Sem7\ComputerVision\Project\part2\dataset\archive\data\data\real\2000\83.jpg,6,2000_rupees,current_real,current_6_83,train
C:\Users\bhave\OneDrive\Desktop\Sem7\ComputerVision\Project\part2\dataset\archive\data\data\real\2000\84.jpg,6,2000_rupees,current_real,current_6_84,train
C:\Users\bhave\OneDrive\Desktop\Sem7\ComputerVision\Project\part2\dataset\archive\data\data\real\2000\85.jpg,6,2000_rupees,current_real,current_6_85,train
C:\Users\bhave\OneDrive\Desktop\Sem7\ComputerVision\Project\part2\dataset\archive\data\data\real\2000\87.jpg,6,2000_rupees,current_real,current_6_87,train
C:\Users\bhave\OneDrive\Desktop\Sem7\ComputerVision\Project\part2\dataset\archive\data\data\real\2000\88.jpg,6,2000_rupees,current_real,current_6_88,train
C:\Users\bhave\OneDrive\Desktop\Sem7\ComputerVision\Project\part2\dataset\archive\data\data\real\2000\89.jpg,6,2000_rupees,current_real,current_6_89,train
C:\Users\bhave\OneDrive\Desktop\Sem7\ComputerVision\Project\part2\dataset\archive\data\data\real\2000\90.jpg,6,2000_rupees,current_real,current_6_90,train
C:\Users\bhave\OneDrive\Desktop\Sem7\ComputerVision\Project\part2\dataset\archive\data\data\real\2000\91.jpg,6,2000_rupees,current_real,current_6_91,train
C:\Users\bhave\OneDrive\Desktop\Sem7\ComputerVision\Project\part2\dataset\archive\data\data\real\2000\93.jpg,6,2000_rupees,current_real,current_6_93,train
C:\Users\bhave\OneDrive\Desktop\Sem7\ComputerVision\Project\part2\dataset\archive\data\data\real\2000\94.jpg,6,2000_rupees,current_real,current_6_94,train
C:\Users\bhave\OneDrive\Desktop\Sem7\ComputerVision\Project\part2\dataset\archive\data\data\real\2000\96.jpg,6,2000_rupees,current_real,current_6_96,train
C:\Users\bhave\OneDrive\Desktop\Sem7\ComputerVision\Project\part2\dataset\archive\data\data\real\2000\97.jpg,6,2000_rupees,current_real,current_6_97,train
C:\Users\bhave\OneDrive\Desktop\Sem7\ComputerVision\Project\part2\dataset\archive\data\data\real\2000\98.jpg,6,2000_rupees,current_real,current_6_98,train
C:\Users\bhave\OneDrive\Desktop\Sem7\ComputerVision\Project\part2\dataset\archive\data\data\real\2000\99.jpg,6,2000_rupees,current_real,current_6_99,train
C:\Users\bhave\OneDrive\Desktop\Sem7\ComputerVision\Project\part2\dataset\archive\data\data\real\2000\IMG_1667829537561.jpg,6,2000_rupees,current_real,current_6_img_1667829537561,train
C:\Users\bhave\OneDrive\Desktop\Sem7\ComputerVision\Project\part2\dataset\archive\data\data\real\2000\IMG_1667829543124.jpg,6,2000_rupees,current_real,current_6_img_1667829543124,train
C:\Users\bhave\OneDrive\Desktop\Sem7\ComputerVision\Project\part2\dataset\archive\data\data\real\2000\IMG_1667829562742.jpg,6,2000_rupees,current_real,current_6_img_1667829562742,train
C:\Users\bhave\OneDrive\Desktop\Sem7\ComputerVision\Project\part2\dataset\archive\data\data\real\2000\IMG_1667829594305.jpg,6,2000_rupees,current_real,current_6_img_1667829594305,train
C:\Users\bhave\OneDrive\Desktop\Sem7\ComputerVision\Project\part2\dataset\archive\data\data\real\2000\IMG_1667829637173.jpg,6,2000_rupees,current_real,current_6_img_1667829637173,train
C:\Users\bhave\OneDrive\Desktop\Sem7\ComputerVision\Project\part2\dataset\archive\data\data\real\2000\IMG_1667829642755.jpg,6,2000_rupees,current_real,current_6_img_1667829642755,train
C:\Users\bhave\OneDrive\Desktop\Sem7\ComputerVision\Project\part2\dataset\archive\data\data\real\2000\IMG_1667829655157.jpg,6,2000_rupees,current_real,current_6_img_1667829655157,train
C:\Users\bhave\OneDrive\Desktop\Sem7\ComputerVision\Project\part2\dataset\archive\data\data\real\2000\IMG_1667829682215.jpg,6,2000_rupees,current_real,current_6_img_1667829682215,train
C:\Users\bhave\OneDrive\Desktop\Sem7\ComputerVision\Project\part2\dataset\archive\data\data\real\2000\IMG_1667829694193.jpg,6,2000_rupees,current_real,current_6_img_1667829694193,train
C:\Users\bhave\OneDrive\Desktop\Sem7\ComputerVision\Project\part2\dataset\archive\data\data\real\2000\IMG_1667829700320.jpg,6,2000_rupees,current_real,current_6_img_1667829700320,train
C:\Users\bhave\OneDrive\Desktop\Sem7\ComputerVision\Project\part2\dataset\archive\data\data\real\2000\IMG_1667829708026.jpg,6,2000_rupees,current_real,current_6_img_1667829708026,train
C:\Users\bhave\OneDrive\Desktop\Sem7\ComputerVision\Project\part2\dataset\archive\data\data\real\2000\IMG_1667829713294.jpg,6,2000_rupees,current_real,current_6_img_1667829713294,train
C:\Users\bhave\OneDrive\Desktop\Sem7\ComputerVision\Project\part2\dataset\archive\data\data\real\2000\IMG_1667829733949.jpg,6,2000_rupees,current_real,current_6_img_1667829733949,train
C:\Users\bhave\OneDrive\Desktop\Sem7\ComputerVision\Project\part2\dataset\archive\data\data\real\2000\IMG_1667829740351.jpg,6,2000_rupees,current_real,current_6_img_1667829740351,train
C:\Users\bhave\OneDrive\Desktop\Sem7\ComputerVision\Project\part2\dataset\archive\data\data\real\2000\IMG_1667829746571.jpg,6,2000_rupees,current_real,current_6_img_1667829746571,train
C:\Users\bhave\OneDrive\Desktop\Sem7\ComputerVision\Project\part2\dataset\archive\data\data\real\2000\IMG_1667829756361.jpg,6,2000_rupees,current_real,current_6_img_1667829756361,train
C:\Users\bhave\OneDrive\Desktop\Sem7\ComputerVision\Project\part2\dataset\archive\data\data\real\2000\IMG_1667829768427.jpg,6,2000_rupees,current_real,current_6_img_1667829768427,train
C:\Users\bhave\OneDrive\Desktop\Sem7\ComputerVision\Project\part2\dataset\archive\data\data\real\2000\IMG_1667829773410.jpg,6,2000_rupees,current_real,current_6_img_1667829773410,train
C:\Users\bhave\OneDrive\Desktop\Sem7\ComputerVision\Project\part2\dataset\archive\data\data\real\2000\IMG_1667829782024.jpg,6,2000_rupees,current_real,current_6_img_1667829782024,train
C:\Users\bhave\OneDrive\Desktop\Sem7\ComputerVision\Project\part2\dataset\archive\data\data\real\2000\IMG_1667829786970.jpg,6,2000_rupees,current_real,current_6_img_1667829786970,train
C:\Users\bhave\OneDrive\Desktop\Sem7\ComputerVision\Project\part2\dataset\archive\data\data\real\2000\IMG_1667829792747.jpg,6,2000_rupees,current_real,current_6_img_1667829792747,train
C:\Users\bhave\OneDrive\Desktop\Sem7\ComputerVision\Project\part2\dataset\archive\data\data\real\2000\IMG_1667829798964.jpg,6,2000_rupees,current_real,current_6_img_1667829798964,train
C:\Users\bhave\OneDrive\Desktop\Sem7\ComputerVision\Project\part2\dataset\archive\data\data\real\2000\IMG_1667829806247.jpg,6,2000_rupees,current_real,current_6_img_1667829806247,train
C:\Users\bhave\OneDrive\Desktop\Sem7\ComputerVision\Project\part2\dataset\archive\data\data\real\2000\IMG_1667830025161.jpg,6,2000_rupees,current_real,current_6_img_1667830025161,train
C:\Users\bhave\OneDrive\Desktop\Sem7\ComputerVision\Project\part2\dataset\archive\data\data\real\2000\IMG_1667830030525.jpg,6,2000_rupees,current_real,current_6_img_1667830030525,train
C:\Users\bhave\OneDrive\Desktop\Sem7\ComputerVision\Project\part2\dataset\archive\data\data\real\2000\IMG_1667830047231.jpg,6,2000_rupees,current_real,current_6_img_1667830047231,train
C:\Users\bhave\OneDrive\Desktop\Sem7\ComputerVision\Project\part2\dataset\archive\data\data\real\2000\IMG_1667830072975.jpg,6,2000_rupees,current_real,current_6_img_1667830072975,train
C:\Users\bhave\OneDrive\Desktop\Sem7\ComputerVision\Project\part2\dataset\archive\data\data\real\2000\IMG_1667830090176.jpg,6,2000_rupees,current_real,current_6_img_1667830090176,train
C:\Users\bhave\OneDrive\Desktop\Sem7\ComputerVision\Project\part2\dataset\archive\data\data\real\2000\IMG_1667830118711.jpg,6,2000_rupees,current_real,current_6_img_1667830118711,train
C:\Users\bhave\OneDrive\Desktop\Sem7\ComputerVision\Project\part2\dataset\archive\data\data\real\2000\IMG_1667830127160.jpg,6,2000_rupees,current_real,current_6_img_1667830127160,train
C:\Users\bhave\OneDrive\Desktop\Sem7\ComputerVision\Project\part2\dataset\archive\data\data\real\2000\IMG_1667830134108.jpg,6,2000_rupees,current_real,current_6_img_1667830134108,train
C:\Users\bhave\OneDrive\Desktop\Sem7\ComputerVision\Project\part2\dataset\archive\data\data\real\2000\IMG_1667830163681.jpg,6,2000_rupees,current_real,current_6_img_1667830163681,train
C:\Users\bhave\OneDrive\Desktop\Sem7\ComputerVision\Project\part2\dataset\archive\data\data\real\2000\IMG_1667830175947.jpg,6,2000_rupees,current_real,current_6_img_1667830175947,train
C:\Users\bhave\OneDrive\Desktop\Sem7\ComputerVision\Project\part2\dataset\archive\data\data\real\2000\IMG_1667830200855.jpg,6,2000_rupees,current_real,current_6_img_1667830200855,train
C:\Users\bhave\OneDrive\Desktop\Sem7\ComputerVision\Project\part2\dataset\archive\data\data\real\2000\IMG_1667830209723.jpg,6,2000_rupees,current_real,current_6_img_1667830209723,train
C:\Users\bhave\OneDrive\Desktop\Sem7\ComputerVision\Project\part2\dataset\archive\data\data\real\2000\IMG_1667830221908.jpg,6,2000_rupees,current_real,current_6_img_1667830221908,train
C:\Users\bhave\OneDrive\Desktop\Sem7\ComputerVision\Project\part2\dataset\archive\data\data\real\2000\IMG_1667830263557.jpg,6,2000_rupees,current_real,current_6_img_1667830263557,train
C:\Users\bhave\OneDrive\Desktop\Sem7\ComputerVision\Project\part2\dataset\archive\data\data\real\2000\IMG_1667830272142.jpg,6,2000_rupees,current_real,current_6_img_1667830272142,train
C:\Users\bhave\OneDrive\Desktop\Sem7\ComputerVision\Project\part2\dataset\archive\data\data\real\2000\IMG_1667830289114.jpg,6,2000_rupees,current_real,current_6_img_1667830289114,train
C:\Users\bhave\OneDrive\Desktop\Sem7\ComputerVision\Project\part2\dataset\archive\data\data\real\2000\IMG_1667830328257.jpg,6,2000_rupees,current_real,current_6_img_1667830328257,train
C:\Users\bhave\OneDrive\Desktop\Sem7\ComputerVision\Project\part2\dataset\archive\data\data\real\2000\IMG_1667830335723.jpg,6,2000_rupees,current_real,current_6_img_1667830335723,train
C:\Users\bhave\OneDrive\Desktop\Sem7\ComputerVision\Project\part2\dataset\archive\data\data\real\2000\IMG_1667830341356.jpg,6,2000_rupees,current_real,current_6_img_1667830341356,train
C:\Users\bhave\OneDrive\Desktop\Sem7\ComputerVision\Project\part2\dataset\archive\data\data\real\2000\IMG_1667830356934.jpg,6,2000_rupees,current_real,current_6_img_1667830356934,train
C:\Users\bhave\OneDrive\Desktop\Sem7\ComputerVision\Project\part2\dataset\archive\data\data\real\2000\IMG_1667830366112.jpg,6,2000_rupees,current_real,current_6_img_1667830366112,train
C:\Users\bhave\OneDrive\Desktop\Sem7\ComputerVision\Project\part2\dataset\archive\data\data\real\2000\IMG_1667830376115.jpg,6,2000_rupees,current_real,current_6_img_1667830376115,train
C:\Users\bhave\OneDrive\Desktop\Sem7\ComputerVision\Project\part2\dataset\archive\data\data\real\2000\IMG_1667830381828.jpg,6,2000_rupees,current_real,current_6_img_1667830381828,train
C:\Users\bhave\OneDrive\Desktop\Sem7\ComputerVision\Project\part2\dataset\archive\data\data\real\2000\IMG_1667830443157.jpg,6,2000_rupees,current_real,current_6_img_1667830443157,train
C:\Users\bhave\OneDrive\Desktop\Sem7\ComputerVision\Project\part2\dataset\archive\data\data\real\2000\IMG_1667830464368.jpg,6,2000_rupees,current_real,current_6_img_1667830464368,train
C:\Users\bhave\OneDrive\Desktop\Sem7\ComputerVision\Project\part2\dataset\archive\data\data\real\2000\IMG_1667830523320.jpg,6,2000_rupees,current_real,current_6_img_1667830523320,train
C:\Users\bhave\OneDrive\Desktop\Sem7\ComputerVision\Project\part2\dataset\archive\data\data\real\2000\IMG_1667830528700.jpg,6,2000_rupees,current_real,current_6_img_1667830528700,train
C:\Users\bhave\OneDrive\Desktop\Sem7\ComputerVision\Project\part2\dataset\archive\data\data\real\2000\IMG_1667830534720.jpg,6,2000_rupees,current_real,current_6_img_1667830534720,train
C:\Users\bhave\OneDrive\Desktop\Sem7\ComputerVision\Project\part2\dataset\archive\data\data\real\2000\IMG_1667830557195.jpg,6,2000_rupees,current_real,current_6_img_1667830557195,train
C:\Users\bhave\OneDrive\Desktop\Sem7\ComputerVision\Project\part2\dataset\archive\data\data\real\2000\IMG_1667830563385.jpg,6,2000_rupees,current_real,current_6_img_1667830563385,train
C:\Users\bhave\OneDrive\Desktop\Sem7\ComputerVision\Project\part2\dataset\archive\data\data\real\2000\IMG_1667830571496.jpg,6,2000_rupees,current_real,current_6_img_1667830571496,train
C:\Users\bhave\OneDrive\Desktop\Sem7\ComputerVision\Project\part2\dataset\archive\data\data\real\2000\IMG_1667830607592.jpg,6,2000_rupees,current_real,current_6_img_1667830607592,train
C:\Users\bhave\OneDrive\Desktop\Sem7\ComputerVision\Project\part2\dataset\archive\data\data\real\2000\IMG_1667830612928.jpg,6,2000_rupees,current_real,current_6_img_1667830612928,train
C:\Users\bhave\OneDrive\Desktop\Sem7\ComputerVision\Project\part2\dataset\archive\data\data\real\2000\IMG_1667830620027.jpg,6,2000_rupees,current_real,current_6_img_1667830620027,train
C:\Users\bhave\OneDrive\Desktop\Sem7\ComputerVision\Project\part2\dataset\archive\data\data\real\2000\IMG_1667830627177.jpg,6,2000_rupees,current_real,current_6_img_1667830627177,train
C:\Users\bhave\OneDrive\Desktop\Sem7\ComputerVision\Project\part2\dataset\archive\data\data\real\2000\IMG_1667830642222.jpg,6,2000_rupees,current_real,current_6_img_1667830642222,train
C:\Users\bhave\OneDrive\Desktop\Sem7\ComputerVision\Project\part2\dataset\archive\data\data\real\2000\IMG_1667830649391.jpg,6,2000_rupees,current_real,current_6_img_1667830649391,train
C:\Users\bhave\OneDrive\Desktop\Sem7\ComputerVision\Project\part2\dataset\archive\data\data\real\2000\IMG_1667830656533.jpg,6,2000_rupees,current_real,current_6_img_1667830656533,train
C:\Users\bhave\OneDrive\Desktop\Sem7\ComputerVision\Project\part2\dataset\archive\data\data\real\2000\IMG_1667830688653.jpg,6,2000_rupees,current_real,current_6_img_1667830688653,train
C:\Users\bhave\OneDrive\Desktop\Sem7\ComputerVision\Project\part2\dataset\archive\data\data\real\2000\IMG_1667830707283.jpg,6,2000_rupees,current_real,current_6_img_1667830707283,train
C:\Users\bhave\OneDrive\Desktop\Sem7\ComputerVision\Project\part2\dataset\archive\data\data\real\2000\IMG_1667830717310.jpg,6,2000_rupees,current_real,current_6_img_1667830717310,train
C:\Users\bhave\OneDrive\Desktop\Sem7\ComputerVision\Project\part2\dataset\archive\data\data\real\2000\IMG_1667830721982.jpg,6,2000_rupees,current_real,current_6_img_1667830721982,train
C:\Users\bhave\OneDrive\Desktop\Sem7\ComputerVision\Project\part2\dataset\archive\data\data\real\2000\IMG_1667830751321.jpg,6,2000_rupees,current_real,current_6_img_1667830751321,train
C:\Users\bhave\OneDrive\Desktop\Sem7\ComputerVision\Project\part2\dataset\archive\data\data\real\2000\IMG_1667830759522.jpg,6,2000_rupees,current_real,current_6_img_1667830759522,train
C:\Users\bhave\OneDrive\Desktop\Sem7\ComputerVision\Project\part2\dataset\archive\data\data\real\2000\IMG_1667830767254.jpg,6,2000_rupees,current_real,current_6_img_1667830767254,train
C:\Users\bhave\OneDrive\Desktop\Sem7\ComputerVision\Project\part2\dataset\archive\data\data\real\2000\IMG_1667830773899.jpg,6,2000_rupees,current_real,current_6_img_1667830773899,train
C:\Users\bhave\OneDrive\Desktop\Sem7\ComputerVision\Project\part2\dataset\archive\data\data\real\2000\IMG_1667830789615.jpg,6,2000_rupees,current_real,current_6_img_1667830789615,train
C:\Users\bhave\OneDrive\Desktop\Sem7\ComputerVision\Project\part2\dataset\archive\data\data\real\2000\IMG_1667830857782.jpg,6,2000_rupees,current_real,current_6_img_1667830857782,train
C:\Users\bhave\OneDrive\Desktop\Sem7\ComputerVision\Project\part2\dataset\archive\data\data\real\2000\IMG_1667830865173.jpg,6,2000_rupees,current_real,current_6_img_1667830865173,train
C:\Users\bhave\OneDrive\Desktop\Sem7\ComputerVision\Project\part2\dataset\archive\data\data\real\2000\IMG_1667830879220.jpg,6,2000_rupees,current_real,current_6_img_1667830879220,train
C:\Users\bhave\OneDrive\Desktop\Sem7\ComputerVision\Project\part2\dataset\archive\data\data\real\2000\IMG_20180120_121230_HDR.jpg,6,2000_rupees,current_real,current_6_img_20180120_121230_hdr,train
C:\Users\bhave\OneDrive\Desktop\Sem7\ComputerVision\Project\part2\dataset\archive\data\data\real\2000\IMG_20180120_121236_HDR.jpg,6,2000_rupees,current_real,current_6_img_20180120_121236_hdr,train
C:\Users\bhave\OneDrive\Desktop\Sem7\ComputerVision\Project\part2\dataset\archive\data\data\real\2000\IMG_20180120_121300_HDR.jpg,6,2000_rupees,current_real,current_6_img_20180120_121300_hdr,train
C:\Users\bhave\OneDrive\Desktop\Sem7\ComputerVision\Project\part2\dataset\archive\data\data\real\2000\IMG_20180120_121305_HDR.jpg,6,2000_rupees,current_real,current_6_img_20180120_121305_hdr,train
C:\Users\bhave\OneDrive\Desktop\Sem7\ComputerVision\Project\part2\dataset\archive\data\data\real\2000\IMG_20180120_121312_HDR.jpg,6,2000_rupees,current_real,current_6_img_20180120_121312_hdr,train
C:\Users\bhave\OneDrive\Desktop\Sem7\ComputerVision\Project\part2\dataset\archive\data\data\real\2000\IMG_20180120_121319_HDR.jpg,6,2000_rupees,current_real,current_6_img_20180120_121319_hdr,train
C:\Users\bhave\OneDrive\Desktop\Sem7\ComputerVision\Project\part2\dataset\archive\data\data\real\2000\IMG_20180120_121357_HDR.jpg,6,2000_rupees,current_real,current_6_img_20180120_121357_hdr,train
C:\Users\bhave\OneDrive\Desktop\Sem7\ComputerVision\Project\part2\dataset\archive\data\data\real\2000\IMG_20180120_121401_HDR.jpg,6,2000_rupees,current_real,current_6_img_20180120_121401_hdr,train
C:\Users\bhave\OneDrive\Desktop\Sem7\ComputerVision\Project\part2\dataset\archive\data\data\real\2000\IMG_20180120_121407_HDR.jpg,6,2000_rupees,current_real,current_6_img_20180120_121407_hdr,train
C:\Users\bhave\OneDrive\Desktop\Sem7\ComputerVision\Project\part2\dataset\archive\data\data\real\2000\IMG_20180120_121442_HDR.jpg,6,2000_rupees,current_real,current_6_img_20180120_121442_hdr,train
C:\Users\bhave\OneDrive\Desktop\Sem7\ComputerVision\Project\part2\dataset\archive\data\data\real\2000\IMG_20180120_121448_HDR.jpg,6,2000_rupees,current_real,current_6_img_20180120_121448_hdr,train
C:\Users\bhave\OneDrive\Desktop\Sem7\ComputerVision\Project\part2\dataset\archive\data\data\real\2000\IMG_20180120_121451_HDR.jpg,6,2000_rupees,current_real,current_6_img_20180120_121451_hdr,train
C:\Users\bhave\OneDrive\Desktop\Sem7\ComputerVision\Project\part2\dataset\archive\data\data\real\2000\IMG_20180120_121458_HDR.jpg,6,2000_rupees,current_real,current_6_img_20180120_121458_hdr,train
C:\Users\bhave\OneDrive\Desktop\Sem7\ComputerVision\Project\part2\dataset\archive\data\data\real\2000\IMG_20180120_121502_HDR.jpg,6,2000_rupees,current_real,current_6_img_20180120_121502_hdr,train
C:\Users\bhave\OneDrive\Desktop\Sem7\ComputerVision\Project\part2\dataset\archive\data\data\real\2000\IMG_20180120_121506_HDR.jpg,6,2000_rupees,current_real,current_6_img_20180120_121506_hdr,train
C:\Users\bhave\OneDrive\Desktop\Sem7\ComputerVision\Project\part2\dataset\archive\data\data\real\2000\IMG_20180120_121528_HDR.jpg,6,2000_rupees,current_real,current_6_img_20180120_121528_hdr,train
C:\Users\bhave\OneDrive\Desktop\Sem7\ComputerVision\Project\part2\dataset\archive\data\data\real\2000\IMG_20180120_121546_HDR.jpg,6,2000_rupees,current_real,current_6_img_20180120_121546_hdr,train
C:\Users\bhave\OneDrive\Desktop\Sem7\ComputerVision\Project\part2\dataset\archive\data\data\real\2000\IMG_20180120_121555_HDR.jpg,6,2000_rupees,current_real,current_6_img_20180120_121555_hdr,train
C:\Users\bhave\OneDrive\Desktop\Sem7\ComputerVision\Project\part2\dataset\archive\data\data\real\2000\IMG_20180120_121559_HDR.jpg,6,2000_rupees,current_real,current_6_img_20180120_121559_hdr,train
C:\Users\bhave\OneDrive\Desktop\Sem7\ComputerVision\Project\part2\dataset\archive\data\data\real\2000\IMG_20180120_121605_HDR.jpg,6,2000_rupees,current_real,current_6_img_20180120_121605_hdr,train
C:\Users\bhave\OneDrive\Desktop\Sem7\ComputerVision\Project\part2\dataset\archive\data\data\real\2000\IMG_20180120_121613_HDR.jpg,6,2000_rupees,current_real,current_6_img_20180120_121613_hdr,train
C:\Users\bhave\OneDrive\Desktop\Sem7\ComputerVision\Project\part2\dataset\archive\data\data\real\2000\IMG_20180120_121618_HDR.jpg,6,2000_rupees,current_real,current_6_img_20180120_121618_hdr,train
C:\Users\bhave\OneDrive\Desktop\Sem7\ComputerVision\Project\part2\dataset\archive\data\data\real\2000\IMG_20180120_121702.jpg,6,2000_rupees,current_real,current_6_img_20180120_121702,train
C:\Users\bhave\OneDrive\Desktop\Sem7\ComputerVision\Project\part2\dataset\archive\data\data\real\2000\IMG_20180120_121711.jpg,6,2000_rupees,current_real,current_6_img_20180120_121711,train
C:\Users\bhave\OneDrive\Desktop\Sem7\ComputerVision\Project\part2\dataset\archive\data\data\real\2000\IMG_20180120_121720.jpg,6,2000_rupees,current_real,current_6_img_20180120_121720,train
C:\Users\bhave\OneDrive\Desktop\Sem7\ComputerVision\Project\part2\dataset\archive\data\data\real\2000\IMG_20180120_121727_HDR.jpg,6,2000_rupees,current_real,current_6_img_20180120_121727_hdr,train
C:\Users\bhave\OneDrive\Desktop\Sem7\ComputerVision\Project\part2\dataset\archive\data\data\real\2000\IMG_20180120_121736_HDR.jpg,6,2000_rupees,current_real,current_6_img_20180120_121736_hdr,train
C:\Users\bhave\OneDrive\Desktop\Sem7\ComputerVision\Project\part2\dataset\archive\data\data\real\2000\IMG_20180120_121817_HDR.jpg,6,2000_rupees,current_real,current_6_img_20180120_121817_hdr,train
C:\Users\bhave\OneDrive\Desktop\Sem7\ComputerVision\Project\part2\dataset\archive\data\data\real\2000\IMG_20180120_121832_HDR.jpg,6,2000_rupees,current_real,current_6_img_20180120_121832_hdr,train
C:\Users\bhave\OneDrive\Desktop\Sem7\ComputerVision\Project\part2\dataset\archive\data\data\real\2000\IMG_20180120_121839_HDR.jpg,6,2000_rupees,current_real,current_6_img_20180120_121839_hdr,train
C:\Users\bhave\OneDrive\Desktop\Sem7\ComputerVision\Project\part2\dataset\archive\data\data\real\2000\IMG_20180120_121850_HDR.jpg,6,2000_rupees,current_real,current_6_img_20180120_121850_hdr,train
C:\Users\bhave\OneDrive\Desktop\Sem7\ComputerVision\Project\part2\dataset\archive\data\data\real\2000\IMG_20180120_121903_HDR.jpg,6,2000_rupees,current_real,current_6_img_20180120_121903_hdr,train
C:\Users\bhave\OneDrive\Desktop\Sem7\ComputerVision\Project\part2\dataset\archive\data\data\real\2000\IMG_20180120_121915_HDR.jpg,6,2000_rupees,current_real,current_6_img_20180120_121915_hdr,train
C:\Users\bhave\OneDrive\Desktop\Sem7\ComputerVision\Project\part2\dataset\archive\data\data\real\2000\IMG_20180120_121925_HDR.jpg,6,2000_rupees,current_real,current_6_img_20180120_121925_hdr,train
C:\Users\bhave\OneDrive\Desktop\Sem7\ComputerVision\Project\part2\dataset\archive\data\data\real\2000\IMG_20180120_121931_HDR.jpg,6,2000_rupees,current_real,current_6_img_20180120_121931_hdr,train
C:\Users\bhave\OneDrive\Desktop\Sem7\ComputerVision\Project\part2\dataset\archive\data\data\real\2000\IMG_20180120_121934_HDR.jpg,6,2000_rupees,current_real,current_6_img_20180120_121934_hdr,train
C:\Users\bhave\OneDrive\Desktop\Sem7\ComputerVision\Project\part2\dataset\archive\data\data\real\2000\IMG_20180120_121945_HDR.jpg,6,2000_rupees,current_real,current_6_img_20180120_121945_hdr,train
C:\Users\bhave\OneDrive\Desktop\Sem7\ComputerVision\Project\part2\dataset\archive\data\data\real\2000\IMG_20180120_121957_HDR.jpg,6,2000_rupees,current_real,current_6_img_20180120_121957_hdr,train
C:\Users\bhave\OneDrive\Desktop\Sem7\ComputerVision\Project\part2\dataset\archive\data\data\real\2000\IMG_20180120_122002_HDR.jpg,6,2000_rupees,current_real,current_6_img_20180120_122002_hdr,train
C:\Users\bhave\OneDrive\Desktop\Sem7\ComputerVision\Project\part2\dataset\archive\data\data\real\2000\IMG_20180120_122006_HDR.jpg,6,2000_rupees,current_real,current_6_img_20180120_122006_hdr,train
C:\Users\bhave\OneDrive\Desktop\Sem7\ComputerVision\Project\part2\dataset\archive\data\data\real\2000\IMG_20180120_122057_HDR.jpg,6,2000_rupees,current_real,current_6_img_20180120_122057_hdr,train
C:\Users\bhave\OneDrive\Desktop\Sem7\ComputerVision\Project\part2\dataset\archive\data\data\real\2000\IMG_20180120_122103_HDR.jpg,6,2000_rupees,current_real,current_6_img_20180120_122103_hdr,train
C:\Users\bhave\OneDrive\Desktop\Sem7\ComputerVision\Project\part2\dataset\archive\data\data\real\2000\IMG_20180120_122105_HDR.jpg,6,2000_rupees,current_real,current_6_img_20180120_122105_hdr,train
C:\Users\bhave\OneDrive\Desktop\Sem7\ComputerVision\Project\part2\dataset\archive\data\data\real\2000\IMG_20180120_122127_HDR.jpg,6,2000_rupees,current_real,current_6_img_20180120_122127_hdr,train
C:\Users\bhave\OneDrive\Desktop\Sem7\ComputerVision\Project\part2\dataset\archive\data\data\real\2000\IMG_20180120_122131_HDR.jpg,6,2000_rupees,current_real,current_6_img_20180120_122131_hdr,train
C:\Users\bhave\OneDrive\Desktop\Sem7\ComputerVision\Project\part2\dataset\archive\data\data\real\2000\IMG_20180120_122135_HDR.jpg,6,2000_rupees,current_real,current_6_img_20180120_122135_hdr,train
C:\Users\bhave\OneDrive\Desktop\Sem7\ComputerVision\Project\part2\dataset\archive\data\data\real\2000\IMG_20180120_122139_HDR.jpg,6,2000_rupees,current_real,current_6_img_20180120_122139_hdr,train
C:\Users\bhave\OneDrive\Desktop\Sem7\ComputerVision\Project\part2\dataset\dataset\ten\1.jpg,0,10_rupees,legacy,0_legacy_nokia_x6-00_unknown,train
C:\Users\bhave\OneDrive\Desktop\Sem7\ComputerVision\Project\part2\dataset\dataset\ten\10.jpg,0,10_rupees,legacy,0_legacy_nokia_x6-00_unknown,train
C:\Users\bhave\OneDrive\Desktop\Sem7\ComputerVision\Project\part2\dataset\dataset\ten\100.jpg,0,10_rupees,legacy,0_legacy_lenovo_s820_row_2013:10:06,train
C:\Users\bhave\OneDrive\Desktop\Sem7\ComputerVision\Project\part2\dataset\dataset\ten\101.jpg,0,10_rupees,legacy,0_legacy_lenovo_s820_row_2013:10:06,train
C:\Users\bhave\OneDrive\Desktop\Sem7\ComputerVision\Project\part2\dataset\dataset\ten\102.jpg,0,10_rupees,legacy,0_legacy_lenovo_s820_row_2013:10:06,train
C:\Users\bhave\OneDrive\Desktop\Sem7\ComputerVision\Project\part2\dataset\dataset\ten\103.jpg,0,10_rupees,legacy,0_legacy_lenovo_s820_row_2013:10:06,train
C:\Users\bhave\OneDrive\Desktop\Sem7\ComputerVision\Project\part2\dataset\dataset\ten\104.jpg,0,10_rupees,legacy,0_legacy_lenovo_s820_row_2013:10:06,train
C:\Users\bhave\OneDrive\Desktop\Sem7\ComputerVision\Project\part2\dataset\dataset\ten\105.jpg,0,10_rupees,legacy,0_legacy_lenovo_s820_row_2013:10:06,train
C:\Users\bhave\OneDrive\Desktop\Sem7\ComputerVision\Project\part2\dataset\dataset\ten\106.jpg,0,10_rupees,legacy,0_legacy_lenovo_s820_row_2013:10:06,train
C:\Users\bhave\OneDrive\Desktop\Sem7\ComputerVision\Project\part2\dataset\dataset\ten\107.jpg,0,10_rupees,legacy,0_legacy_lenovo_s820_row_2013:10:06,train
C:\Users\bhave\OneDrive\Desktop\Sem7\ComputerVision\Project\part2\dataset\dataset\ten\108.jpg,0,10_rupees,legacy,0_legacy_lenovo_s820_row_2013:10:06,train
C:\Users\bhave\OneDrive\Desktop\Sem7\ComputerVision\Project\part2\dataset\dataset\ten\109.jpg,0,10_rupees,legacy,0_legacy_lenovo_s820_row_2013:10:06,train
C:\Users\bhave\OneDrive\Desktop\Sem7\ComputerVision\Project\part2\dataset\dataset\ten\11.jpg,0,10_rupees,legacy,0_legacy_nokia_x6-00_unknown,train
C:\Users\bhave\OneDrive\Desktop\Sem7\ComputerVision\Project\part2\dataset\dataset\ten\110.jpg,0,10_rupees,legacy,0_legacy_lenovo_s820_row_2013:10:06,train
C:\Users\bhave\OneDrive\Desktop\Sem7\ComputerVision\Project\part2\dataset\dataset\ten\111.jpg,0,10_rupees,legacy,0_legacy_lenovo_s820_row_2013:10:06,train
C:\Users\bhave\OneDrive\Desktop\Sem7\ComputerVision\Project\part2\dataset\dataset\ten\112.jpg,0,10_rupees,legacy,0_legacy_lenovo_s820_row_2013:10:06,train
C:\Users\bhave\OneDrive\Desktop\Sem7\ComputerVision\Project\part2\dataset\dataset\ten\113.jpg,0,10_rupees,legacy,0_legacy_lenovo_s820_row_2013:10:06,train
C:\Users\bhave\OneDrive\Desktop\Sem7\ComputerVision\Project\part2\dataset\dataset\ten\114.jpg,0,10_rupees,legacy,0_legacy_lenovo_s820_row_2013:10:06,train
C:\Users\bhave\OneDrive\Desktop\Sem7\ComputerVision\Project\part2\dataset\dataset\ten\115.jpg,0,10_rupees,legacy,0_legacy_lenovo_s820_row_2013:10:06,train
C:\Users\bhave\OneDrive\Desktop\Sem7\ComputerVision\Project\part2\dataset\dataset\ten\116.jpg,0,10_rupees,legacy,0_legacy_lenovo_s820_row_2013:10:06,train
C:\Users\bhave\OneDrive\Desktop\Sem7\ComputerVision\Project\part2\dataset\dataset\ten\117.jpg,0,10_rupees,legacy,0_legacy_lenovo_s820_row_2013:10:06,train
C:\Users\bhave\OneDrive\Desktop\Sem7\ComputerVision\Project\part2\dataset\dataset\ten\118.jpg,0,10_rupees,legacy,0_legacy_lenovo_s820_row_2013:10:06,train
C:\Users\bhave\OneDrive\Desktop\Sem7\ComputerVision\Project\part2\dataset\dataset\ten\119.jpg,0,10_rupees,legacy,0_legacy_lenovo_s820_row_2013:10:06,train
C:\Users\bhave\OneDrive\Desktop\Sem7\ComputerVision\Project\part2\dataset\dataset\ten\12.jpg,0,10_rupees,legacy,0_legacy_nokia_x6-00_unknown,train
C:\Users\bhave\OneDrive\Desktop\Sem7\ComputerVision\Project\part2\dataset\dataset\ten\120.jpg,0,10_rupees,legacy,0_legacy_lenovo_s820_row_2013:10:06,train
C:\Users\bhave\OneDrive\Desktop\Sem7\ComputerVision\Project\part2\dataset\dataset\ten\121.jpg,0,10_rupees,legacy,0_legacy_lenovo_s820_row_2013:10:06,train
C:\Users\bhave\OneDrive\Desktop\Sem7\ComputerVision\Project\part2\dataset\dataset\ten\122.jpg,0,10_rupees,legacy,0_legacy_lenovo_s820_row_2013:10:06,train
C:\Users\bhave\OneDrive\Desktop\Sem7\ComputerVision\Project\part2\dataset\dataset\ten\123.jpg,0,10_rupees,legacy,0_legacy_lenovo_s820_row_2013:10:06,train
C:\Users\bhave\OneDrive\Desktop\Sem7\ComputerVision\Project\part2\dataset\dataset\ten\124.jpg,0,10_rupees,legacy,0_legacy_lenovo_s820_row_2013:10:06,train
C:\Users\bhave\OneDrive\Desktop\Sem7\ComputerVision\Project\part2\dataset\dataset\ten\125.jpg,0,10_rupees,legacy,0_legacy_lenovo_s820_row_2013:10:06,train
C:\Users\bhave\OneDrive\Desktop\Sem7\ComputerVision\Project\part2\dataset\dataset\ten\126.jpg,0,10_rupees,legacy,0_legacy_lenovo_s820_row_2013:10:06,train
C:\Users\bhave\OneDrive\Desktop\Sem7\ComputerVision\Project\part2\dataset\dataset\ten\127.jpg,0,10_rupees,legacy,0_legacy_lenovo_s820_row_2013:10:06,train
C:\Users\bhave\OneDrive\Desktop\Sem7\ComputerVision\Project\part2\dataset\dataset\ten\128.jpg,0,10_rupees,legacy,0_legacy_lenovo_s820_row_2013:10:06,train
C:\Users\bhave\OneDrive\Desktop\Sem7\ComputerVision\Project\part2\dataset\dataset\ten\129.jpg,0,10_rupees,legacy,0_legacy_lenovo_s820_row_2013:10:06,train
C:\Users\bhave\OneDrive\Desktop\Sem7\ComputerVision\Project\part2\dataset\dataset\ten\13.jpg,0,10_rupees,legacy,0_legacy_nokia_x6-00_unknown,train
C:\Users\bhave\OneDrive\Desktop\Sem7\ComputerVision\Project\part2\dataset\dataset\ten\130.jpg,0,10_rupees,legacy,0_legacy_lenovo_s820_row_2013:10:06,train
C:\Users\bhave\OneDrive\Desktop\Sem7\ComputerVision\Project\part2\dataset\dataset\ten\131.jpg,0,10_rupees,legacy,0_legacy_lenovo_s820_row_2013:10:06,train
C:\Users\bhave\OneDrive\Desktop\Sem7\ComputerVision\Project\part2\dataset\dataset\ten\132.jpg,0,10_rupees,legacy,0_legacy_lenovo_s820_row_2013:10:06,train
C:\Users\bhave\OneDrive\Desktop\Sem7\ComputerVision\Project\part2\dataset\dataset\ten\133.jpg,0,10_rupees,legacy,0_legacy_lenovo_s820_row_2013:10:06,train
C:\Users\bhave\OneDrive\Desktop\Sem7\ComputerVision\Project\part2\dataset\dataset\ten\134.jpg,0,10_rupees,legacy,0_legacy_lenovo_s820_row_2013:10:06,train
C:\Users\bhave\OneDrive\Desktop\Sem7\ComputerVision\Project\part2\dataset\dataset\ten\135.jpg,0,10_rupees,legacy,0_legacy_lenovo_s820_row_2013:10:06,train
C:\Users\bhave\OneDrive\Desktop\Sem7\ComputerVision\Project\part2\dataset\dataset\ten\136.jpg,0,10_rupees,legacy,0_legacy_lenovo_s820_row_2013:10:06,train
C:\Users\bhave\OneDrive\Desktop\Sem7\ComputerVision\Project\part2\dataset\dataset\ten\137.jpg,0,10_rupees,legacy,0_legacy_lenovo_s820_row_2013:10:06,train
C:\Users\bhave\OneDrive\Desktop\Sem7\ComputerVision\Project\part2\dataset\dataset\ten\138.jpg,0,10_rupees,legacy,0_legacy_lenovo_s820_row_2013:10:06,train
C:\Users\bhave\OneDrive\Desktop\Sem7\ComputerVision\Project\part2\dataset\dataset\ten\139.jpg,0,10_rupees,legacy,0_legacy_lenovo_s820_row_2013:10:06,train
C:\Users\bhave\OneDrive\Desktop\Sem7\ComputerVision\Project\part2\dataset\dataset\ten\14.jpg,0,10_rupees,legacy,0_legacy_nokia_x6-00_unknown,train
C:\Users\bhave\OneDrive\Desktop\Sem7\ComputerVision\Project\part2\dataset\dataset\ten\140.jpg,0,10_rupees,legacy,0_legacy_lenovo_s820_row_2013:10:06,train
C:\Users\bhave\OneDrive\Desktop\Sem7\ComputerVision\Project\part2\dataset\dataset\ten\141.jpg,0,10_rupees,legacy,0_legacy_lenovo_s820_row_2013:10:06,train
C:\Users\bhave\OneDrive\Desktop\Sem7\ComputerVision\Project\part2\dataset\dataset\ten\142.jpg,0,10_rupees,legacy,0_legacy_lenovo_s820_row_2013:10:06,train
C:\Users\bhave\OneDrive\Desktop\Sem7\ComputerVision\Project\part2\dataset\dataset\ten\143.jpg,0,10_rupees,legacy,0_legacy_lenovo_s820_row_2013:10:06,train
C:\Users\bhave\OneDrive\Desktop\Sem7\ComputerVision\Project\part2\dataset\dataset\ten\144.jpg,0,10_rupees,legacy,0_legacy_lenovo_s820_row_2013:10:06,train
C:\Users\bhave\OneDrive\Desktop\Sem7\ComputerVision\Project\part2\dataset\dataset\ten\145.jpg,0,10_rupees,legacy,0_legacy_lenovo_s820_row_2013:10:06,train
C:\Users\bhave\OneDrive\Desktop\Sem7\ComputerVision\Project\part2\dataset\dataset\ten\146.jpg,0,10_rupees,legacy,0_legacy_lenovo_s820_row_2013:10:06,train
C:\Users\bhave\OneDrive\Desktop\Sem7\ComputerVision\Project\part2\dataset\dataset\ten\147.jpg,0,10_rupees,legacy,0_legacy_lenovo_s820_row_2013:10:06,train
C:\Users\bhave\OneDrive\Desktop\Sem7\ComputerVision\Project\part2\dataset\dataset\ten\148.jpg,0,10_rupees,legacy,0_legacy_lenovo_s820_row_2013:10:06,train
C:\Users\bhave\OneDrive\Desktop\Sem7\ComputerVision\Project\part2\dataset\dataset\ten\149.jpg,0,10_rupees,legacy,0_legacy_lenovo_s820_row_2013:10:06,train
C:\Users\bhave\OneDrive\Desktop\Sem7\ComputerVision\Project\part2\dataset\dataset\ten\15.jpg,0,10_rupees,legacy,0_legacy_nokia_x6-00_unknown,train
C:\Users\bhave\OneDrive\Desktop\Sem7\ComputerVision\Project\part2\dataset\dataset\ten\150.jpg,0,10_rupees,legacy,0_legacy_lenovo_s820_row_2013:10:06,train
C:\Users\bhave\OneDrive\Desktop\Sem7\ComputerVision\Project\part2\dataset\dataset\ten\151.jpg,0,10_rupees,legacy,0_legacy_lenovo_s820_row_2013:10:06,train
C:\Users\bhave\OneDrive\Desktop\Sem7\ComputerVision\Project\part2\dataset\dataset\ten\152.jpg,0,10_rupees,legacy,0_legacy_lenovo_s820_row_2013:10:06,train
C:\Users\bhave\OneDrive\Desktop\Sem7\ComputerVision\Project\part2\dataset\dataset\ten\153.jpg,0,10_rupees,legacy,0_legacy_lenovo_s820_row_2013:10:06,train
C:\Users\bhave\OneDrive\Desktop\Sem7\ComputerVision\Project\part2\dataset\dataset\ten\154.jpg,0,10_rupees,legacy,0_legacy_lenovo_s820_row_2013:10:06,train
C:\Users\bhave\OneDrive\Desktop\Sem7\ComputerVision\Project\part2\dataset\dataset\ten\155.jpg,0,10_rupees,legacy,0_legacy_lenovo_s820_row_2013:10:06,train
C:\Users\bhave\OneDrive\Desktop\Sem7\ComputerVision\Project\part2\dataset\dataset\ten\156.jpg,0,10_rupees,legacy,0_legacy_lenovo_s820_row_2013:10:06,train
C:\Users\bhave\OneDrive\Desktop\Sem7\ComputerVision\Project\part2\dataset\dataset\ten\157.jpg,0,10_rupees,legacy,0_legacy_lenovo_s820_row_2013:10:06,train
C:\Users\bhave\OneDrive\Desktop\Sem7\ComputerVision\Project\part2\dataset\dataset\ten\158.jpg,0,10_rupees,legacy,0_legacy_lenovo_s820_row_2013:10:06,train
C:\Users\bhave\OneDrive\Desktop\Sem7\ComputerVision\Project\part2\dataset\dataset\ten\159.jpg,0,10_rupees,legacy,0_legacy_lenovo_s820_row_2013:10:06,train
C:\Users\bhave\OneDrive\Desktop\Sem7\ComputerVision\Project\part2\dataset\dataset\ten\16.jpg,0,10_rupees,legacy,0_legacy_nokia_x6-00_unknown,train
C:\Users\bhave\OneDrive\Desktop\Sem7\ComputerVision\Project\part2\dataset\dataset\ten\160.jpg,0,10_rupees,legacy,0_legacy_lenovo_s820_row_2013:10:06,train
C:\Users\bhave\OneDrive\Desktop\Sem7\ComputerVision\Project\part2\dataset\dataset\ten\161.jpg,0,10_rupees,legacy,0_legacy_lenovo_s820_row_2013:10:06,train
C:\Users\bhave\OneDrive\Desktop\Sem7\ComputerVision\Project\part2\dataset\dataset\ten\162.jpg,0,10_rupees,legacy,0_legacy_lenovo_s820_row_2013:10:06,train
C:\Users\bhave\OneDrive\Desktop\Sem7\ComputerVision\Project\part2\dataset\dataset\ten\163.jpg,0,10_rupees,legacy,0_legacy_lenovo_s820_row_2013:10:06,train
C:\Users\bhave\OneDrive\Desktop\Sem7\ComputerVision\Project\part2\dataset\dataset\ten\164.jpg,0,10_rupees,legacy,0_legacy_lenovo_s820_row_2013:10:06,train
C:\Users\bhave\OneDrive\Desktop\Sem7\ComputerVision\Project\part2\dataset\dataset\ten\165.jpg,0,10_rupees,legacy,0_legacy_lenovo_s820_row_2013:10:06,train
C:\Users\bhave\OneDrive\Desktop\Sem7\ComputerVision\Project\part2\dataset\dataset\ten\166.jpg,0,10_rupees,legacy,0_legacy_lenovo_s820_row_2013:10:06,train
C:\Users\bhave\OneDrive\Desktop\Sem7\ComputerVision\Project\part2\dataset\dataset\ten\167.jpg,0,10_rupees,legacy,0_legacy_lenovo_s820_row_2013:10:06,train
C:\Users\bhave\OneDrive\Desktop\Sem7\ComputerVision\Project\part2\dataset\dataset\ten\168.jpg,0,10_rupees,legacy,0_legacy_lenovo_s820_row_2013:10:06,train
C:\Users\bhave\OneDrive\Desktop\Sem7\ComputerVision\Project\part2\dataset\dataset\ten\169.jpg,0,10_rupees,legacy,0_legacy_lenovo_s820_row_2013:10:06,train
C:\Users\bhave\OneDrive\Desktop\Sem7\ComputerVision\Project\part2\dataset\dataset\ten\17.jpg,0,10_rupees,legacy,0_legacy_nokia_x6-00_unknown,train
C:\Users\bhave\OneDrive\Desktop\Sem7\ComputerVision\Project\part2\dataset\dataset\ten\170.jpg,0,10_rupees,legacy,0_legacy_lenovo_s820_row_2013:10:06,train
C:\Users\bhave\OneDrive\Desktop\Sem7\ComputerVision\Project\part2\dataset\dataset\ten\171.jpg,0,10_rupees,legacy,0_legacy_lenovo_s820_row_2013:10:06,train
C:\Users\bhave\OneDrive\Desktop\Sem7\ComputerVision\Project\part2\dataset\dataset\ten\172.jpg,0,10_rupees,legacy,0_legacy_lenovo_s820_row_2013:10:06,train
C:\Users\bhave\OneDrive\Desktop\Sem7\ComputerVision\Project\part2\dataset\dataset\ten\173.jpg,0,10_rupees,legacy,0_legacy_lenovo_s820_row_2013:10:06,train
C:\Users\bhave\OneDrive\Desktop\Sem7\ComputerVision\Project\part2\dataset\dataset\ten\174.jpg,0,10_rupees,legacy,0_legacy_lenovo_s820_row_2013:10:06,train
C:\Users\bhave\OneDrive\Desktop\Sem7\ComputerVision\Project\part2\dataset\dataset\ten\175.jpg,0,10_rupees,legacy,0_legacy_lenovo_s820_row_2013:10:06,train
C:\Users\bhave\OneDrive\Desktop\Sem7\ComputerVision\Project\part2\dataset\dataset\ten\176.jpg,0,10_rupees,legacy,0_legacy_lenovo_s820_row_2013:10:06,train
C:\Users\bhave\OneDrive\Desktop\Sem7\ComputerVision\Project\part2\dataset\dataset\ten\177.jpg,0,10_rupees,legacy,0_legacy_lenovo_s820_row_2013:10:06,train
C:\Users\bhave\OneDrive\Desktop\Sem7\ComputerVision\Project\part2\dataset\dataset\ten\178.jpg,0,10_rupees,legacy,0_legacy_lenovo_s820_row_2013:10:06,train
C:\Users\bhave\OneDrive\Desktop\Sem7\ComputerVision\Project\part2\dataset\dataset\ten\179.jpg,0,10_rupees,legacy,0_legacy_lenovo_s820_row_2013:10:06,train
C:\Users\bhave\OneDrive\Desktop\Sem7\ComputerVision\Project\part2\dataset\dataset\ten\18.jpg,0,10_rupees,legacy,0_legacy_nokia_x6-00_unknown,train
C:\Users\bhave\OneDrive\Desktop\Sem7\ComputerVision\Project\part2\dataset\dataset\ten\180.jpg,0,10_rupees,legacy,0_legacy_lenovo_s820_row_2013:10:06,train
C:\Users\bhave\OneDrive\Desktop\Sem7\ComputerVision\Project\part2\dataset\dataset\ten\181.jpg,0,10_rupees,legacy,0_legacy_lenovo_s820_row_2013:10:06,train
C:\Users\bhave\OneDrive\Desktop\Sem7\ComputerVision\Project\part2\dataset\dataset\ten\182.jpg,0,10_rupees,legacy,0_legacy_lenovo_s820_row_2013:10:06,train
C:\Users\bhave\OneDrive\Desktop\Sem7\ComputerVision\Project\part2\dataset\dataset\ten\183.jpg,0,10_rupees,legacy,0_legacy_lenovo_s820_row_2013:10:06,train
C:\Users\bhave\OneDrive\Desktop\Sem7\ComputerVision\Project\part2\dataset\dataset\ten\184.jpg,0,10_rupees,legacy,0_legacy_lenovo_s820_row_2013:10:06,train
C:\Users\bhave\OneDrive\Desktop\Sem7\ComputerVision\Project\part2\dataset\dataset\ten\185.jpg,0,10_rupees,legacy,0_legacy_lenovo_s820_row_2013:10:06,train
C:\Users\bhave\OneDrive\Desktop\Sem7\ComputerVision\Project\part2\dataset\dataset\ten\186.jpg,0,10_rupees,legacy,0_legacy_lenovo_s820_row_2013:10:06,train
C:\Users\bhave\OneDrive\Desktop\Sem7\ComputerVision\Project\part2\dataset\dataset\ten\187.jpg,0,10_rupees,legacy,0_legacy_lenovo_s820_row_2013:10:06,train
C:\Users\bhave\OneDrive\Desktop\Sem7\ComputerVision\Project\part2\dataset\dataset\ten\188.jpg,0,10_rupees,legacy,0_legacy_lenovo_s820_row_2013:10:06,train
C:\Users\bhave\OneDrive\Desktop\Sem7\ComputerVision\Project\part2\dataset\dataset\ten\189.jpg,0,10_rupees,legacy,0_legacy_lenovo_s820_row_2013:10:06,train
C:\Users\bhave\OneDrive\Desktop\Sem7\ComputerVision\Project\part2\dataset\dataset\ten\19.jpg,0,10_rupees,legacy,0_legacy_nokia_x6-00_unknown,train
C:\Users\bhave\OneDrive\Desktop\Sem7\ComputerVision\Project\part2\dataset\dataset\ten\190.jpg,0,10_rupees,legacy,0_legacy_lenovo_s820_row_2013:10:06,train
C:\Users\bhave\OneDrive\Desktop\Sem7\ComputerVision\Project\part2\dataset\dataset\ten\191.jpg,0,10_rupees,legacy,0_legacy_lenovo_s820_row_2013:10:14,train
C:\Users\bhave\OneDrive\Desktop\Sem7\ComputerVision\Project\part2\dataset\dataset\ten\192.jpg,0,10_rupees,legacy,0_legacy_lenovo_s820_row_2013:10:14,train
C:\Users\bhave\OneDrive\Desktop\Sem7\ComputerVision\Project\part2\dataset\dataset\ten\193.jpg,0,10_rupees,legacy,0_legacy_lenovo_s820_row_2013:10:14,train
C:\Users\bhave\OneDrive\Desktop\Sem7\ComputerVision\Project\part2\dataset\dataset\ten\194.jpg,0,10_rupees,legacy,0_legacy_lenovo_s820_row_2013:10:14,train
C:\Users\bhave\OneDrive\Desktop\Sem7\ComputerVision\Project\part2\dataset\dataset\ten\195.jpg,0,10_rupees,legacy,0_legacy_lenovo_s820_row_2013:10:14,train
C:\Users\bhave\OneDrive\Desktop\Sem7\ComputerVision\Project\part2\dataset\dataset\ten\196.jpg,0,10_rupees,legacy,0_legacy_lenovo_s820_row_2013:10:14,train
C:\Users\bhave\OneDrive\Desktop\Sem7\ComputerVision\Project\part2\dataset\dataset\ten\197.jpg,0,10_rupees,legacy,0_legacy_lenovo_s820_row_2013:10:14,train
C:\Users\bhave\OneDrive\Desktop\Sem7\ComputerVision\Project\part2\dataset\dataset\ten\198.jpg,0,10_rupees,legacy,0_legacy_lenovo_s820_row_2013:10:14,train
C:\Users\bhave\OneDrive\Desktop\Sem7\ComputerVision\Project\part2\dataset\dataset\ten\199.jpg,0,10_rupees,legacy,0_legacy_lenovo_s820_row_2013:10:14,train
C:\Users\bhave\OneDrive\Desktop\Sem7\ComputerVision\Project\part2\dataset\dataset\ten\2.jpg,0,10_rupees,legacy,0_legacy_nokia_x6-00_unknown,train
C:\Users\bhave\OneDrive\Desktop\Sem7\ComputerVision\Project\part2\dataset\dataset\ten\20.jpg,0,10_rupees,legacy,0_legacy_nokia_x6-00_unknown,train
C:\Users\bhave\OneDrive\Desktop\Sem7\ComputerVision\Project\part2\dataset\dataset\ten\200.jpg,0,10_rupees,legacy,0_legacy_lenovo_s820_row_2013:10:14,train
C:\Users\bhave\OneDrive\Desktop\Sem7\ComputerVision\Project\part2\dataset\dataset\ten\201.jpg,0,10_rupees,legacy,0_legacy_lenovo_s820_row_2013:10:14,train
C:\Users\bhave\OneDrive\Desktop\Sem7\ComputerVision\Project\part2\dataset\dataset\ten\202.jpg,0,10_rupees,legacy,0_legacy_lenovo_s820_row_2013:10:14,train
C:\Users\bhave\OneDrive\Desktop\Sem7\ComputerVision\Project\part2\dataset\dataset\ten\21.jpg,0,10_rupees,legacy,0_legacy_nokia_x6-00_unknown,train
C:\Users\bhave\OneDrive\Desktop\Sem7\ComputerVision\Project\part2\dataset\dataset\ten\22.jpg,0,10_rupees,legacy,0_legacy_nokia_x6-00_unknown,train
C:\Users\bhave\OneDrive\Desktop\Sem7\ComputerVision\Project\part2\dataset\dataset\ten\23.jpg,0,10_rupees,legacy,0_legacy_nokia_x6-00_unknown,train
C:\Users\bhave\OneDrive\Desktop\Sem7\ComputerVision\Project\part2\dataset\dataset\ten\24.jpg,0,10_rupees,legacy,0_legacy_nokia_x6-00_unknown,train
C:\Users\bhave\OneDrive\Desktop\Sem7\ComputerVision\Project\part2\dataset\dataset\ten\25.jpg,0,10_rupees,legacy,0_legacy_nokia_x6-00_unknown,train
C:\Users\bhave\OneDrive\Desktop\Sem7\ComputerVision\Project\part2\dataset\dataset\ten\26.jpg,0,10_rupees,legacy,0_legacy_nokia_x6-00_unknown,train
C:\Users\bhave\OneDrive\Desktop\Sem7\ComputerVision\Project\part2\dataset\dataset\ten\27.jpg,0,10_rupees,legacy,0_legacy_nokia_x6-00_unknown,train
C:\Users\bhave\OneDrive\Desktop\Sem7\ComputerVision\Project\part2\dataset\dataset\ten\272.jpg,0,10_rupees,legacy,0_legacy_lenovo_s820_row_2013:08:25,train
C:\Users\bhave\OneDrive\Desktop\Sem7\ComputerVision\Project\part2\dataset\dataset\ten\273.jpg,0,10_rupees,legacy,0_legacy_lenovo_s820_row_2013:08:25,train
C:\Users\bhave\OneDrive\Desktop\Sem7\ComputerVision\Project\part2\dataset\dataset\ten\274.jpg,0,10_rupees,legacy,0_legacy_lenovo_s820_row_2013:08:25,train
C:\Users\bhave\OneDrive\Desktop\Sem7\ComputerVision\Project\part2\dataset\dataset\ten\275.jpg,0,10_rupees,legacy,0_legacy_lenovo_s820_row_2013:08:25,train
C:\Users\bhave\OneDrive\Desktop\Sem7\ComputerVision\Project\part2\dataset\dataset\ten\276.jpg,0,10_rupees,legacy,0_legacy_lenovo_s820_row_2013:08:25,train
C:\Users\bhave\OneDrive\Desktop\Sem7\ComputerVision\Project\part2\dataset\dataset\ten\277.jpg,0,10_rupees,legacy,0_legacy_lenovo_s820_row_2013:08:25,train
C:\Users\bhave\OneDrive\Desktop\Sem7\ComputerVision\Project\part2\dataset\dataset\ten\278.jpg,0,10_rupees,legacy,0_legacy_lenovo_s820_row_2013:08:25,train
C:\Users\bhave\OneDrive\Desktop\Sem7\ComputerVision\Project\part2\dataset\dataset\ten\279.jpg,0,10_rupees,legacy,0_legacy_lenovo_s820_row_2013:08:25,train
C:\Users\bhave\OneDrive\Desktop\Sem7\ComputerVision\Project\part2\dataset\dataset\ten\28.jpg,0,10_rupees,legacy,0_legacy_nokia_x6-00_unknown,train
C:\Users\bhave\OneDrive\Desktop\Sem7\ComputerVision\Project\part2\dataset\dataset\ten\280.jpg,0,10_rupees,legacy,0_legacy_lenovo_s820_row_2013:08:25,train
C:\Users\bhave\OneDrive\Desktop\Sem7\ComputerVision\Project\part2\dataset\dataset\ten\281.jpg,0,10_rupees,legacy,0_legacy_lenovo_s820_row_2013:08:25,train
C:\Users\bhave\OneDrive\Desktop\Sem7\ComputerVision\Project\part2\dataset\dataset\ten\282.jpg,0,10_rupees,legacy,0_legacy_lenovo_s820_row_2013:09:03,train
C:\Users\bhave\OneDrive\Desktop\Sem7\ComputerVision\Project\part2\dataset\dataset\ten\283.jpg,0,10_rupees,legacy,0_legacy_lenovo_s820_row_2013:09:03,train
C:\Users\bhave\OneDrive\Desktop\Sem7\ComputerVision\Project\part2\dataset\dataset\ten\284.jpg,0,10_rupees,legacy,0_legacy_lenovo_s820_row_2013:09:03,train
C:\Users\bhave\OneDrive\Desktop\Sem7\ComputerVision\Project\part2\dataset\dataset\ten\285.jpg,0,10_rupees,legacy,0_legacy_lenovo_s820_row_2013:09:03,train
C:\Users\bhave\OneDrive\Desktop\Sem7\ComputerVision\Project\part2\dataset\dataset\ten\286.jpg,0,10_rupees,legacy,0_legacy_lenovo_s820_row_2013:09:03,train
C:\Users\bhave\OneDrive\Desktop\Sem7\ComputerVision\Project\part2\dataset\dataset\ten\287.jpg,0,10_rupees,legacy,0_legacy_lenovo_s820_row_2013:09:03,train
C:\Users\bhave\OneDrive\Desktop\Sem7\ComputerVision\Project\part2\dataset\dataset\ten\288.jpg,0,10_rupees,legacy,0_legacy_lenovo_s820_row_2013:09:03,train
C:\Users\bhave\OneDrive\Desktop\Sem7\ComputerVision\Project\part2\dataset\dataset\ten\289.jpg,0,10_rupees,legacy,0_legacy_lenovo_s820_row_2013:09:03,train
C:\Users\bhave\OneDrive\Desktop\Sem7\ComputerVision\Project\part2\dataset\dataset\ten\29.jpg,0,10_rupees,legacy,0_legacy_nokia_x6-00_unknown,train
C:\Users\bhave\OneDrive\Desktop\Sem7\ComputerVision\Project\part2\dataset\dataset\ten\290.jpg,0,10_rupees,legacy,0_legacy_lenovo_s820_row_2013:09:03,train
C:\Users\bhave\OneDrive\Desktop\Sem7\ComputerVision\Project\part2\dataset\dataset\ten\291.jpg,0,10_rupees,legacy,0_legacy_lenovo_s820_row_2013:09:03,train
C:\Users\bhave\OneDrive\Desktop\Sem7\ComputerVision\Project\part2\dataset\dataset\ten\292.jpg,0,10_rupees,legacy,0_legacy_lenovo_s820_row_2013:09:03,train
C:\Users\bhave\OneDrive\Desktop\Sem7\ComputerVision\Project\part2\dataset\dataset\ten\293.jpg,0,10_rupees,legacy,0_legacy_lenovo_s820_row_2013:09:03,train
C:\Users\bhave\OneDrive\Desktop\Sem7\ComputerVision\Project\part2\dataset\dataset\ten\294.jpg,0,10_rupees,legacy,0_legacy_lenovo_s820_row_2013:09:03,train
C:\Users\bhave\OneDrive\Desktop\Sem7\ComputerVision\Project\part2\dataset\dataset\ten\295.jpg,0,10_rupees,legacy,0_legacy_lenovo_s820_row_2013:09:03,train
C:\Users\bhave\OneDrive\Desktop\Sem7\ComputerVision\Project\part2\dataset\dataset\ten\296.jpg,0,10_rupees,legacy,0_legacy_lenovo_s820_row_2013:09:03,train
C:\Users\bhave\OneDrive\Desktop\Sem7\ComputerVision\Project\part2\dataset\dataset\ten\297.jpg,0,10_rupees,legacy,0_legacy_lenovo_s820_row_2013:09:03,train
C:\Users\bhave\OneDrive\Desktop\Sem7\ComputerVision\Project\part2\dataset\dataset\ten\298.jpg,0,10_rupees,legacy,0_legacy_lenovo_s820_row_2013:09:03,train
C:\Users\bhave\OneDrive\Desktop\Sem7\ComputerVision\Project\part2\dataset\dataset\ten\299.jpg,0,10_rupees,legacy,0_legacy_lenovo_s820_row_2013:09:03,train
C:\Users\bhave\OneDrive\Desktop\Sem7\ComputerVision\Project\part2\dataset\dataset\ten\3.jpg,0,10_rupees,legacy,0_legacy_nokia_x6-00_unknown,train
C:\Users\bhave\OneDrive\Desktop\Sem7\ComputerVision\Project\part2\dataset\dataset\ten\30.jpg,0,10_rupees,legacy,0_legacy_nokia_x6-00_unknown,train
C:\Users\bhave\OneDrive\Desktop\Sem7\ComputerVision\Project\part2\dataset\dataset\ten\300.jpg,0,10_rupees,legacy,0_legacy_lenovo_s820_row_2013:09:03,train
C:\Users\bhave\OneDrive\Desktop\Sem7\ComputerVision\Project\part2\dataset\dataset\ten\301.jpg,0,10_rupees,legacy,0_legacy_lenovo_s820_row_2013:09:03,train
C:\Users\bhave\OneDrive\Desktop\Sem7\ComputerVision\Project\part2\dataset\dataset\ten\302.jpg,0,10_rupees,legacy,0_legacy_lenovo_s820_row_2013:09:03,train
C:\Users\bhave\OneDrive\Desktop\Sem7\ComputerVision\Project\part2\dataset\dataset\ten\303.jpg,0,10_rupees,legacy,0_legacy_lenovo_s820_row_2013:09:03,train
C:\Users\bhave\OneDrive\Desktop\Sem7\ComputerVision\Project\part2\dataset\dataset\ten\304.jpg,0,10_rupees,legacy,0_legacy_lenovo_s820_row_2013:09:03,train
C:\Users\bhave\OneDrive\Desktop\Sem7\ComputerVision\Project\part2\dataset\dataset\ten\305.jpg,0,10_rupees,legacy,0_legacy_lenovo_s820_row_2013:09:03,train
C:\Users\bhave\OneDrive\Desktop\Sem7\ComputerVision\Project\part2\dataset\dataset\ten\306.jpg,0,10_rupees,legacy,0_legacy_lenovo_s820_row_2013:09:03,train
C:\Users\bhave\OneDrive\Desktop\Sem7\ComputerVision\Project\part2\dataset\dataset\ten\307.jpg,0,10_rupees,legacy,0_legacy_lenovo_s820_row_2013:09:03,train
C:\Users\bhave\OneDrive\Desktop\Sem7\ComputerVision\Project\part2\dataset\dataset\ten\308.jpg,0,10_rupees,legacy,0_legacy_lenovo_s820_row_2013:09:03,train
C:\Users\bhave\OneDrive\Desktop\Sem7\ComputerVision\Project\part2\dataset\dataset\ten\309.jpg,0,10_rupees,legacy,0_legacy_lenovo_s820_row_2013:09:08,train
C:\Users\bhave\OneDrive\Desktop\Sem7\ComputerVision\Project\part2\dataset\dataset\ten\31.jpg,0,10_rupees,legacy,0_legacy_nokia_x6-00_unknown,train
C:\Users\bhave\OneDrive\Desktop\Sem7\ComputerVision\Project\part2\dataset\dataset\ten\310.jpg,0,10_rupees,legacy,0_legacy_lenovo_s820_row_2013:09:08,train
C:\Users\bhave\OneDrive\Desktop\Sem7\ComputerVision\Project\part2\dataset\dataset\ten\311.jpg,0,10_rupees,legacy,0_legacy_lenovo_s820_row_2013:09:09,train
C:\Users\bhave\OneDrive\Desktop\Sem7\ComputerVision\Project\part2\dataset\dataset\ten\312.jpg,0,10_rupees,legacy,0_legacy_lenovo_s820_row_2013:09:09,train
C:\Users\bhave\OneDrive\Desktop\Sem7\ComputerVision\Project\part2\dataset\dataset\ten\313.jpg,0,10_rupees,legacy,0_legacy_lenovo_s820_row_2013:09:09,train
C:\Users\bhave\OneDrive\Desktop\Sem7\ComputerVision\Project\part2\dataset\dataset\ten\314.jpg,0,10_rupees,legacy,0_legacy_lenovo_s820_row_2013:09:09,train
C:\Users\bhave\OneDrive\Desktop\Sem7\ComputerVision\Project\part2\dataset\dataset\ten\315.jpg,0,10_rupees,legacy,0_legacy_lenovo_s820_row_2013:09:09,train
C:\Users\bhave\OneDrive\Desktop\Sem7\ComputerVision\Project\part2\dataset\dataset\ten\32.jpg,0,10_rupees,legacy,0_legacy_nokia_x6-00_unknown,train
C:\Users\bhave\OneDrive\Desktop\Sem7\ComputerVision\Project\part2\dataset\dataset\ten\33.jpg,0,10_rupees,legacy,0_legacy_nokia_x6-00_unknown,train
C:\Users\bhave\OneDrive\Desktop\Sem7\ComputerVision\Project\part2\dataset\dataset\ten\34.jpg,0,10_rupees,legacy,0_legacy_nokia_x6-00_unknown,train
C:\Users\bhave\OneDrive\Desktop\Sem7\ComputerVision\Project\part2\dataset\dataset\ten\35.jpg,0,10_rupees,legacy,0_legacy_nokia_x6-00_unknown,train
C:\Users\bhave\OneDrive\Desktop\Sem7\ComputerVision\Project\part2\dataset\dataset\ten\36.jpg,0,10_rupees,legacy,0_legacy_nokia_x6-00_unknown,train
C:\Users\bhave\OneDrive\Desktop\Sem7\ComputerVision\Project\part2\dataset\dataset\ten\37.jpg,0,10_rupees,legacy,0_legacy_samsung_gt-s6802_2013:05:09,train
C:\Users\bhave\OneDrive\Desktop\Sem7\ComputerVision\Project\part2\dataset\dataset\ten\373.jpg,0,10_rupees,legacy,0_legacy_htc_htc_wildfire_2013:05:30,train
C:\Users\bhave\OneDrive\Desktop\Sem7\ComputerVision\Project\part2\dataset\dataset\ten\374.jpg,0,10_rupees,legacy,0_legacy_htc_htc_wildfire_2013:05:30,train
C:\Users\bhave\OneDrive\Desktop\Sem7\ComputerVision\Project\part2\dataset\dataset\ten\375.jpg,0,10_rupees,legacy,0_legacy_htc_htc_wildfire_2013:05:30,train
C:\Users\bhave\OneDrive\Desktop\Sem7\ComputerVision\Project\part2\dataset\dataset\ten\376.jpg,0,10_rupees,legacy,0_legacy_htc_htc_wildfire_2013:05:30,train
C:\Users\bhave\OneDrive\Desktop\Sem7\ComputerVision\Project\part2\dataset\dataset\ten\377.jpg,0,10_rupees,legacy,0_legacy_htc_htc_wildfire_2013:05:30,train
C:\Users\bhave\OneDrive\Desktop\Sem7\ComputerVision\Project\part2\dataset\dataset\ten\378.jpg,0,10_rupees,legacy,0_legacy_htc_htc_wildfire_2013:05:30,train
C:\Users\bhave\OneDrive\Desktop\Sem7\ComputerVision\Project\part2\dataset\dataset\ten\379.jpg,0,10_rupees,legacy,0_legacy_htc_htc_wildfire_2013:05:30,train
C:\Users\bhave\OneDrive\Desktop\Sem7\ComputerVision\Project\part2\dataset\dataset\ten\38.jpg,0,10_rupees,legacy,0_legacy_samsung_gt-s6802_2013:05:09,train
C:\Users\bhave\OneDrive\Desktop\Sem7\ComputerVision\Project\part2\dataset\dataset\ten\380.jpg,0,10_rupees,legacy,0_legacy_htc_htc_wildfire_unknown,train
C:\Users\bhave\OneDrive\Desktop\Sem7\ComputerVision\Project\part2\dataset\dataset\ten\381.jpg,0,10_rupees,legacy,0_legacy_samsung_gt-s6802_2013:05:27,train
C:\Users\bhave\OneDrive\Desktop\Sem7\ComputerVision\Project\part2\dataset\dataset\ten\382.jpg,0,10_rupees,legacy,0_legacy_samsung_gt-s6802_2013:05:27,train
C:\Users\bhave\OneDrive\Desktop\Sem7\ComputerVision\Project\part2\dataset\dataset\ten\383.jpg,0,10_rupees,legacy,0_legacy_samsung_gt-s6802_2013:05:28,train
C:\Users\bhave\OneDrive\Desktop\Sem7\ComputerVision\Project\part2\dataset\dataset\ten\384.jpg,0,10_rupees,legacy,0_legacy_samsung_gt-s6802_2013:05:28,train
C:\Users\bhave\OneDrive\Desktop\Sem7\ComputerVision\Project\part2\dataset\dataset\ten\39.jpg,0,10_rupees,legacy,0_legacy_samsung_gt-s6802_2013:05:09,train
C:\Users\bhave\OneDrive\Desktop\Sem7\ComputerVision\Project\part2\dataset\dataset\ten\396.jpg,0,10_rupees,legacy,0_legacy_samsung_gt-s3653_2013:10:15,train
C:\Users\bhave\OneDrive\Desktop\Sem7\ComputerVision\Project\part2\dataset\dataset\ten\397.jpg,0,10_rupees,legacy,0_legacy_samsung_gt-s3653_2013:10:15,train
C:\Users\bhave\OneDrive\Desktop\Sem7\ComputerVision\Project\part2\dataset\dataset\ten\398.jpg,0,10_rupees,legacy,0_legacy_samsung_gt-s3653_2013:10:15,train
C:\Users\bhave\OneDrive\Desktop\Sem7\ComputerVision\Project\part2\dataset\dataset\ten\399.jpg,0,10_rupees,legacy,0_legacy_samsung_gt-s3653_2013:10:15,train
C:\Users\bhave\OneDrive\Desktop\Sem7\ComputerVision\Project\part2\dataset\dataset\ten\4.jpg,0,10_rupees,legacy,0_legacy_nokia_x6-00_unknown,train
C:\Users\bhave\OneDrive\Desktop\Sem7\ComputerVision\Project\part2\dataset\dataset\ten\40.jpg,0,10_rupees,legacy,0_legacy_samsung_gt-s6802_2013:05:09,train
C:\Users\bhave\OneDrive\Desktop\Sem7\ComputerVision\Project\part2\dataset\dataset\ten\400.jpg,0,10_rupees,legacy,0_legacy_samsung_gt-s3653_2013:10:15,train
C:\Users\bhave\OneDrive\Desktop\Sem7\ComputerVision\Project\part2\dataset\dataset\ten\401.jpg,0,10_rupees,legacy,0_legacy_samsung_gt-s3653_2013:10:15,train
C:\Users\bhave\OneDrive\Desktop\Sem7\ComputerVision\Project\part2\dataset\dataset\ten\402.jpg,0,10_rupees,legacy,0_legacy_samsung_gt-s3653_2013:10:15,train
C:\Users\bhave\OneDrive\Desktop\Sem7\ComputerVision\Project\part2\dataset\dataset\ten\403.jpg,0,10_rupees,legacy,0_legacy_samsung_gt-s3653_2013:10:15,train
C:\Users\bhave\OneDrive\Desktop\Sem7\ComputerVision\Project\part2\dataset\dataset\ten\404.jpg,0,10_rupees,legacy,0_legacy_samsung_gt-s3653_2013:10:15,train
C:\Users\bhave\OneDrive\Desktop\Sem7\ComputerVision\Project\part2\dataset\dataset\ten\405.jpg,0,10_rupees,legacy,0_legacy_samsung_gt-s3653_2013:10:15,train
C:\Users\bhave\OneDrive\Desktop\Sem7\ComputerVision\Project\part2\dataset\dataset\ten\406.jpg,0,10_rupees,legacy,0_legacy_samsung_gt-s3653_2013:10:15,train
C:\Users\bhave\OneDrive\Desktop\Sem7\ComputerVision\Project\part2\dataset\dataset\ten\407.jpg,0,10_rupees,legacy,0_legacy_samsung_gt-s3653_2013:10:15,train
C:\Users\bhave\OneDrive\Desktop\Sem7\ComputerVision\Project\part2\dataset\dataset\ten\408.jpg,0,10_rupees,legacy,0_legacy_samsung_gt-s3653_2013:10:15,train
C:\Users\bhave\OneDrive\Desktop\Sem7\ComputerVision\Project\part2\dataset\dataset\ten\409.jpg,0,10_rupees,legacy,0_legacy_samsung_gt-s3653_2013:10:15,train
C:\Users\bhave\OneDrive\Desktop\Sem7\ComputerVision\Project\part2\dataset\dataset\ten\41.jpg,0,10_rupees,legacy,0_legacy_samsung_gt-s6802_2013:05:09,train
C:\Users\bhave\OneDrive\Desktop\Sem7\ComputerVision\Project\part2\dataset\dataset\ten\410.jpg,0,10_rupees,legacy,0_legacy_samsung_gt-s3653_2013:10:15,train
C:\Users\bhave\OneDrive\Desktop\Sem7\ComputerVision\Project\part2\dataset\dataset\ten\411.jpg,0,10_rupees,legacy,0_legacy_samsung_gt-s3653_2013:10:15,train
C:\Users\bhave\OneDrive\Desktop\Sem7\ComputerVision\Project\part2\dataset\dataset\ten\412.jpg,0,10_rupees,legacy,0_legacy_samsung_gt-s3653_2013:10:15,train
C:\Users\bhave\OneDrive\Desktop\Sem7\ComputerVision\Project\part2\dataset\dataset\ten\413.jpg,0,10_rupees,legacy,0_legacy_samsung_gt-s3653_2013:10:15,train
C:\Users\bhave\OneDrive\Desktop\Sem7\ComputerVision\Project\part2\dataset\dataset\ten\414.jpg,0,10_rupees,legacy,0_legacy_samsung_gt-s3653_2013:10:15,train
C:\Users\bhave\OneDrive\Desktop\Sem7\ComputerVision\Project\part2\dataset\dataset\ten\415.jpg,0,10_rupees,legacy,0_legacy_samsung_gt-s3653_2013:10:15,train
C:\Users\bhave\OneDrive\Desktop\Sem7\ComputerVision\Project\part2\dataset\dataset\ten\416.jpg,0,10_rupees,legacy,0_legacy_samsung_gt-s3653_2013:10:15,train
C:\Users\bhave\OneDrive\Desktop\Sem7\ComputerVision\Project\part2\dataset\dataset\ten\417.jpg,0,10_rupees,legacy,0_legacy_samsung_gt-s3653_2013:10:15,train
C:\Users\bhave\OneDrive\Desktop\Sem7\ComputerVision\Project\part2\dataset\dataset\ten\418.jpg,0,10_rupees,legacy,0_legacy_samsung_gt-s3653_2013:10:15,train
C:\Users\bhave\OneDrive\Desktop\Sem7\ComputerVision\Project\part2\dataset\dataset\ten\419.jpg,0,10_rupees,legacy,0_legacy_samsung_gt-s3653_2013:10:15,train
C:\Users\bhave\OneDrive\Desktop\Sem7\ComputerVision\Project\part2\dataset\dataset\ten\42.jpg,0,10_rupees,legacy,0_legacy_samsung_gt-s6802_2013:05:09,train
C:\Users\bhave\OneDrive\Desktop\Sem7\ComputerVision\Project\part2\dataset\dataset\ten\420.jpg,0,10_rupees,legacy,0_legacy_samsung_gt-s3653_2013:10:15,train
C:\Users\bhave\OneDrive\Desktop\Sem7\ComputerVision\Project\part2\dataset\dataset\ten\421.jpg,0,10_rupees,legacy,0_legacy_samsung_gt-s3653_2013:10:15,train
C:\Users\bhave\OneDrive\Desktop\Sem7\ComputerVision\Project\part2\dataset\dataset\ten\422.jpg,0,10_rupees,legacy,0_legacy_samsung_gt-s3653_2013:10:15,train
C:\Users\bhave\OneDrive\Desktop\Sem7\ComputerVision\Project\part2\dataset\dataset\ten\423.jpg,0,10_rupees,legacy,0_legacy_samsung_gt-s3653_2013:10:15,train
C:\Users\bhave\OneDrive\Desktop\Sem7\ComputerVision\Project\part2\dataset\dataset\ten\424.jpg,0,10_rupees,legacy,0_legacy_samsung_gt-s3653_2013:10:15,train
C:\Users\bhave\OneDrive\Desktop\Sem7\ComputerVision\Project\part2\dataset\dataset\ten\425.jpg,0,10_rupees,legacy,0_legacy_samsung_gt-s3653_2013:10:15,train
C:\Users\bhave\OneDrive\Desktop\Sem7\ComputerVision\Project\part2\dataset\dataset\ten\426.jpg,0,10_rupees,legacy,0_legacy_samsung_gt-s3653_2013:10:15,train
C:\Users\bhave\OneDrive\Desktop\Sem7\ComputerVision\Project\part2\dataset\dataset\ten\427.jpg,0,10_rupees,legacy,0_legacy_samsung_gt-s3653_2013:10:15,train
C:\Users\bhave\OneDrive\Desktop\Sem7\ComputerVision\Project\part2\dataset\dataset\ten\428.jpg,0,10_rupees,legacy,0_legacy_samsung_gt-s3653_2013:10:15,train
C:\Users\bhave\OneDrive\Desktop\Sem7\ComputerVision\Project\part2\dataset\dataset\ten\429.jpg,0,10_rupees,legacy,0_legacy_samsung_gt-s3653_2013:10:15,train
C:\Users\bhave\OneDrive\Desktop\Sem7\ComputerVision\Project\part2\dataset\dataset\ten\43.jpg,0,10_rupees,legacy,0_legacy_samsung_gt-s6802_2013:05:09,train
C:\Users\bhave\OneDrive\Desktop\Sem7\ComputerVision\Project\part2\dataset\dataset\ten\430.jpg,0,10_rupees,legacy,0_legacy_samsung_gt-s3653_2013:10:15,train
C:\Users\bhave\OneDrive\Desktop\Sem7\ComputerVision\Project\part2\dataset\dataset\ten\431.jpg,0,10_rupees,legacy,0_legacy_samsung_gt-s3653_2013:10:15,train
C:\Users\bhave\OneDrive\Desktop\Sem7\ComputerVision\Project\part2\dataset\dataset\ten\432.jpg,0,10_rupees,legacy,0_legacy_samsung_gt-s3653_2013:10:15,train
C:\Users\bhave\OneDrive\Desktop\Sem7\ComputerVision\Project\part2\dataset\dataset\ten\433.jpg,0,10_rupees,legacy,0_legacy_samsung_gt-s3653_2013:10:15,train
C:\Users\bhave\OneDrive\Desktop\Sem7\ComputerVision\Project\part2\dataset\dataset\ten\434.jpg,0,10_rupees,legacy,0_legacy_samsung_gt-s3653_2013:10:15,train
C:\Users\bhave\OneDrive\Desktop\Sem7\ComputerVision\Project\part2\dataset\dataset\ten\435.jpg,0,10_rupees,legacy,0_legacy_samsung_gt-s3653_2013:10:15,train
C:\Users\bhave\OneDrive\Desktop\Sem7\ComputerVision\Project\part2\dataset\dataset\ten\44.jpg,0,10_rupees,legacy,0_legacy_samsung_gt-s6802_2013:05:09,train
C:\Users\bhave\OneDrive\Desktop\Sem7\ComputerVision\Project\part2\dataset\dataset\ten\45.jpg,0,10_rupees,legacy,0_legacy_samsung_gt-s6802_2013:05:09,train
C:\Users\bhave\OneDrive\Desktop\Sem7\ComputerVision\Project\part2\dataset\dataset\ten\46.jpg,0,10_rupees,legacy,0_legacy_samsung_gt-s6802_2013:05:09,train
C:\Users\bhave\OneDrive\Desktop\Sem7\ComputerVision\Project\part2\dataset\dataset\ten\47.jpg,0,10_rupees,legacy,0_legacy_samsung_gt-s6802_2013:05:09,train
C:\Users\bhave\OneDrive\Desktop\Sem7\ComputerVision\Project\part2\dataset\dataset\ten\48.jpg,0,10_rupees,legacy,0_legacy_samsung_gt-s6802_2013:05:09,train
C:\Users\bhave\OneDrive\Desktop\Sem7\ComputerVision\Project\part2\dataset\dataset\ten\49.jpg,0,10_rupees,legacy,0_legacy_samsung_gt-s6802_2013:05:09,train
C:\Users\bhave\OneDrive\Desktop\Sem7\ComputerVision\Project\part2\dataset\dataset\ten\5.jpg,0,10_rupees,legacy,0_legacy_nokia_x6-00_unknown,train
C:\Users\bhave\OneDrive\Desktop\Sem7\ComputerVision\Project\part2\dataset\dataset\ten\50.jpg,0,10_rupees,legacy,0_legacy_samsung_gt-s6802_2013:05:09,train
C:\Users\bhave\OneDrive\Desktop\Sem7\ComputerVision\Project\part2\dataset\dataset\ten\51.jpg,0,10_rupees,legacy,0_legacy_samsung_gt-s6802_2013:05:09,train
C:\Users\bhave\OneDrive\Desktop\Sem7\ComputerVision\Project\part2\dataset\dataset\ten\52.jpg,0,10_rupees,legacy,0_legacy_samsung_gt-s6802_2013:05:10,train
C:\Users\bhave\OneDrive\Desktop\Sem7\ComputerVision\Project\part2\dataset\dataset\ten\53.jpg,0,10_rupees,legacy,0_legacy_samsung_gt-s6802_2013:05:10,train
C:\Users\bhave\OneDrive\Desktop\Sem7\ComputerVision\Project\part2\dataset\dataset\ten\54.jpg,0,10_rupees,legacy,0_legacy_samsung_gt-s6802_2013:05:10,train
C:\Users\bhave\OneDrive\Desktop\Sem7\ComputerVision\Project\part2\dataset\dataset\ten\55.jpg,0,10_rupees,legacy,0_legacy_samsung_gt-s6802_2013:05:10,train
C:\Users\bhave\OneDrive\Desktop\Sem7\ComputerVision\Project\part2\dataset\dataset\ten\56.jpg,0,10_rupees,legacy,0_legacy_samsung_gt-s6802_2013:05:10,train
C:\Users\bhave\OneDrive\Desktop\Sem7\ComputerVision\Project\part2\dataset\dataset\ten\57.jpg,0,10_rupees,legacy,0_legacy_samsung_gt-s6802_2013:05:10,train
C:\Users\bhave\OneDrive\Desktop\Sem7\ComputerVision\Project\part2\dataset\dataset\ten\58.jpg,0,10_rupees,legacy,0_legacy_samsung_gt-s6802_2013:05:10,train
C:\Users\bhave\OneDrive\Desktop\Sem7\ComputerVision\Project\part2\dataset\dataset\ten\59.jpg,0,10_rupees,legacy,0_legacy_samsung_gt-s6802_2013:05:10,train
C:\Users\bhave\OneDrive\Desktop\Sem7\ComputerVision\Project\part2\dataset\dataset\ten\6.jpg,0,10_rupees,legacy,0_legacy_nokia_x6-00_unknown,train
C:\Users\bhave\OneDrive\Desktop\Sem7\ComputerVision\Project\part2\dataset\dataset\ten\60.jpg,0,10_rupees,legacy,0_legacy_samsung_gt-s6802_2013:05:10,train
C:\Users\bhave\OneDrive\Desktop\Sem7\ComputerVision\Project\part2\dataset\dataset\ten\61.jpg,0,10_rupees,legacy,0_legacy_samsung_gt-s6802_2013:05:10,train
C:\Users\bhave\OneDrive\Desktop\Sem7\ComputerVision\Project\part2\dataset\dataset\ten\62.jpg,0,10_rupees,legacy,0_legacy_samsung_gt-s6802_2013:05:10,train
C:\Users\bhave\OneDrive\Desktop\Sem7\ComputerVision\Project\part2\dataset\dataset\ten\63.jpg,0,10_rupees,legacy,0_legacy_samsung_gt-s6802_2013:05:10,train
C:\Users\bhave\OneDrive\Desktop\Sem7\ComputerVision\Project\part2\dataset\dataset\ten\64.jpg,0,10_rupees,legacy,0_legacy_samsung_gt-s6802_2013:05:10,train
C:\Users\bhave\OneDrive\Desktop\Sem7\ComputerVision\Project\part2\dataset\dataset\ten\65.jpg,0,10_rupees,legacy,0_legacy_samsung_gt-s6802_2013:05:10,train
C:\Users\bhave\OneDrive\Desktop\Sem7\ComputerVision\Project\part2\dataset\dataset\ten\66.jpg,0,10_rupees,legacy,0_legacy_samsung_gt-s6802_2013:05:10,train
C:\Users\bhave\OneDrive\Desktop\Sem7\ComputerVision\Project\part2\dataset\dataset\ten\67.jpg,0,10_rupees,legacy,0_legacy_samsung_gt-s6802_2013:05:10,train
C:\Users\bhave\OneDrive\Desktop\Sem7\ComputerVision\Project\part2\dataset\dataset\ten\68.jpg,0,10_rupees,legacy,0_legacy_samsung_gt-s6802_2013:05:10,train
C:\Users\bhave\OneDrive\Desktop\Sem7\ComputerVision\Project\part2\dataset\dataset\ten\69.jpg,0,10_rupees,legacy,0_legacy_samsung_gt-s6802_2013:05:10,train
C:\Users\bhave\OneDrive\Desktop\Sem7\ComputerVision\Project\part2\dataset\dataset\ten\7.jpg,0,10_rupees,legacy,0_legacy_nokia_x6-00_unknown,train
C:\Users\bhave\OneDrive\Desktop\Sem7\ComputerVision\Project\part2\dataset\dataset\ten\70.jpg,0,10_rupees,legacy,0_legacy_samsung_gt-s6802_2013:05:10,train
C:\Users\bhave\OneDrive\Desktop\Sem7\ComputerVision\Project\part2\dataset\dataset\ten\71.jpg,0,10_rupees,legacy,0_legacy_samsung_gt-s6802_2013:05:10,train
C:\Users\bhave\OneDrive\Desktop\Sem7\ComputerVision\Project\part2\dataset\dataset\ten\72.jpg,0,10_rupees,legacy,0_legacy_samsung_gt-s6802_2013:05:10,train
C:\Users\bhave\OneDrive\Desktop\Sem7\ComputerVision\Project\part2\dataset\dataset\ten\73.jpg,0,10_rupees,legacy,0_legacy_samsung_gt-s6802_2013:05:10,train
C:\Users\bhave\OneDrive\Desktop\Sem7\ComputerVision\Project\part2\dataset\dataset\ten\74.jpg,0,10_rupees,legacy,0_legacy_samsung_gt-s6802_2013:05:10,train
C:\Users\bhave\OneDrive\Desktop\Sem7\ComputerVision\Project\part2\dataset\dataset\ten\75.jpg,0,10_rupees,legacy,0_legacy_samsung_gt-s6802_2013:05:10,train
C:\Users\bhave\OneDrive\Desktop\Sem7\ComputerVision\Project\part2\dataset\dataset\ten\76.jpg,0,10_rupees,legacy,0_legacy_samsung_gt-s6802_2013:05:10,train
C:\Users\bhave\OneDrive\Desktop\Sem7\ComputerVision\Project\part2\dataset\dataset\ten\77.jpg,0,10_rupees,legacy,0_legacy_samsung_gt-s6802_2013:05:10,train
C:\Users\bhave\OneDrive\Desktop\Sem7\ComputerVision\Project\part2\dataset\dataset\ten\78.jpg,0,10_rupees,legacy,0_legacy_samsung_gt-s6802_2013:05:10,train
C:\Users\bhave\OneDrive\Desktop\Sem7\ComputerVision\Project\part2\dataset\dataset\ten\79.jpg,0,10_rupees,legacy,0_legacy_samsung_gt-s6802_2013:05:10,train
C:\Users\bhave\OneDrive\Desktop\Sem7\ComputerVision\Project\part2\dataset\dataset\ten\8.jpg,0,10_rupees,legacy,0_legacy_nokia_x6-00_unknown,train
C:\Users\bhave\OneDrive\Desktop\Sem7\ComputerVision\Project\part2\dataset\dataset\ten\80.jpg,0,10_rupees,legacy,0_legacy_samsung_gt-s6802_2013:05:10,train
C:\Users\bhave\OneDrive\Desktop\Sem7\ComputerVision\Project\part2\dataset\dataset\ten\81.jpg,0,10_rupees,legacy,0_legacy_samsung_gt-s6802_2013:05:10,train
C:\Users\bhave\OneDrive\Desktop\Sem7\ComputerVision\Project\part2\dataset\dataset\ten\82.jpg,0,10_rupees,legacy,0_legacy_samsung_gt-s6802_2013:05:10,train
C:\Users\bhave\OneDrive\Desktop\Sem7\ComputerVision\Project\part2\dataset\dataset\ten\83.jpg,0,10_rupees,legacy,0_legacy_lenovo_s820_row_2013:10:06,train
C:\Users\bhave\OneDrive\Desktop\Sem7\ComputerVision\Project\part2\dataset\dataset\ten\84.jpg,0,10_rupees,legacy,0_legacy_lenovo_s820_row_2013:10:06,train
C:\Users\bhave\OneDrive\Desktop\Sem7\ComputerVision\Project\part2\dataset\dataset\ten\85.jpg,0,10_rupees,legacy,0_legacy_lenovo_s820_row_2013:10:06,train
C:\Users\bhave\OneDrive\Desktop\Sem7\ComputerVision\Project\part2\dataset\dataset\ten\86.jpg,0,10_rupees,legacy,0_legacy_lenovo_s820_row_2013:10:06,train
C:\Users\bhave\OneDrive\Desktop\Sem7\ComputerVision\Project\part2\dataset\dataset\ten\87.jpg,0,10_rupees,legacy,0_legacy_lenovo_s820_row_2013:10:06,train
C:\Users\bhave\OneDrive\Desktop\Sem7\ComputerVision\Project\part2\dataset\dataset\ten\88.jpg,0,10_rupees,legacy,0_legacy_lenovo_s820_row_2013:10:06,train
C:\Users\bhave\OneDrive\Desktop\Sem7\ComputerVision\Project\part2\dataset\dataset\ten\89.jpg,0,10_rupees,legacy,0_legacy_lenovo_s820_row_2013:10:06,train
C:\Users\bhave\OneDrive\Desktop\Sem7\ComputerVision\Project\part2\dataset\dataset\ten\9.jpg,0,10_rupees,legacy,0_legacy_nokia_x6-00_unknown,train
C:\Users\bhave\OneDrive\Desktop\Sem7\ComputerVision\Project\part2\dataset\dataset\ten\90.jpg,0,10_rupees,legacy,0_legacy_lenovo_s820_row_2013:10:06,train
C:\Users\bhave\OneDrive\Desktop\Sem7\ComputerVision\Project\part2\dataset\dataset\ten\91.jpg,0,10_rupees,legacy,0_legacy_lenovo_s820_row_2013:10:06,train
C:\Users\bhave\OneDrive\Desktop\Sem7\ComputerVision\Project\part2\dataset\dataset\ten\92.jpg,0,10_rupees,legacy,0_legacy_lenovo_s820_row_2013:10:06,train
C:\Users\bhave\OneDrive\Desktop\Sem7\ComputerVision\Project\part2\dataset\dataset\ten\93.jpg,0,10_rupees,legacy,0_legacy_lenovo_s820_row_2013:10:06,train
C:\Users\bhave\OneDrive\Desktop\Sem7\ComputerVision\Project\part2\dataset\dataset\ten\94.jpg,0,10_rupees,legacy,0_legacy_lenovo_s820_row_2013:10:06,train
C:\Users\bhave\OneDrive\Desktop\Sem7\ComputerVision\Project\part2\dataset\dataset\ten\95.jpg,0,10_rupees,legacy,0_legacy_lenovo_s820_row_2013:10:06,train
C:\Users\bhave\OneDrive\Desktop\Sem7\ComputerVision\Project\part2\dataset\dataset\ten\96.jpg,0,10_rupees,legacy,0_legacy_lenovo_s820_row_2013:10:06,train
C:\Users\bhave\OneDrive\Desktop\Sem7\ComputerVision\Project\part2\dataset\dataset\ten\97.jpg,0,10_rupees,legacy,0_legacy_lenovo_s820_row_2013:10:06,train
C:\Users\bhave\OneDrive\Desktop\Sem7\ComputerVision\Project\part2\dataset\dataset\ten\98.jpg,0,10_rupees,legacy,0_legacy_lenovo_s820_row_2013:10:06,train
C:\Users\bhave\OneDrive\Desktop\Sem7\ComputerVision\Project\part2\dataset\dataset\ten\99.jpg,0,10_rupees,legacy,0_legacy_lenovo_s820_row_2013:10:06,train
C:\Users\bhave\OneDrive\Desktop\Sem7\ComputerVision\Project\part2\dataset\dataset\twenty\1.jpg,1,20_rupees,legacy,1_legacy_nokia_x6-00_unknown,train
C:\Users\bhave\OneDrive\Desktop\Sem7\ComputerVision\Project\part2\dataset\dataset\twenty\10.jpg,1,20_rupees,legacy,1_legacy_nokia_x6-00_unknown,train
C:\Users\bhave\OneDrive\Desktop\Sem7\ComputerVision\Project\part2\dataset\dataset\twenty\100.jpg,1,20_rupees,legacy,1_legacy_samsung_gt-s6802_2013:05:28,train
C:\Users\bhave\OneDrive\Desktop\Sem7\ComputerVision\Project\part2\dataset\dataset\twenty\101.jpg,1,20_rupees,legacy,1_legacy_samsung_gt-s6802_2013:05:10,train
C:\Users\bhave\OneDrive\Desktop\Sem7\ComputerVision\Project\part2\dataset\dataset\twenty\102.jpg,1,20_rupees,legacy,1_legacy_samsung_gt-s6802_2013:05:28,train
C:\Users\bhave\OneDrive\Desktop\Sem7\ComputerVision\Project\part2\dataset\dataset\twenty\103.jpg,1,20_rupees,legacy,1_legacy_samsung_gt-s6802_2013:05:28,train
C:\Users\bhave\OneDrive\Desktop\Sem7\ComputerVision\Project\part2\dataset\dataset\twenty\104.jpg,1,20_rupees,legacy,1_legacy_samsung_gt-s6802_2013:05:28,train
C:\Users\bhave\OneDrive\Desktop\Sem7\ComputerVision\Project\part2\dataset\dataset\twenty\105.jpg,1,20_rupees,legacy,1_legacy_samsung_gt-s6802_2013:05:28,train
C:\Users\bhave\OneDrive\Desktop\Sem7\ComputerVision\Project\part2\dataset\dataset\twenty\106.jpg,1,20_rupees,legacy,1_legacy_samsung_gt-s6802_2013:05:28,train
C:\Users\bhave\OneDrive\Desktop\Sem7\ComputerVision\Project\part2\dataset\dataset\twenty\107.jpg,1,20_rupees,legacy,1_legacy_samsung_gt-s6802_2013:05:30,train
C:\Users\bhave\OneDrive\Desktop\Sem7\ComputerVision\Project\part2\dataset\dataset\twenty\108.jpg,1,20_rupees,legacy,1_legacy_samsung_gt-s6802_2013:05:30,train
C:\Users\bhave\OneDrive\Desktop\Sem7\ComputerVision\Project\part2\dataset\dataset\twenty\109.jpg,1,20_rupees,legacy,1_legacy_samsung_gt-s6802_2013:05:30,train
C:\Users\bhave\OneDrive\Desktop\Sem7\ComputerVision\Project\part2\dataset\dataset\twenty\11.jpg,1,20_rupees,legacy,1_legacy_nokia_x6-00_unknown,train
C:\Users\bhave\OneDrive\Desktop\Sem7\ComputerVision\Project\part2\dataset\dataset\twenty\110.jpg,1,20_rupees,legacy,1_legacy_samsung_gt-s6802_2013:05:30,train
C:\Users\bhave\OneDrive\Desktop\Sem7\ComputerVision\Project\part2\dataset\dataset\twenty\111.jpg,1,20_rupees,legacy,1_legacy_samsung_gt-s6802_2013:05:30,train
C:\Users\bhave\OneDrive\Desktop\Sem7\ComputerVision\Project\part2\dataset\dataset\twenty\112.jpg,1,20_rupees,legacy,1_legacy_samsung_gt-s6802_2013:05:10,train
C:\Users\bhave\OneDrive\Desktop\Sem7\ComputerVision\Project\part2\dataset\dataset\twenty\113.jpg,1,20_rupees,legacy,1_legacy_samsung_gt-s6802_2013:05:30,train
C:\Users\bhave\OneDrive\Desktop\Sem7\ComputerVision\Project\part2\dataset\dataset\twenty\12.jpg,1,20_rupees,legacy,1_legacy_nokia_x6-00_unknown,train
C:\Users\bhave\OneDrive\Desktop\Sem7\ComputerVision\Project\part2\dataset\dataset\twenty\123.jpg,1,20_rupees,legacy,1_legacy_samsung_gt-s6802_2013:05:10,train
C:\Users\bhave\OneDrive\Desktop\Sem7\ComputerVision\Project\part2\dataset\dataset\twenty\125.jpg,1,20_rupees,legacy,1_legacy_nokia_x6-00_unknown,train
C:\Users\bhave\OneDrive\Desktop\Sem7\ComputerVision\Project\part2\dataset\dataset\twenty\126.jpg,1,20_rupees,legacy,1_legacy_nokia_x6-00_unknown,train
C:\Users\bhave\OneDrive\Desktop\Sem7\ComputerVision\Project\part2\dataset\dataset\twenty\127.jpg,1,20_rupees,legacy,1_legacy_nokia_x6-00_unknown,train
C:\Users\bhave\OneDrive\Desktop\Sem7\ComputerVision\Project\part2\dataset\dataset\twenty\128.jpg,1,20_rupees,legacy,1_legacy_nokia_x6-00_unknown,train
C:\Users\bhave\OneDrive\Desktop\Sem7\ComputerVision\Project\part2\dataset\dataset\twenty\129.jpg,1,20_rupees,legacy,1_legacy_nokia_x6-00_unknown,train
C:\Users\bhave\OneDrive\Desktop\Sem7\ComputerVision\Project\part2\dataset\dataset\twenty\13.jpg,1,20_rupees,legacy,1_legacy_nokia_x6-00_unknown,train
C:\Users\bhave\OneDrive\Desktop\Sem7\ComputerVision\Project\part2\dataset\dataset\twenty\130.jpg,1,20_rupees,legacy,1_legacy_nokia_x6-00_unknown,train
C:\Users\bhave\OneDrive\Desktop\Sem7\ComputerVision\Project\part2\dataset\dataset\twenty\131.jpg,1,20_rupees,legacy,1_legacy_nokia_x6-00_unknown,train
C:\Users\bhave\OneDrive\Desktop\Sem7\ComputerVision\Project\part2\dataset\dataset\twenty\132.jpg,1,20_rupees,legacy,1_legacy_nokia_x6-00_unknown,train
C:\Users\bhave\OneDrive\Desktop\Sem7\ComputerVision\Project\part2\dataset\dataset\twenty\133.jpg,1,20_rupees,legacy,1_legacy_nokia_x6-00_unknown,train
C:\Users\bhave\OneDrive\Desktop\Sem7\ComputerVision\Project\part2\dataset\dataset\twenty\134.jpg,1,20_rupees,legacy,1_legacy_nokia_x6-00_unknown,train
C:\Users\bhave\OneDrive\Desktop\Sem7\ComputerVision\Project\part2\dataset\dataset\twenty\135.jpg,1,20_rupees,legacy,1_legacy_nokia_x6-00_unknown,train
C:\Users\bhave\OneDrive\Desktop\Sem7\ComputerVision\Project\part2\dataset\dataset\twenty\136.jpg,1,20_rupees,legacy,1_legacy_nokia_x6-00_unknown,train
C:\Users\bhave\OneDrive\Desktop\Sem7\ComputerVision\Project\part2\dataset\dataset\twenty\137.jpg,1,20_rupees,legacy,1_legacy_nokia_x6-00_unknown,train
C:\Users\bhave\OneDrive\Desktop\Sem7\ComputerVision\Project\part2\dataset\dataset\twenty\138.jpg,1,20_rupees,legacy,1_legacy_nokia_x6-00_unknown,train
C:\Users\bhave\OneDrive\Desktop\Sem7\ComputerVision\Project\part2\dataset\dataset\twenty\139.jpg,1,20_rupees,legacy,1_legacy_nokia_x6-00_unknown,train
C:\Users\bhave\OneDrive\Desktop\Sem7\ComputerVision\Project\part2\dataset\dataset\twenty\14.jpg,1,20_rupees,legacy,1_legacy_nokia_x6-00_unknown,train
C:\Users\bhave\OneDrive\Desktop\Sem7\ComputerVision\Project\part2\dataset\dataset\twenty\140.jpg,1,20_rupees,legacy,1_legacy_nokia_x6-00_unknown,train
C:\Users\bhave\OneDrive\Desktop\Sem7\ComputerVision\Project\part2\dataset\dataset\twenty\141.jpg,1,20_rupees,legacy,1_legacy_nokia_x6-00_unknown,train
C:\Users\bhave\OneDrive\Desktop\Sem7\ComputerVision\Project\part2\dataset\dataset\twenty\142.jpg,1,20_rupees,legacy,1_legacy_nokia_x6-00_unknown,train
C:\Users\bhave\OneDrive\Desktop\Sem7\ComputerVision\Project\part2\dataset\dataset\twenty\143.jpg,1,20_rupees,legacy,1_legacy_nokia_x6-00_unknown,train
C:\Users\bhave\OneDrive\Desktop\Sem7\ComputerVision\Project\part2\dataset\dataset\twenty\144.jpg,1,20_rupees,legacy,1_legacy_nokia_x6-00_unknown,train
C:\Users\bhave\OneDrive\Desktop\Sem7\ComputerVision\Project\part2\dataset\dataset\twenty\145.jpg,1,20_rupees,legacy,1_legacy_nokia_x6-00_unknown,train
C:\Users\bhave\OneDrive\Desktop\Sem7\ComputerVision\Project\part2\dataset\dataset\twenty\146.jpg,1,20_rupees,legacy,1_legacy_nokia_x6-00_unknown,train
C:\Users\bhave\OneDrive\Desktop\Sem7\ComputerVision\Project\part2\dataset\dataset\twenty\147.jpg,1,20_rupees,legacy,1_legacy_nokia_x6-00_unknown,train
C:\Users\bhave\OneDrive\Desktop\Sem7\ComputerVision\Project\part2\dataset\dataset\twenty\148.jpg,1,20_rupees,legacy,1_legacy_nokia_x6-00_unknown,train
C:\Users\bhave\OneDrive\Desktop\Sem7\ComputerVision\Project\part2\dataset\dataset\twenty\149.jpg,1,20_rupees,legacy,1_legacy_nokia_x6-00_unknown,train
C:\Users\bhave\OneDrive\Desktop\Sem7\ComputerVision\Project\part2\dataset\dataset\twenty\15.jpg,1,20_rupees,legacy,1_legacy_nokia_x6-00_unknown,train
C:\Users\bhave\OneDrive\Desktop\Sem7\ComputerVision\Project\part2\dataset\dataset\twenty\150.jpg,1,20_rupees,legacy,1_legacy_nokia_x6-00_unknown,train
C:\Users\bhave\OneDrive\Desktop\Sem7\ComputerVision\Project\part2\dataset\dataset\twenty\151.jpg,1,20_rupees,legacy,1_legacy_nokia_x6-00_unknown,train
C:\Users\bhave\OneDrive\Desktop\Sem7\ComputerVision\Project\part2\dataset\dataset\twenty\16.jpg,1,20_rupees,legacy,1_legacy_nokia_x6-00_unknown,train
C:\Users\bhave\OneDrive\Desktop\Sem7\ComputerVision\Project\part2\dataset\dataset\twenty\161.jpg,1,20_rupees,legacy,1_legacy_samsung_gt-s6802_2013:05:10,train
C:\Users\bhave\OneDrive\Desktop\Sem7\ComputerVision\Project\part2\dataset\dataset\twenty\17.jpg,1,20_rupees,legacy,1_legacy_nokia_x6-00_unknown,train
C:\Users\bhave\OneDrive\Desktop\Sem7\ComputerVision\Project\part2\dataset\dataset\twenty\172.jpg,1,20_rupees,legacy,1_legacy_samsung_gt-s6802_2013:05:10,train
C:\Users\bhave\OneDrive\Desktop\Sem7\ComputerVision\Project\part2\dataset\dataset\twenty\18.jpg,1,20_rupees,legacy,1_legacy_nokia_x6-00_unknown,train
C:\Users\bhave\OneDrive\Desktop\Sem7\ComputerVision\Project\part2\dataset\dataset\twenty\19.jpg,1,20_rupees,legacy,1_legacy_nokia_x6-00_unknown,train
C:\Users\bhave\OneDrive\Desktop\Sem7\ComputerVision\Project\part2\dataset\dataset\twenty\195.jpg,1,20_rupees,legacy,1_legacy_samsung_gt-s6802_2013:05:10,train
C:\Users\bhave\OneDrive\Desktop\Sem7\ComputerVision\Project\part2\dataset\dataset\twenty\197.jpg,1,20_rupees,legacy,1_legacy_samsung_gt-s6802_2013:05:10,train
C:\Users\bhave\OneDrive\Desktop\Sem7\ComputerVision\Project\part2\dataset\dataset\twenty\198.jpg,1,20_rupees,legacy,1_legacy_samsung_gt-s6802_2013:05:10,train
C:\Users\bhave\OneDrive\Desktop\Sem7\ComputerVision\Project\part2\dataset\dataset\twenty\199.jpg,1,20_rupees,legacy,1_legacy_samsung_gt-s6802_2013:05:10,train
C:\Users\bhave\OneDrive\Desktop\Sem7\ComputerVision\Project\part2\dataset\dataset\twenty\2.jpg,1,20_rupees,legacy,1_legacy_nokia_x6-00_unknown,train
C:\Users\bhave\OneDrive\Desktop\Sem7\ComputerVision\Project\part2\dataset\dataset\twenty\20.jpg,1,20_rupees,legacy,1_legacy_nokia_x6-00_unknown,train
C:\Users\bhave\OneDrive\Desktop\Sem7\ComputerVision\Project\part2\dataset\dataset\twenty\200.jpg,1,20_rupees,legacy,1_legacy_samsung_gt-s6802_2013:05:10,train
C:\Users\bhave\OneDrive\Desktop\Sem7\ComputerVision\Project\part2\dataset\dataset\twenty\201.jpg,1,20_rupees,legacy,1_legacy_samsung_gt-s6802_2013:05:10,train
C:\Users\bhave\OneDrive\Desktop\Sem7\ComputerVision\Project\part2\dataset\dataset\twenty\202.jpg,1,20_rupees,legacy,1_legacy_samsung_gt-s6802_2013:05:10,train
C:\Users\bhave\OneDrive\Desktop\Sem7\ComputerVision\Project\part2\dataset\dataset\twenty\203.jpg,1,20_rupees,legacy,1_legacy_samsung_gt-s6802_2013:05:10,train
C:\Users\bhave\OneDrive\Desktop\Sem7\ComputerVision\Project\part2\dataset\dataset\twenty\204.jpg,1,20_rupees,legacy,1_legacy_samsung_gt-s6802_2013:05:10,train
C:\Users\bhave\OneDrive\Desktop\Sem7\ComputerVision\Project\part2\dataset\dataset\twenty\205.jpg,1,20_rupees,legacy,1_legacy_samsung_gt-s6802_2013:05:10,train
C:\Users\bhave\OneDrive\Desktop\Sem7\ComputerVision\Project\part2\dataset\dataset\twenty\206.jpg,1,20_rupees,legacy,1_legacy_samsung_gt-s6802_2013:05:10,train
C:\Users\bhave\OneDrive\Desktop\Sem7\ComputerVision\Project\part2\dataset\dataset\twenty\207.jpg,1,20_rupees,legacy,1_legacy_samsung_gt-s6802_2013:05:10,train
C:\Users\bhave\OneDrive\Desktop\Sem7\ComputerVision\Project\part2\dataset\dataset\twenty\208.jpg,1,20_rupees,legacy,1_legacy_samsung_gt-s6802_2013:05:10,train
C:\Users\bhave\OneDrive\Desktop\Sem7\ComputerVision\Project\part2\dataset\dataset\twenty\209.jpg,1,20_rupees,legacy,1_legacy_samsung_gt-s6802_2013:05:10,train
C:\Users\bhave\OneDrive\Desktop\Sem7\ComputerVision\Project\part2\dataset\dataset\twenty\21.jpg,1,20_rupees,legacy,1_legacy_nokia_x6-00_unknown,train
C:\Users\bhave\OneDrive\Desktop\Sem7\ComputerVision\Project\part2\dataset\dataset\twenty\210.jpg,1,20_rupees,legacy,1_legacy_samsung_gt-s6802_2013:05:10,train
C:\Users\bhave\OneDrive\Desktop\Sem7\ComputerVision\Project\part2\dataset\dataset\twenty\211.jpg,1,20_rupees,legacy,1_legacy_lenovo_s820_row_2013:10:06,train
C:\Users\bhave\OneDrive\Desktop\Sem7\ComputerVision\Project\part2\dataset\dataset\twenty\212.jpg,1,20_rupees,legacy,1_legacy_lenovo_s820_row_2013:10:06,train
C:\Users\bhave\OneDrive\Desktop\Sem7\ComputerVision\Project\part2\dataset\dataset\twenty\213.jpg,1,20_rupees,legacy,1_legacy_lenovo_s820_row_2013:10:06,train
C:\Users\bhave\OneDrive\Desktop\Sem7\ComputerVision\Project\part2\dataset\dataset\twenty\214.jpg,1,20_rupees,legacy,1_legacy_lenovo_s820_row_2013:10:06,train
C:\Users\bhave\OneDrive\Desktop\Sem7\ComputerVision\Project\part2\dataset\dataset\twenty\215.jpg,1,20_rupees,legacy,1_legacy_lenovo_s820_row_2013:10:06,train
C:\Users\bhave\OneDrive\Desktop\Sem7\ComputerVision\Project\part2\dataset\dataset\twenty\216.jpg,1,20_rupees,legacy,1_legacy_lenovo_s820_row_2013:10:06,train
C:\Users\bhave\OneDrive\Desktop\Sem7\ComputerVision\Project\part2\dataset\dataset\twenty\217.jpg,1,20_rupees,legacy,1_legacy_lenovo_s820_row_2013:10:06,train
C:\Users\bhave\OneDrive\Desktop\Sem7\ComputerVision\Project\part2\dataset\dataset\twenty\218.jpg,1,20_rupees,legacy,1_legacy_lenovo_s820_row_2013:10:06,train
C:\Users\bhave\OneDrive\Desktop\Sem7\ComputerVision\Project\part2\dataset\dataset\twenty\219.jpg,1,20_rupees,legacy,1_legacy_lenovo_s820_row_2013:10:06,train
C:\Users\bhave\OneDrive\Desktop\Sem7\ComputerVision\Project\part2\dataset\dataset\twenty\22.jpg,1,20_rupees,legacy,1_legacy_nokia_x6-00_unknown,train
C:\Users\bhave\OneDrive\Desktop\Sem7\ComputerVision\Project\part2\dataset\dataset\twenty\220.jpg,1,20_rupees,legacy,1_legacy_lenovo_s820_row_2013:10:06,train
C:\Users\bhave\OneDrive\Desktop\Sem7\ComputerVision\Project\part2\dataset\dataset\twenty\221.jpg,1,20_rupees,legacy,1_legacy_lenovo_s820_row_2013:10:06,train
C:\Users\bhave\OneDrive\Desktop\Sem7\ComputerVision\Project\part2\dataset\dataset\twenty\222.jpg,1,20_rupees,legacy,1_legacy_lenovo_s820_row_2013:10:06,train
C:\Users\bhave\OneDrive\Desktop\Sem7\ComputerVision\Project\part2\dataset\dataset\twenty\223.jpg,1,20_rupees,legacy,1_legacy_lenovo_s820_row_2013:10:06,train
C:\Users\bhave\OneDrive\Desktop\Sem7\ComputerVision\Project\part2\dataset\dataset\twenty\224.jpg,1,20_rupees,legacy,1_legacy_lenovo_s820_row_2013:10:06,train
C:\Users\bhave\OneDrive\Desktop\Sem7\ComputerVision\Project\part2\dataset\dataset\twenty\225.jpg,1,20_rupees,legacy,1_legacy_lenovo_s820_row_2013:10:06,train
C:\Users\bhave\OneDrive\Desktop\Sem7\ComputerVision\Project\part2\dataset\dataset\twenty\226.jpg,1,20_rupees,legacy,1_legacy_lenovo_s820_row_2013:10:06,train
C:\Users\bhave\OneDrive\Desktop\Sem7\ComputerVision\Project\part2\dataset\dataset\twenty\227.jpg,1,20_rupees,legacy,1_legacy_lenovo_s820_row_2013:10:06,train
C:\Users\bhave\OneDrive\Desktop\Sem7\ComputerVision\Project\part2\dataset\dataset\twenty\228.jpg,1,20_rupees,legacy,1_legacy_lenovo_s820_row_2013:10:06,train
C:\Users\bhave\OneDrive\Desktop\Sem7\ComputerVision\Project\part2\dataset\dataset\twenty\229.jpg,1,20_rupees,legacy,1_legacy_lenovo_s820_row_2013:10:06,train
C:\Users\bhave\OneDrive\Desktop\Sem7\ComputerVision\Project\part2\dataset\dataset\twenty\23.jpg,1,20_rupees,legacy,1_legacy_nokia_x6-00_unknown,train
C:\Users\bhave\OneDrive\Desktop\Sem7\ComputerVision\Project\part2\dataset\dataset\twenty\230.jpg,1,20_rupees,legacy,1_legacy_lenovo_s820_row_2013:10:06,train
C:\Users\bhave\OneDrive\Desktop\Sem7\ComputerVision\Project\part2\dataset\dataset\twenty\231.jpg,1,20_rupees,legacy,1_legacy_lenovo_s820_row_2013:10:06,train
C:\Users\bhave\OneDrive\Desktop\Sem7\ComputerVision\Project\part2\dataset\dataset\twenty\232.jpg,1,20_rupees,legacy,1_legacy_lenovo_s820_row_2013:10:06,train
C:\Users\bhave\OneDrive\Desktop\Sem7\ComputerVision\Project\part2\dataset\dataset\twenty\233.jpg,1,20_rupees,legacy,1_legacy_lenovo_s820_row_2013:10:06,train
C:\Users\bhave\OneDrive\Desktop\Sem7\ComputerVision\Project\part2\dataset\dataset\twenty\234.jpg,1,20_rupees,legacy,1_legacy_lenovo_s820_row_2013:10:06,train
C:\Users\bhave\OneDrive\Desktop\Sem7\ComputerVision\Project\part2\dataset\dataset\twenty\235.jpg,1,20_rupees,legacy,1_legacy_lenovo_s820_row_2013:10:06,train
C:\Users\bhave\OneDrive\Desktop\Sem7\ComputerVision\Project\part2\dataset\dataset\twenty\236.jpg,1,20_rupees,legacy,1_legacy_lenovo_s820_row_2013:10:06,train
C:\Users\bhave\OneDrive\Desktop\Sem7\ComputerVision\Project\part2\dataset\dataset\twenty\237.jpg,1,20_rupees,legacy,1_legacy_lenovo_s820_row_2013:10:06,train
C:\Users\bhave\OneDrive\Desktop\Sem7\ComputerVision\Project\part2\dataset\dataset\twenty\238.jpg,1,20_rupees,legacy,1_legacy_lenovo_s820_row_2013:10:06,train
C:\Users\bhave\OneDrive\Desktop\Sem7\ComputerVision\Project\part2\dataset\dataset\twenty\239.jpg,1,20_rupees,legacy,1_legacy_lenovo_s820_row_2013:10:06,train
C:\Users\bhave\OneDrive\Desktop\Sem7\ComputerVision\Project\part2\dataset\dataset\twenty\24.jpg,1,20_rupees,legacy,1_legacy_nokia_x6-00_unknown,train
C:\Users\bhave\OneDrive\Desktop\Sem7\ComputerVision\Project\part2\dataset\dataset\twenty\240.jpg,1,20_rupees,legacy,1_legacy_lenovo_s820_row_2013:10:06,train
C:\Users\bhave\OneDrive\Desktop\Sem7\ComputerVision\Project\part2\dataset\dataset\twenty\241.jpg,1,20_rupees,legacy,1_legacy_lenovo_s820_row_2013:10:06,train
C:\Users\bhave\OneDrive\Desktop\Sem7\ComputerVision\Project\part2\dataset\dataset\twenty\242.jpg,1,20_rupees,legacy,1_legacy_lenovo_s820_row_2013:10:06,train
C:\Users\bhave\OneDrive\Desktop\Sem7\ComputerVision\Project\part2\dataset\dataset\twenty\243.jpg,1,20_rupees,legacy,1_legacy_lenovo_s820_row_2013:10:06,train
C:\Users\bhave\OneDrive\Desktop\Sem7\ComputerVision\Project\part2\dataset\dataset\twenty\244.jpg,1,20_rupees,legacy,1_legacy_unknown_block_0024,train
C:\Users\bhave\OneDrive\Desktop\Sem7\ComputerVision\Project\part2\dataset\dataset\twenty\245.jpg,1,20_rupees,legacy,1_legacy_unknown_block_0024,train
C:\Users\bhave\OneDrive\Desktop\Sem7\ComputerVision\Project\part2\dataset\dataset\twenty\246.jpg,1,20_rupees,legacy,1_legacy_unknown_block_0024,train
C:\Users\bhave\OneDrive\Desktop\Sem7\ComputerVision\Project\part2\dataset\dataset\twenty\247.jpg,1,20_rupees,legacy,1_legacy_unknown_block_0024,train
C:\Users\bhave\OneDrive\Desktop\Sem7\ComputerVision\Project\part2\dataset\dataset\twenty\248.jpg,1,20_rupees,legacy,1_legacy_unknown_block_0024,train
C:\Users\bhave\OneDrive\Desktop\Sem7\ComputerVision\Project\part2\dataset\dataset\twenty\249.jpg,1,20_rupees,legacy,1_legacy_unknown_block_0024,train
C:\Users\bhave\OneDrive\Desktop\Sem7\ComputerVision\Project\part2\dataset\dataset\twenty\25.jpg,1,20_rupees,legacy,1_legacy_nokia_x6-00_unknown,train
C:\Users\bhave\OneDrive\Desktop\Sem7\ComputerVision\Project\part2\dataset\dataset\twenty\250.jpg,1,20_rupees,legacy,1_legacy_unknown_block_0024,train
C:\Users\bhave\OneDrive\Desktop\Sem7\ComputerVision\Project\part2\dataset\dataset\twenty\251.jpg,1,20_rupees,legacy,1_legacy_unknown_block_0025,train
C:\Users\bhave\OneDrive\Desktop\Sem7\ComputerVision\Project\part2\dataset\dataset\twenty\252.jpg,1,20_rupees,legacy,1_legacy_unknown_block_0025,train
C:\Users\bhave\OneDrive\Desktop\Sem7\ComputerVision\Project\part2\dataset\dataset\twenty\253.jpg,1,20_rupees,legacy,1_legacy_unknown_block_0025,train
C:\Users\bhave\OneDrive\Desktop\Sem7\ComputerVision\Project\part2\dataset\dataset\twenty\254.jpg,1,20_rupees,legacy,1_legacy_unknown_block_0025,train
C:\Users\bhave\OneDrive\Desktop\Sem7\ComputerVision\Project\part2\dataset\dataset\twenty\255.jpg,1,20_rupees,legacy,1_legacy_unknown_block_0025,train
C:\Users\bhave\OneDrive\Desktop\Sem7\ComputerVision\Project\part2\dataset\dataset\twenty\256.jpg,1,20_rupees,legacy,1_legacy_unknown_block_0025,train
C:\Users\bhave\OneDrive\Desktop\Sem7\ComputerVision\Project\part2\dataset\dataset\twenty\257.jpg,1,20_rupees,legacy,1_legacy_unknown_block_0025,train
C:\Users\bhave\OneDrive\Desktop\Sem7\ComputerVision\Project\part2\dataset\dataset\twenty\258.jpg,1,20_rupees,legacy,1_legacy_unknown_block_0025,train
C:\Users\bhave\OneDrive\Desktop\Sem7\ComputerVision\Project\part2\dataset\dataset\twenty\259.jpg,1,20_rupees,legacy,1_legacy_unknown_block_0025,train
C:\Users\bhave\OneDrive\Desktop\Sem7\ComputerVision\Project\part2\dataset\dataset\twenty\26.jpg,1,20_rupees,legacy,1_legacy_nokia_x6-00_unknown,train
C:\Users\bhave\OneDrive\Desktop\Sem7\ComputerVision\Project\part2\dataset\dataset\twenty\260.jpg,1,20_rupees,legacy,1_legacy_unknown_block_0025,train
C:\Users\bhave\OneDrive\Desktop\Sem7\ComputerVision\Project\part2\dataset\dataset\twenty\261.jpg,1,20_rupees,legacy,1_legacy_unknown_block_0026,train
C:\Users\bhave\OneDrive\Desktop\Sem7\ComputerVision\Project\part2\dataset\dataset\twenty\262.jpg,1,20_rupees,legacy,1_legacy_unknown_block_0026,train
C:\Users\bhave\OneDrive\Desktop\Sem7\ComputerVision\Project\part2\dataset\dataset\twenty\263.jpg,1,20_rupees,legacy,1_legacy_unknown_block_0026,train
C:\Users\bhave\OneDrive\Desktop\Sem7\ComputerVision\Project\part2\dataset\dataset\twenty\264.jpg,1,20_rupees,legacy,1_legacy_unknown_block_0026,train
C:\Users\bhave\OneDrive\Desktop\Sem7\ComputerVision\Project\part2\dataset\dataset\twenty\265.jpg,1,20_rupees,legacy,1_legacy_unknown_block_0026,train
C:\Users\bhave\OneDrive\Desktop\Sem7\ComputerVision\Project\part2\dataset\dataset\twenty\266.jpg,1,20_rupees,legacy,1_legacy_unknown_block_0026,train
C:\Users\bhave\OneDrive\Desktop\Sem7\ComputerVision\Project\part2\dataset\dataset\twenty\267.jpg,1,20_rupees,legacy,1_legacy_unknown_block_0026,train
C:\Users\bhave\OneDrive\Desktop\Sem7\ComputerVision\Project\part2\dataset\dataset\twenty\268.jpg,1,20_rupees,legacy,1_legacy_unknown_block_0026,train
C:\Users\bhave\OneDrive\Desktop\Sem7\ComputerVision\Project\part2\dataset\dataset\twenty\269.jpg,1,20_rupees,legacy,1_legacy_unknown_block_0026,train
C:\Users\bhave\OneDrive\Desktop\Sem7\ComputerVision\Project\part2\dataset\dataset\twenty\27.jpg,1,20_rupees,legacy,1_legacy_nokia_x6-00_unknown,train
C:\Users\bhave\OneDrive\Desktop\Sem7\ComputerVision\Project\part2\dataset\dataset\twenty\270.jpg,1,20_rupees,legacy,1_legacy_unknown_block_0026,train
C:\Users\bhave\OneDrive\Desktop\Sem7\ComputerVision\Project\part2\dataset\dataset\twenty\276.jpg,1,20_rupees,legacy,1_legacy_lenovo_s820_row_2013:09:10,train
C:\Users\bhave\OneDrive\Desktop\Sem7\ComputerVision\Project\part2\dataset\dataset\twenty\277.jpg,1,20_rupees,legacy,1_legacy_lenovo_s820_row_2013:09:10,train
C:\Users\bhave\OneDrive\Desktop\Sem7\ComputerVision\Project\part2\dataset\dataset\twenty\278.jpg,1,20_rupees,legacy,1_legacy_lenovo_s820_row_2013:09:10,train
C:\Users\bhave\OneDrive\Desktop\Sem7\ComputerVision\Project\part2\dataset\dataset\twenty\279.jpg,1,20_rupees,legacy,1_legacy_lenovo_s820_row_2013:09:10,train
C:\Users\bhave\OneDrive\Desktop\Sem7\ComputerVision\Project\part2\dataset\dataset\twenty\28.jpg,1,20_rupees,legacy,1_legacy_nokia_x6-00_unknown,train
C:\Users\bhave\OneDrive\Desktop\Sem7\ComputerVision\Project\part2\dataset\dataset\twenty\280.jpg,1,20_rupees,legacy,1_legacy_lenovo_s820_row_2013:09:10,train
C:\Users\bhave\OneDrive\Desktop\Sem7\ComputerVision\Project\part2\dataset\dataset\twenty\281.jpg,1,20_rupees,legacy,1_legacy_lenovo_s820_row_2013:09:10,train
C:\Users\bhave\OneDrive\Desktop\Sem7\ComputerVision\Project\part2\dataset\dataset\twenty\282.jpg,1,20_rupees,legacy,1_legacy_lenovo_s820_row_2013:09:10,train
C:\Users\bhave\OneDrive\Desktop\Sem7\ComputerVision\Project\part2\dataset\dataset\twenty\283.jpg,1,20_rupees,legacy,1_legacy_lenovo_s820_row_2013:09:10,train
C:\Users\bhave\OneDrive\Desktop\Sem7\ComputerVision\Project\part2\dataset\dataset\twenty\284.jpg,1,20_rupees,legacy,1_legacy_lenovo_s820_row_2013:09:10,train
C:\Users\bhave\OneDrive\Desktop\Sem7\ComputerVision\Project\part2\dataset\dataset\twenty\285.jpg,1,20_rupees,legacy,1_legacy_lenovo_s820_row_2013:09:10,train
C:\Users\bhave\OneDrive\Desktop\Sem7\ComputerVision\Project\part2\dataset\dataset\twenty\286.jpg,1,20_rupees,legacy,1_legacy_lenovo_s820_row_2013:09:10,train
C:\Users\bhave\OneDrive\Desktop\Sem7\ComputerVision\Project\part2\dataset\dataset\twenty\287.jpg,1,20_rupees,legacy,1_legacy_lenovo_s820_row_2013:09:10,train
C:\Users\bhave\OneDrive\Desktop\Sem7\ComputerVision\Project\part2\dataset\dataset\twenty\288.jpg,1,20_rupees,legacy,1_legacy_lenovo_s820_row_2013:09:10,train
C:\Users\bhave\OneDrive\Desktop\Sem7\ComputerVision\Project\part2\dataset\dataset\twenty\289.jpg,1,20_rupees,legacy,1_legacy_lenovo_s820_row_2013:09:10,train
C:\Users\bhave\OneDrive\Desktop\Sem7\ComputerVision\Project\part2\dataset\dataset\twenty\29.jpg,1,20_rupees,legacy,1_legacy_nokia_x6-00_unknown,train
C:\Users\bhave\OneDrive\Desktop\Sem7\ComputerVision\Project\part2\dataset\dataset\twenty\290.jpg,1,20_rupees,legacy,1_legacy_lenovo_s820_row_2013:09:10,train
C:\Users\bhave\OneDrive\Desktop\Sem7\ComputerVision\Project\part2\dataset\dataset\twenty\291.jpg,1,20_rupees,legacy,1_legacy_lenovo_s820_row_2013:09:10,train
C:\Users\bhave\OneDrive\Desktop\Sem7\ComputerVision\Project\part2\dataset\dataset\twenty\292.jpg,1,20_rupees,legacy,1_legacy_lenovo_s820_row_2013:09:10,train
C:\Users\bhave\OneDrive\Desktop\Sem7\ComputerVision\Project\part2\dataset\dataset\twenty\293.jpg,1,20_rupees,legacy,1_legacy_lenovo_s820_row_2013:09:10,train
C:\Users\bhave\OneDrive\Desktop\Sem7\ComputerVision\Project\part2\dataset\dataset\twenty\294.jpg,1,20_rupees,legacy,1_legacy_lenovo_s820_row_2013:09:10,train
C:\Users\bhave\OneDrive\Desktop\Sem7\ComputerVision\Project\part2\dataset\dataset\twenty\295.jpg,1,20_rupees,legacy,1_legacy_lenovo_s820_row_2013:09:10,train
C:\Users\bhave\OneDrive\Desktop\Sem7\ComputerVision\Project\part2\dataset\dataset\twenty\296.jpg,1,20_rupees,legacy,1_legacy_lenovo_s820_row_2013:09:10,train
C:\Users\bhave\OneDrive\Desktop\Sem7\ComputerVision\Project\part2\dataset\dataset\twenty\297.jpg,1,20_rupees,legacy,1_legacy_lenovo_s820_row_2013:09:10,train
C:\Users\bhave\OneDrive\Desktop\Sem7\ComputerVision\Project\part2\dataset\dataset\twenty\298.jpg,1,20_rupees,legacy,1_legacy_lenovo_s820_row_2013:09:10,train
C:\Users\bhave\OneDrive\Desktop\Sem7\ComputerVision\Project\part2\dataset\dataset\twenty\299.jpg,1,20_rupees,legacy,1_legacy_lenovo_s820_row_2013:09:10,train
C:\Users\bhave\OneDrive\Desktop\Sem7\ComputerVision\Project\part2\dataset\dataset\twenty\3.jpg,1,20_rupees,legacy,1_legacy_nokia_x6-00_unknown,train
C:\Users\bhave\OneDrive\Desktop\Sem7\ComputerVision\Project\part2\dataset\dataset\twenty\30.jpg,1,20_rupees,legacy,1_legacy_nokia_x6-00_unknown,train
C:\Users\bhave\OneDrive\Desktop\Sem7\ComputerVision\Project\part2\dataset\dataset\twenty\300.jpg,1,20_rupees,legacy,1_legacy_lenovo_s820_row_2013:09:10,train
C:\Users\bhave\OneDrive\Desktop\Sem7\ComputerVision\Project\part2\dataset\dataset\twenty\301.jpg,1,20_rupees,legacy,1_legacy_lenovo_s820_row_2013:09:10,train
C:\Users\bhave\OneDrive\Desktop\Sem7\ComputerVision\Project\part2\dataset\dataset\twenty\302.jpg,1,20_rupees,legacy,1_legacy_lenovo_s820_row_2013:09:10,train
C:\Users\bhave\OneDrive\Desktop\Sem7\ComputerVision\Project\part2\dataset\dataset\twenty\303.jpg,1,20_rupees,legacy,1_legacy_lenovo_s820_row_2013:09:10,train
C:\Users\bhave\OneDrive\Desktop\Sem7\ComputerVision\Project\part2\dataset\dataset\twenty\304.jpg,1,20_rupees,legacy,1_legacy_lenovo_s820_row_2013:09:10,train
C:\Users\bhave\OneDrive\Desktop\Sem7\ComputerVision\Project\part2\dataset\dataset\twenty\305.jpg,1,20_rupees,legacy,1_legacy_lenovo_s820_row_2013:09:10,train
C:\Users\bhave\OneDrive\Desktop\Sem7\ComputerVision\Project\part2\dataset\dataset\twenty\306.jpg,1,20_rupees,legacy,1_legacy_lenovo_s820_row_2013:09:10,train
C:\Users\bhave\OneDrive\Desktop\Sem7\ComputerVision\Project\part2\dataset\dataset\twenty\307.jpg,1,20_rupees,legacy,1_legacy_lenovo_s820_row_2013:09:10,train
C:\Users\bhave\OneDrive\Desktop\Sem7\ComputerVision\Project\part2\dataset\dataset\twenty\308.jpg,1,20_rupees,legacy,1_legacy_lenovo_s820_row_2013:09:10,train
C:\Users\bhave\OneDrive\Desktop\Sem7\ComputerVision\Project\part2\dataset\dataset\twenty\309.jpg,1,20_rupees,legacy,1_legacy_lenovo_s820_row_2013:09:10,train
C:\Users\bhave\OneDrive\Desktop\Sem7\ComputerVision\Project\part2\dataset\dataset\twenty\31.jpg,1,20_rupees,legacy,1_legacy_nokia_x6-00_unknown,train
C:\Users\bhave\OneDrive\Desktop\Sem7\ComputerVision\Project\part2\dataset\dataset\twenty\310.jpg,1,20_rupees,legacy,1_legacy_lenovo_s820_row_2013:09:10,train
C:\Users\bhave\OneDrive\Desktop\Sem7\ComputerVision\Project\part2\dataset\dataset\twenty\311.jpg,1,20_rupees,legacy,1_legacy_lenovo_s820_row_2013:09:10,train
C:\Users\bhave\OneDrive\Desktop\Sem7\ComputerVision\Project\part2\dataset\dataset\twenty\312.jpg,1,20_rupees,legacy,1_legacy_lenovo_s820_row_2013:09:10,train
C:\Users\bhave\OneDrive\Desktop\Sem7\ComputerVision\Project\part2\dataset\dataset\twenty\313.jpg,1,20_rupees,legacy,1_legacy_lenovo_s820_row_2013:09:10,train
C:\Users\bhave\OneDrive\Desktop\Sem7\ComputerVision\Project\part2\dataset\dataset\twenty\314.jpg,1,20_rupees,legacy,1_legacy_lenovo_s820_row_2013:09:10,train
C:\Users\bhave\OneDrive\Desktop\Sem7\ComputerVision\Project\part2\dataset\dataset\twenty\315.jpg,1,20_rupees,legacy,1_legacy_lenovo_s820_row_2013:09:10,train
C:\Users\bhave\OneDrive\Desktop\Sem7\ComputerVision\Project\part2\dataset\dataset\twenty\316.jpg,1,20_rupees,legacy,1_legacy_lenovo_s820_row_2013:09:10,train
C:\Users\bhave\OneDrive\Desktop\Sem7\ComputerVision\Project\part2\dataset\dataset\twenty\317.jpg,1,20_rupees,legacy,1_legacy_lenovo_s820_row_2013:09:10,train
C:\Users\bhave\OneDrive\Desktop\Sem7\ComputerVision\Project\part2\dataset\dataset\twenty\318.jpg,1,20_rupees,legacy,1_legacy_lenovo_s820_row_2013:09:10,train
C:\Users\bhave\OneDrive\Desktop\Sem7\ComputerVision\Project\part2\dataset\dataset\twenty\319.jpg,1,20_rupees,legacy,1_legacy_lenovo_s820_row_2013:09:10,train
C:\Users\bhave\OneDrive\Desktop\Sem7\ComputerVision\Project\part2\dataset\dataset\twenty\32.jpg,1,20_rupees,legacy,1_legacy_nokia_x6-00_unknown,train
C:\Users\bhave\OneDrive\Desktop\Sem7\ComputerVision\Project\part2\dataset\dataset\twenty\320.jpg,1,20_rupees,legacy,1_legacy_lenovo_s820_row_2013:09:10,train
C:\Users\bhave\OneDrive\Desktop\Sem7\ComputerVision\Project\part2\dataset\dataset\twenty\321.jpg,1,20_rupees,legacy,1_legacy_lenovo_s820_row_2013:09:10,train
C:\Users\bhave\OneDrive\Desktop\Sem7\ComputerVision\Project\part2\dataset\dataset\twenty\322.jpg,1,20_rupees,legacy,1_legacy_lenovo_s820_row_2013:09:10,train
C:\Users\bhave\OneDrive\Desktop\Sem7\ComputerVision\Project\part2\dataset\dataset\twenty\323.jpg,1,20_rupees,legacy,1_legacy_lenovo_s820_row_2013:09:10,train
C:\Users\bhave\OneDrive\Desktop\Sem7\ComputerVision\Project\part2\dataset\dataset\twenty\324.jpg,1,20_rupees,legacy,1_legacy_lenovo_s820_row_2013:09:10,train
C:\Users\bhave\OneDrive\Desktop\Sem7\ComputerVision\Project\part2\dataset\dataset\twenty\325.jpg,1,20_rupees,legacy,1_legacy_lenovo_s820_row_2013:09:10,train
C:\Users\bhave\OneDrive\Desktop\Sem7\ComputerVision\Project\part2\dataset\dataset\twenty\326.jpg,1,20_rupees,legacy,1_legacy_lenovo_s820_row_2013:09:10,train
C:\Users\bhave\OneDrive\Desktop\Sem7\ComputerVision\Project\part2\dataset\dataset\twenty\327.jpg,1,20_rupees,legacy,1_legacy_lenovo_s820_row_2013:09:10,train
C:\Users\bhave\OneDrive\Desktop\Sem7\ComputerVision\Project\part2\dataset\dataset\twenty\328.jpg,1,20_rupees,legacy,1_legacy_lenovo_s820_row_2013:09:10,train
C:\Users\bhave\OneDrive\Desktop\Sem7\ComputerVision\Project\part2\dataset\dataset\twenty\329.jpg,1,20_rupees,legacy,1_legacy_lenovo_s820_row_2013:09:10,train
C:\Users\bhave\OneDrive\Desktop\Sem7\ComputerVision\Project\part2\dataset\dataset\twenty\33.jpg,1,20_rupees,legacy,1_legacy_nokia_x6-00_unknown,train
C:\Users\bhave\OneDrive\Desktop\Sem7\ComputerVision\Project\part2\dataset\dataset\twenty\330.jpg,1,20_rupees,legacy,1_legacy_lenovo_s820_row_2013:09:10,train
C:\Users\bhave\OneDrive\Desktop\Sem7\ComputerVision\Project\part2\dataset\dataset\twenty\331.jpg,1,20_rupees,legacy,1_legacy_lenovo_s820_row_2013:09:10,train
C:\Users\bhave\OneDrive\Desktop\Sem7\ComputerVision\Project\part2\dataset\dataset\twenty\332.jpg,1,20_rupees,legacy,1_legacy_lenovo_s820_row_2013:09:10,train
C:\Users\bhave\OneDrive\Desktop\Sem7\ComputerVision\Project\part2\dataset\dataset\twenty\333.jpg,1,20_rupees,legacy,1_legacy_lenovo_s820_row_2013:09:10,train
C:\Users\bhave\OneDrive\Desktop\Sem7\ComputerVision\Project\part2\dataset\dataset\twenty\334.jpg,1,20_rupees,legacy,1_legacy_lenovo_s820_row_2013:09:10,train
C:\Users\bhave\OneDrive\Desktop\Sem7\ComputerVision\Project\part2\dataset\dataset\twenty\335.jpg,1,20_rupees,legacy,1_legacy_lenovo_s820_row_2013:09:10,train
C:\Users\bhave\OneDrive\Desktop\Sem7\ComputerVision\Project\part2\dataset\dataset\twenty\336.jpg,1,20_rupees,legacy,1_legacy_lenovo_s820_row_2013:09:10,train
C:\Users\bhave\OneDrive\Desktop\Sem7\ComputerVision\Project\part2\dataset\dataset\twenty\34.jpg,1,20_rupees,legacy,1_legacy_nokia_x6-00_unknown,train
C:\Users\bhave\OneDrive\Desktop\Sem7\ComputerVision\Project\part2\dataset\dataset\twenty\35.jpg,1,20_rupees,legacy,1_legacy_nokia_x6-00_unknown,train
C:\Users\bhave\OneDrive\Desktop\Sem7\ComputerVision\Project\part2\dataset\dataset\twenty\36.jpg,1,20_rupees,legacy,1_legacy_nokia_x6-00_unknown,train
C:\Users\bhave\OneDrive\Desktop\Sem7\ComputerVision\Project\part2\dataset\dataset\twenty\360.jpg,1,20_rupees,legacy,1_legacy_samsung_gt-s6802_2013:05:10,train
C:\Users\bhave\OneDrive\Desktop\Sem7\ComputerVision\Project\part2\dataset\dataset\twenty\37.jpg,1,20_rupees,legacy,1_legacy_nokia_x6-00_unknown,train
C:\Users\bhave\OneDrive\Desktop\Sem7\ComputerVision\Project\part2\dataset\dataset\twenty\371.jpg,1,20_rupees,legacy,1_legacy_samsung_gt-s6802_2013:05:10,train
C:\Users\bhave\OneDrive\Desktop\Sem7\ComputerVision\Project\part2\dataset\dataset\twenty\38.jpg,1,20_rupees,legacy,1_legacy_nokia_x6-00_unknown,train
C:\Users\bhave\OneDrive\Desktop\Sem7\ComputerVision\Project\part2\dataset\dataset\twenty\382.jpg,1,20_rupees,legacy,1_legacy_samsung_gt-s6802_2013:05:10,train
C:\Users\bhave\OneDrive\Desktop\Sem7\ComputerVision\Project\part2\dataset\dataset\twenty\39.jpg,1,20_rupees,legacy,1_legacy_nokia_x6-00_unknown,train
C:\Users\bhave\OneDrive\Desktop\Sem7\ComputerVision\Project\part2\dataset\dataset\twenty\393.jpg,1,20_rupees,legacy,1_legacy_samsung_gt-s6802_2013:05:10,train
C:\Users\bhave\OneDrive\Desktop\Sem7\ComputerVision\Project\part2\dataset\dataset\twenty\4.jpg,1,20_rupees,legacy,1_legacy_nokia_x6-00_unknown,train
C:\Users\bhave\OneDrive\Desktop\Sem7\ComputerVision\Project\part2\dataset\dataset\twenty\40.jpg,1,20_rupees,legacy,1_legacy_nokia_x6-00_unknown,train
C:\Users\bhave\OneDrive\Desktop\Sem7\ComputerVision\Project\part2\dataset\dataset\twenty\404.jpg,1,20_rupees,legacy,1_legacy_samsung_gt-s6802_2013:05:10,train
C:\Users\bhave\OneDrive\Desktop\Sem7\ComputerVision\Project\part2\dataset\dataset\twenty\41.jpg,1,20_rupees,legacy,1_legacy_nokia_x6-00_unknown,train
C:\Users\bhave\OneDrive\Desktop\Sem7\ComputerVision\Project\part2\dataset\dataset\twenty\415.jpg,1,20_rupees,legacy,1_legacy_samsung_gt-s6802_2013:05:10,train
C:\Users\bhave\OneDrive\Desktop\Sem7\ComputerVision\Project\part2\dataset\dataset\twenty\42.jpg,1,20_rupees,legacy,1_legacy_nokia_x6-00_unknown,train
C:\Users\bhave\OneDrive\Desktop\Sem7\ComputerVision\Project\part2\dataset\dataset\twenty\420.jpg,1,20_rupees,legacy,1_legacy_lenovo_s820_row_2013:10:17,train
C:\Users\bhave\OneDrive\Desktop\Sem7\ComputerVision\Project\part2\dataset\dataset\twenty\421.jpg,1,20_rupees,legacy,1_legacy_lenovo_s820_row_2013:10:17,train
C:\Users\bhave\OneDrive\Desktop\Sem7\ComputerVision\Project\part2\dataset\dataset\twenty\422.jpg,1,20_rupees,legacy,1_legacy_lenovo_s820_row_2013:10:17,train
C:\Users\bhave\OneDrive\Desktop\Sem7\ComputerVision\Project\part2\dataset\dataset\twenty\423.jpg,1,20_rupees,legacy,1_legacy_lenovo_s820_row_2013:10:17,train
C:\Users\bhave\OneDrive\Desktop\Sem7\ComputerVision\Project\part2\dataset\dataset\twenty\424.jpg,1,20_rupees,legacy,1_legacy_lenovo_s820_row_2013:10:17,train
C:\Users\bhave\OneDrive\Desktop\Sem7\ComputerVision\Project\part2\dataset\dataset\twenty\425.jpg,1,20_rupees,legacy,1_legacy_lenovo_s820_row_2013:10:17,train
C:\Users\bhave\OneDrive\Desktop\Sem7\ComputerVision\Project\part2\dataset\dataset\twenty\426.jpg,1,20_rupees,legacy,1_legacy_samsung_gt-s6802_2013:05:10,train
C:\Users\bhave\OneDrive\Desktop\Sem7\ComputerVision\Project\part2\dataset\dataset\twenty\427.jpg,1,20_rupees,legacy,1_legacy_lenovo_s820_row_2013:10:17,train
C:\Users\bhave\OneDrive\Desktop\Sem7\ComputerVision\Project\part2\dataset\dataset\twenty\428.jpg,1,20_rupees,legacy,1_legacy_lenovo_s820_row_2013:10:17,train
C:\Users\bhave\OneDrive\Desktop\Sem7\ComputerVision\Project\part2\dataset\dataset\twenty\429.jpg,1,20_rupees,legacy,1_legacy_lenovo_s820_row_2013:10:17,train
C:\Users\bhave\OneDrive\Desktop\Sem7\ComputerVision\Project\part2\dataset\dataset\twenty\43.jpg,1,20_rupees,legacy,1_legacy_nokia_x6-00_unknown,train
C:\Users\bhave\OneDrive\Desktop\Sem7\ComputerVision\Project\part2\dataset\dataset\twenty\430.jpg,1,20_rupees,legacy,1_legacy_lenovo_s820_row_2013:09:11,train
C:\Users\bhave\OneDrive\Desktop\Sem7\ComputerVision\Project\part2\dataset\dataset\twenty\431.jpg,1,20_rupees,legacy,1_legacy_lenovo_s820_row_2013:09:11,train
C:\Users\bhave\OneDrive\Desktop\Sem7\ComputerVision\Project\part2\dataset\dataset\twenty\432.jpg,1,20_rupees,legacy,1_legacy_lenovo_s820_row_2013:09:11,train
C:\Users\bhave\OneDrive\Desktop\Sem7\ComputerVision\Project\part2\dataset\dataset\twenty\433.jpg,1,20_rupees,legacy,1_legacy_lenovo_s820_row_2013:09:11,train
C:\Users\bhave\OneDrive\Desktop\Sem7\ComputerVision\Project\part2\dataset\dataset\twenty\434.jpg,1,20_rupees,legacy,1_legacy_lenovo_s820_row_2013:09:11,train
C:\Users\bhave\OneDrive\Desktop\Sem7\ComputerVision\Project\part2\dataset\dataset\twenty\435.jpg,1,20_rupees,legacy,1_legacy_lenovo_s820_row_2013:09:11,train
C:\Users\bhave\OneDrive\Desktop\Sem7\ComputerVision\Project\part2\dataset\dataset\twenty\436.jpg,1,20_rupees,legacy,1_legacy_lenovo_s820_row_2013:09:11,train
C:\Users\bhave\OneDrive\Desktop\Sem7\ComputerVision\Project\part2\dataset\dataset\twenty\437.jpg,1,20_rupees,legacy,1_legacy_samsung_gt-s6802_2013:05:10,train
C:\Users\bhave\OneDrive\Desktop\Sem7\ComputerVision\Project\part2\dataset\dataset\twenty\44.jpg,1,20_rupees,legacy,1_legacy_nokia_x6-00_unknown,train
C:\Users\bhave\OneDrive\Desktop\Sem7\ComputerVision\Project\part2\dataset\dataset\twenty\45.jpg,1,20_rupees,legacy,1_legacy_nokia_x6-00_unknown,train
C:\Users\bhave\OneDrive\Desktop\Sem7\ComputerVision\Project\part2\dataset\dataset\twenty\46.jpg,1,20_rupees,legacy,1_legacy_nokia_x6-00_unknown,train
C:\Users\bhave\OneDrive\Desktop\Sem7\ComputerVision\Project\part2\dataset\dataset\twenty\47.jpg,1,20_rupees,legacy,1_legacy_nokia_x6-00_unknown,train
C:\Users\bhave\OneDrive\Desktop\Sem7\ComputerVision\Project\part2\dataset\dataset\twenty\48.jpg,1,20_rupees,legacy,1_legacy_nokia_x6-00_unknown,train
C:\Users\bhave\OneDrive\Desktop\Sem7\ComputerVision\Project\part2\dataset\dataset\twenty\49.jpg,1,20_rupees,legacy,1_legacy_nokia_x6-00_unknown,train
C:\Users\bhave\OneDrive\Desktop\Sem7\ComputerVision\Project\part2\dataset\dataset\twenty\5.jpg,1,20_rupees,legacy,1_legacy_nokia_x6-00_unknown,train
C:\Users\bhave\OneDrive\Desktop\Sem7\ComputerVision\Project\part2\dataset\dataset\twenty\50.jpg,1,20_rupees,legacy,1_legacy_nokia_x6-00_unknown,train
C:\Users\bhave\OneDrive\Desktop\Sem7\ComputerVision\Project\part2\dataset\dataset\twenty\51.jpg,1,20_rupees,legacy,1_legacy_nokia_x6-00_unknown,train
C:\Users\bhave\OneDrive\Desktop\Sem7\ComputerVision\Project\part2\dataset\dataset\twenty\52.jpg,1,20_rupees,legacy,1_legacy_nokia_x6-00_unknown,train
C:\Users\bhave\OneDrive\Desktop\Sem7\ComputerVision\Project\part2\dataset\dataset\twenty\53.jpg,1,20_rupees,legacy,1_legacy_nokia_x6-00_unknown,train
C:\Users\bhave\OneDrive\Desktop\Sem7\ComputerVision\Project\part2\dataset\dataset\twenty\54.jpg,1,20_rupees,legacy,1_legacy_nokia_x6-00_unknown,train
C:\Users\bhave\OneDrive\Desktop\Sem7\ComputerVision\Project\part2\dataset\dataset\twenty\55.jpg,1,20_rupees,legacy,1_legacy_nokia_x6-00_unknown,train
C:\Users\bhave\OneDrive\Desktop\Sem7\ComputerVision\Project\part2\dataset\dataset\twenty\56.jpg,1,20_rupees,legacy,1_legacy_nokia_x6-00_unknown,train
C:\Users\bhave\OneDrive\Desktop\Sem7\ComputerVision\Project\part2\dataset\dataset\twenty\57.jpg,1,20_rupees,legacy,1_legacy_nokia_x6-00_unknown,train
C:\Users\bhave\OneDrive\Desktop\Sem7\ComputerVision\Project\part2\dataset\dataset\twenty\58.jpg,1,20_rupees,legacy,1_legacy_lenovo_s820_row_2013:09:11,train
C:\Users\bhave\OneDrive\Desktop\Sem7\ComputerVision\Project\part2\dataset\dataset\twenty\59.jpg,1,20_rupees,legacy,1_legacy_lenovo_s820_row_2013:09:11,train
C:\Users\bhave\OneDrive\Desktop\Sem7\ComputerVision\Project\part2\dataset\dataset\twenty\6.jpg,1,20_rupees,legacy,1_legacy_nokia_x6-00_unknown,train
C:\Users\bhave\OneDrive\Desktop\Sem7\ComputerVision\Project\part2\dataset\dataset\twenty\60.jpg,1,20_rupees,legacy,1_legacy_lenovo_s820_row_2013:09:11,train
C:\Users\bhave\OneDrive\Desktop\Sem7\ComputerVision\Project\part2\dataset\dataset\twenty\61.jpg,1,20_rupees,legacy,1_legacy_lenovo_s820_row_2013:09:11,train
C:\Users\bhave\OneDrive\Desktop\Sem7\ComputerVision\Project\part2\dataset\dataset\twenty\62.jpg,1,20_rupees,legacy,1_legacy_lenovo_s820_row_2013:09:11,train
C:\Users\bhave\OneDrive\Desktop\Sem7\ComputerVision\Project\part2\dataset\dataset\twenty\63.jpg,1,20_rupees,legacy,1_legacy_lenovo_s820_row_2013:09:11,train
C:\Users\bhave\OneDrive\Desktop\Sem7\ComputerVision\Project\part2\dataset\dataset\twenty\64.jpg,1,20_rupees,legacy,1_legacy_lenovo_s820_row_2013:09:11,train
C:\Users\bhave\OneDrive\Desktop\Sem7\ComputerVision\Project\part2\dataset\dataset\twenty\65.jpg,1,20_rupees,legacy,1_legacy_lenovo_s820_row_2013:09:11,train
C:\Users\bhave\OneDrive\Desktop\Sem7\ComputerVision\Project\part2\dataset\dataset\twenty\66.jpg,1,20_rupees,legacy,1_legacy_lenovo_s820_row_2013:09:11,train
C:\Users\bhave\OneDrive\Desktop\Sem7\ComputerVision\Project\part2\dataset\dataset\twenty\67.jpg,1,20_rupees,legacy,1_legacy_lenovo_s820_row_2013:09:11,train
C:\Users\bhave\OneDrive\Desktop\Sem7\ComputerVision\Project\part2\dataset\dataset\twenty\68.jpg,1,20_rupees,legacy,1_legacy_samsung_gt-s6802_2013:05:10,train
C:\Users\bhave\OneDrive\Desktop\Sem7\ComputerVision\Project\part2\dataset\dataset\twenty\69.jpg,1,20_rupees,legacy,1_legacy_lenovo_s820_row_2013:09:11,train
C:\Users\bhave\OneDrive\Desktop\Sem7\ComputerVision\Project\part2\dataset\dataset\twenty\7.jpg,1,20_rupees,legacy,1_legacy_nokia_x6-00_unknown,train
C:\Users\bhave\OneDrive\Desktop\Sem7\ComputerVision\Project\part2\dataset\dataset\twenty\70.jpg,1,20_rupees,legacy,1_legacy_lenovo_s820_row_2013:09:11,train
C:\Users\bhave\OneDrive\Desktop\Sem7\ComputerVision\Project\part2\dataset\dataset\twenty\71.jpg,1,20_rupees,legacy,1_legacy_lenovo_s820_row_2013:09:11,train
C:\Users\bhave\OneDrive\Desktop\Sem7\ComputerVision\Project\part2\dataset\dataset\twenty\72.jpg,1,20_rupees,legacy,1_legacy_lenovo_s820_row_2013:09:11,train
C:\Users\bhave\OneDrive\Desktop\Sem7\ComputerVision\Project\part2\dataset\dataset\twenty\73.jpg,1,20_rupees,legacy,1_legacy_lenovo_s820_row_2013:09:11,train
C:\Users\bhave\OneDrive\Desktop\Sem7\ComputerVision\Project\part2\dataset\dataset\twenty\74.jpg,1,20_rupees,legacy,1_legacy_lenovo_s820_row_2013:09:11,train
C:\Users\bhave\OneDrive\Desktop\Sem7\ComputerVision\Project\part2\dataset\dataset\twenty\75.jpg,1,20_rupees,legacy,1_legacy_lenovo_s820_row_2013:09:11,train
C:\Users\bhave\OneDrive\Desktop\Sem7\ComputerVision\Project\part2\dataset\dataset\twenty\76.jpg,1,20_rupees,legacy,1_legacy_lenovo_s820_row_2013:09:11,train
C:\Users\bhave\OneDrive\Desktop\Sem7\ComputerVision\Project\part2\dataset\dataset\twenty\77.jpg,1,20_rupees,legacy,1_legacy_lenovo_s820_row_2013:09:11,train
C:\Users\bhave\OneDrive\Desktop\Sem7\ComputerVision\Project\part2\dataset\dataset\twenty\78.jpg,1,20_rupees,legacy,1_legacy_lenovo_s820_row_2013:09:11,train
C:\Users\bhave\OneDrive\Desktop\Sem7\ComputerVision\Project\part2\dataset\dataset\twenty\79.jpg,1,20_rupees,legacy,1_legacy_samsung_gt-s6802_2013:05:10,train
C:\Users\bhave\OneDrive\Desktop\Sem7\ComputerVision\Project\part2\dataset\dataset\twenty\8.jpg,1,20_rupees,legacy,1_legacy_nokia_x6-00_unknown,train
C:\Users\bhave\OneDrive\Desktop\Sem7\ComputerVision\Project\part2\dataset\dataset\twenty\80.jpg,1,20_rupees,legacy,1_legacy_lenovo_s820_row_2013:09:11,train
C:\Users\bhave\OneDrive\Desktop\Sem7\ComputerVision\Project\part2\dataset\dataset\twenty\81.jpg,1,20_rupees,legacy,1_legacy_lenovo_s820_row_2013:09:11,train
C:\Users\bhave\OneDrive\Desktop\Sem7\ComputerVision\Project\part2\dataset\dataset\twenty\82.jpg,1,20_rupees,legacy,1_legacy_lenovo_s820_row_2013:09:11,train
C:\Users\bhave\OneDrive\Desktop\Sem7\ComputerVision\Project\part2\dataset\dataset\twenty\83.jpg,1,20_rupees,legacy,1_legacy_lenovo_s820_row_2013:09:11,train
C:\Users\bhave\OneDrive\Desktop\Sem7\ComputerVision\Project\part2\dataset\dataset\twenty\84.jpg,1,20_rupees,legacy,1_legacy_lenovo_s820_row_2013:09:11,train
C:\Users\bhave\OneDrive\Desktop\Sem7\ComputerVision\Project\part2\dataset\dataset\twenty\85.jpg,1,20_rupees,legacy,1_legacy_lenovo_s820_row_2013:09:11,train
C:\Users\bhave\OneDrive\Desktop\Sem7\ComputerVision\Project\part2\dataset\dataset\twenty\86.jpg,1,20_rupees,legacy,1_legacy_lenovo_s820_row_2013:09:11,train
C:\Users\bhave\OneDrive\Desktop\Sem7\ComputerVision\Project\part2\dataset\dataset\twenty\87.jpg,1,20_rupees,legacy,1_legacy_lenovo_s820_row_2013:09:11,train
C:\Users\bhave\OneDrive\Desktop\Sem7\ComputerVision\Project\part2\dataset\dataset\twenty\88.jpg,1,20_rupees,legacy,1_legacy_htc_htc_wildfire_2013:05:30,train
C:\Users\bhave\OneDrive\Desktop\Sem7\ComputerVision\Project\part2\dataset\dataset\twenty\89.jpg,1,20_rupees,legacy,1_legacy_htc_htc_wildfire_2013:05:30,train
C:\Users\bhave\OneDrive\Desktop\Sem7\ComputerVision\Project\part2\dataset\dataset\twenty\9.jpg,1,20_rupees,legacy,1_legacy_nokia_x6-00_unknown,train
C:\Users\bhave\OneDrive\Desktop\Sem7\ComputerVision\Project\part2\dataset\dataset\twenty\90.jpg,1,20_rupees,legacy,1_legacy_samsung_gt-s6802_2013:05:10,train
C:\Users\bhave\OneDrive\Desktop\Sem7\ComputerVision\Project\part2\dataset\dataset\twenty\91.jpg,1,20_rupees,legacy,1_legacy_htc_htc_wildfire_2013:05:30,train
C:\Users\bhave\OneDrive\Desktop\Sem7\ComputerVision\Project\part2\dataset\dataset\twenty\92.jpg,1,20_rupees,legacy,1_legacy_htc_htc_wildfire_2013:05:30,train
C:\Users\bhave\OneDrive\Desktop\Sem7\ComputerVision\Project\part2\dataset\dataset\twenty\93.jpg,1,20_rupees,legacy,1_legacy_htc_htc_wildfire_2013:05:30,train
C:\Users\bhave\OneDrive\Desktop\Sem7\ComputerVision\Project\part2\dataset\dataset\twenty\94.jpg,1,20_rupees,legacy,1_legacy_samsung_gt-s6802_2013:05:28,train
C:\Users\bhave\OneDrive\Desktop\Sem7\ComputerVision\Project\part2\dataset\dataset\twenty\95.jpg,1,20_rupees,legacy,1_legacy_samsung_gt-s6802_2013:05:28,train
C:\Users\bhave\OneDrive\Desktop\Sem7\ComputerVision\Project\part2\dataset\dataset\twenty\96.jpg,1,20_rupees,legacy,1_legacy_samsung_gt-s6802_2013:05:28,train
C:\Users\bhave\OneDrive\Desktop\Sem7\ComputerVision\Project\part2\dataset\dataset\twenty\97.jpg,1,20_rupees,legacy,1_legacy_samsung_gt-s6802_2013:05:28,train
C:\Users\bhave\OneDrive\Desktop\Sem7\ComputerVision\Project\part2\dataset\dataset\twenty\98.jpg,1,20_rupees,legacy,1_legacy_samsung_gt-s6802_2013:05:28,train
C:\Users\bhave\OneDrive\Desktop\Sem7\ComputerVision\Project\part2\dataset\dataset\twenty\99.jpg,1,20_rupees,legacy,1_legacy_samsung_gt-s6802_2013:05:28,train
C:\Users\bhave\OneDrive\Desktop\Sem7\ComputerVision\Project\part2\dataset\dataset\fifty\1.jpg,2,50_rupees,legacy,2_legacy_nokia_x6-00_unknown,train
C:\Users\bhave\OneDrive\Desktop\Sem7\ComputerVision\Project\part2\dataset\dataset\fifty\10.jpg,2,50_rupees,legacy,2_legacy_nokia_x6-00_unknown,train
C:\Users\bhave\OneDrive\Desktop\Sem7\ComputerVision\Project\part2\dataset\dataset\fifty\100.jpg,2,50_rupees,legacy,2_legacy_lenovo_s820_row_2013:10:06,train
C:\Users\bhave\OneDrive\Desktop\Sem7\ComputerVision\Project\part2\dataset\dataset\fifty\101.jpg,2,50_rupees,legacy,2_legacy_lenovo_s820_row_2013:10:06,train
C:\Users\bhave\OneDrive\Desktop\Sem7\ComputerVision\Project\part2\dataset\dataset\fifty\102.jpg,2,50_rupees,legacy,2_legacy_lenovo_s820_row_2013:10:06,train
C:\Users\bhave\OneDrive\Desktop\Sem7\ComputerVision\Project\part2\dataset\dataset\fifty\103.jpg,2,50_rupees,legacy,2_legacy_lenovo_s820_row_2013:10:06,train
C:\Users\bhave\OneDrive\Desktop\Sem7\ComputerVision\Project\part2\dataset\dataset\fifty\104.jpg,2,50_rupees,legacy,2_legacy_lenovo_s820_row_2013:10:06,train
C:\Users\bhave\OneDrive\Desktop\Sem7\ComputerVision\Project\part2\dataset\dataset\fifty\105.jpg,2,50_rupees,legacy,2_legacy_lenovo_s820_row_2013:10:06,train
C:\Users\bhave\OneDrive\Desktop\Sem7\ComputerVision\Project\part2\dataset\dataset\fifty\106.jpg,2,50_rupees,legacy,2_legacy_lenovo_s820_row_2013:10:06,train
C:\Users\bhave\OneDrive\Desktop\Sem7\ComputerVision\Project\part2\dataset\dataset\fifty\107.jpg,2,50_rupees,legacy,2_legacy_lenovo_s820_row_2013:10:06,train
C:\Users\bhave\OneDrive\Desktop\Sem7\ComputerVision\Project\part2\dataset\dataset\fifty\108.jpg,2,50_rupees,legacy,2_legacy_lenovo_s820_row_2013:10:06,train
C:\Users\bhave\OneDrive\Desktop\Sem7\ComputerVision\Project\part2\dataset\dataset\fifty\109.jpg,2,50_rupees,legacy,2_legacy_lenovo_s820_row_2013:10:06,train
C:\Users\bhave\OneDrive\Desktop\Sem7\ComputerVision\Project\part2\dataset\dataset\fifty\11.jpg,2,50_rupees,legacy,2_legacy_nokia_x6-00_unknown,train
C:\Users\bhave\OneDrive\Desktop\Sem7\ComputerVision\Project\part2\dataset\dataset\fifty\110.jpg,2,50_rupees,legacy,2_legacy_lenovo_s820_row_2013:10:06,train
C:\Users\bhave\OneDrive\Desktop\Sem7\ComputerVision\Project\part2\dataset\dataset\fifty\111.jpg,2,50_rupees,legacy,2_legacy_lenovo_s820_row_2013:10:06,train
C:\Users\bhave\OneDrive\Desktop\Sem7\ComputerVision\Project\part2\dataset\dataset\fifty\112.jpg,2,50_rupees,legacy,2_legacy_lenovo_s820_row_2013:10:06,train
C:\Users\bhave\OneDrive\Desktop\Sem7\ComputerVision\Project\part2\dataset\dataset\fifty\113.jpg,2,50_rupees,legacy,2_legacy_lenovo_s820_row_2013:10:06,train
C:\Users\bhave\OneDrive\Desktop\Sem7\ComputerVision\Project\part2\dataset\dataset\fifty\114.jpg,2,50_rupees,legacy,2_legacy_lenovo_s820_row_2013:10:06,train
C:\Users\bhave\OneDrive\Desktop\Sem7\ComputerVision\Project\part2\dataset\dataset\fifty\115.jpg,2,50_rupees,legacy,2_legacy_lenovo_s820_row_2013:10:06,train
C:\Users\bhave\OneDrive\Desktop\Sem7\ComputerVision\Project\part2\dataset\dataset\fifty\116.jpg,2,50_rupees,legacy,2_legacy_lenovo_s820_row_2013:10:06,train
C:\Users\bhave\OneDrive\Desktop\Sem7\ComputerVision\Project\part2\dataset\dataset\fifty\117.jpg,2,50_rupees,legacy,2_legacy_lenovo_s820_row_2013:10:06,train
C:\Users\bhave\OneDrive\Desktop\Sem7\ComputerVision\Project\part2\dataset\dataset\fifty\118.jpg,2,50_rupees,legacy,2_legacy_lenovo_s820_row_2013:10:06,train
C:\Users\bhave\OneDrive\Desktop\Sem7\ComputerVision\Project\part2\dataset\dataset\fifty\119.jpg,2,50_rupees,legacy,2_legacy_lenovo_s820_row_2013:10:06,train
C:\Users\bhave\OneDrive\Desktop\Sem7\ComputerVision\Project\part2\dataset\dataset\fifty\12.jpg,2,50_rupees,legacy,2_legacy_nokia_x6-00_unknown,train
C:\Users\bhave\OneDrive\Desktop\Sem7\ComputerVision\Project\part2\dataset\dataset\fifty\120.jpg,2,50_rupees,legacy,2_legacy_lenovo_s820_row_2013:10:06,train
C:\Users\bhave\OneDrive\Desktop\Sem7\ComputerVision\Project\part2\dataset\dataset\fifty\121.jpg,2,50_rupees,legacy,2_legacy_lenovo_s820_row_2013:10:06,train
C:\Users\bhave\OneDrive\Desktop\Sem7\ComputerVision\Project\part2\dataset\dataset\fifty\122.jpg,2,50_rupees,legacy,2_legacy_lenovo_s820_row_2013:10:06,train
C:\Users\bhave\OneDrive\Desktop\Sem7\ComputerVision\Project\part2\dataset\dataset\fifty\123.jpg,2,50_rupees,legacy,2_legacy_lenovo_s820_row_2013:10:06,train
C:\Users\bhave\OneDrive\Desktop\Sem7\ComputerVision\Project\part2\dataset\dataset\fifty\124.jpg,2,50_rupees,legacy,2_legacy_lenovo_s820_row_2013:10:06,train
C:\Users\bhave\OneDrive\Desktop\Sem7\ComputerVision\Project\part2\dataset\dataset\fifty\125.jpg,2,50_rupees,legacy,2_legacy_lenovo_s820_row_2013:10:06,train
C:\Users\bhave\OneDrive\Desktop\Sem7\ComputerVision\Project\part2\dataset\dataset\fifty\126.jpg,2,50_rupees,legacy,2_legacy_lenovo_s820_row_2013:10:06,train
C:\Users\bhave\OneDrive\Desktop\Sem7\ComputerVision\Project\part2\dataset\dataset\fifty\127.jpg,2,50_rupees,legacy,2_legacy_lenovo_s820_row_2013:10:06,train
C:\Users\bhave\OneDrive\Desktop\Sem7\ComputerVision\Project\part2\dataset\dataset\fifty\128.jpg,2,50_rupees,legacy,2_legacy_lenovo_s820_row_2013:10:06,train
C:\Users\bhave\OneDrive\Desktop\Sem7\ComputerVision\Project\part2\dataset\dataset\fifty\129.jpg,2,50_rupees,legacy,2_legacy_lenovo_s820_row_2013:10:06,train
C:\Users\bhave\OneDrive\Desktop\Sem7\ComputerVision\Project\part2\dataset\dataset\fifty\13.jpg,2,50_rupees,legacy,2_legacy_nokia_x6-00_unknown,train
C:\Users\bhave\OneDrive\Desktop\Sem7\ComputerVision\Project\part2\dataset\dataset\fifty\130.jpg,2,50_rupees,legacy,2_legacy_lenovo_s820_row_2013:10:06,train
C:\Users\bhave\OneDrive\Desktop\Sem7\ComputerVision\Project\part2\dataset\dataset\fifty\131.jpg,2,50_rupees,legacy,2_legacy_lenovo_s820_row_2013:10:06,train
C:\Users\bhave\OneDrive\Desktop\Sem7\ComputerVision\Project\part2\dataset\dataset\fifty\132.jpg,2,50_rupees,legacy,2_legacy_lenovo_s820_row_2013:10:14,train
C:\Users\bhave\OneDrive\Desktop\Sem7\ComputerVision\Project\part2\dataset\dataset\fifty\133.jpg,2,50_rupees,legacy,2_legacy_lenovo_s820_row_2013:10:14,train
C:\Users\bhave\OneDrive\Desktop\Sem7\ComputerVision\Project\part2\dataset\dataset\fifty\134.jpg,2,50_rupees,legacy,2_legacy_lenovo_s820_row_2013:10:14,train
C:\Users\bhave\OneDrive\Desktop\Sem7\ComputerVision\Project\part2\dataset\dataset\fifty\135.jpg,2,50_rupees,legacy,2_legacy_lenovo_s820_row_2013:10:14,train
C:\Users\bhave\OneDrive\Desktop\Sem7\ComputerVision\Project\part2\dataset\dataset\fifty\136.jpg,2,50_rupees,legacy,2_legacy_lenovo_s820_row_2013:10:14,train
C:\Users\bhave\OneDrive\Desktop\Sem7\ComputerVision\Project\part2\dataset\dataset\fifty\137.jpg,2,50_rupees,legacy,2_legacy_lenovo_s820_row_2013:10:14,train
C:\Users\bhave\OneDrive\Desktop\Sem7\ComputerVision\Project\part2\dataset\dataset\fifty\138.jpg,2,50_rupees,legacy,2_legacy_lenovo_s820_row_2013:10:14,train
C:\Users\bhave\OneDrive\Desktop\Sem7\ComputerVision\Project\part2\dataset\dataset\fifty\139.jpg,2,50_rupees,legacy,2_legacy_lenovo_s820_row_2013:10:14,train
C:\Users\bhave\OneDrive\Desktop\Sem7\ComputerVision\Project\part2\dataset\dataset\fifty\14.jpg,2,50_rupees,legacy,2_legacy_nokia_x6-00_unknown,train
C:\Users\bhave\OneDrive\Desktop\Sem7\ComputerVision\Project\part2\dataset\dataset\fifty\140.jpg,2,50_rupees,legacy,2_legacy_lenovo_s820_row_2013:10:14,train
C:\Users\bhave\OneDrive\Desktop\Sem7\ComputerVision\Project\part2\dataset\dataset\fifty\141.jpg,2,50_rupees,legacy,2_legacy_lenovo_s820_row_2013:10:14,train
C:\Users\bhave\OneDrive\Desktop\Sem7\ComputerVision\Project\part2\dataset\dataset\fifty\142.jpg,2,50_rupees,legacy,2_legacy_lenovo_s820_row_2013:10:14,train
C:\Users\bhave\OneDrive\Desktop\Sem7\ComputerVision\Project\part2\dataset\dataset\fifty\143.jpg,2,50_rupees,legacy,2_legacy_lenovo_s820_row_2013:10:14,train
C:\Users\bhave\OneDrive\Desktop\Sem7\ComputerVision\Project\part2\dataset\dataset\fifty\144.jpg,2,50_rupees,legacy,2_legacy_lenovo_s820_row_2013:10:14,train
C:\Users\bhave\OneDrive\Desktop\Sem7\ComputerVision\Project\part2\dataset\dataset\fifty\15.jpg,2,50_rupees,legacy,2_legacy_nokia_x6-00_unknown,train
C:\Users\bhave\OneDrive\Desktop\Sem7\ComputerVision\Project\part2\dataset\dataset\fifty\16.jpg,2,50_rupees,legacy,2_legacy_nokia_x6-00_unknown,train
C:\Users\bhave\OneDrive\Desktop\Sem7\ComputerVision\Project\part2\dataset\dataset\fifty\17.jpg,2,50_rupees,legacy,2_legacy_nokia_x6-00_unknown,train
C:\Users\bhave\OneDrive\Desktop\Sem7\ComputerVision\Project\part2\dataset\dataset\fifty\18.jpg,2,50_rupees,legacy,2_legacy_nokia_x6-00_unknown,train
C:\Users\bhave\OneDrive\Desktop\Sem7\ComputerVision\Project\part2\dataset\dataset\fifty\19.jpg,2,50_rupees,legacy,2_legacy_nokia_x6-00_unknown,train
C:\Users\bhave\OneDrive\Desktop\Sem7\ComputerVision\Project\part2\dataset\dataset\fifty\2.jpg,2,50_rupees,legacy,2_legacy_nokia_x6-00_unknown,train
C:\Users\bhave\OneDrive\Desktop\Sem7\ComputerVision\Project\part2\dataset\dataset\fifty\20.jpg,2,50_rupees,legacy,2_legacy_nokia_x6-00_unknown,train
C:\Users\bhave\OneDrive\Desktop\Sem7\ComputerVision\Project\part2\dataset\dataset\fifty\21.jpg,2,50_rupees,legacy,2_legacy_nokia_x6-00_unknown,train
C:\Users\bhave\OneDrive\Desktop\Sem7\ComputerVision\Project\part2\dataset\dataset\fifty\22.jpg,2,50_rupees,legacy,2_legacy_nokia_x6-00_unknown,train
C:\Users\bhave\OneDrive\Desktop\Sem7\ComputerVision\Project\part2\dataset\dataset\fifty\222.jpg,2,50_rupees,legacy,2_legacy_unknown_block_0022,train
C:\Users\bhave\OneDrive\Desktop\Sem7\ComputerVision\Project\part2\dataset\dataset\fifty\223.jpg,2,50_rupees,legacy,2_legacy_unknown_block_0022,train
C:\Users\bhave\OneDrive\Desktop\Sem7\ComputerVision\Project\part2\dataset\dataset\fifty\224.jpg,2,50_rupees,legacy,2_legacy_unknown_block_0022,train
C:\Users\bhave\OneDrive\Desktop\Sem7\ComputerVision\Project\part2\dataset\dataset\fifty\225.jpg,2,50_rupees,legacy,2_legacy_unknown_block_0022,train
C:\Users\bhave\OneDrive\Desktop\Sem7\ComputerVision\Project\part2\dataset\dataset\fifty\226.jpg,2,50_rupees,legacy,2_legacy_unknown_block_0022,train
C:\Users\bhave\OneDrive\Desktop\Sem7\ComputerVision\Project\part2\dataset\dataset\fifty\227.jpg,2,50_rupees,legacy,2_legacy_unknown_block_0022,train
C:\Users\bhave\OneDrive\Desktop\Sem7\ComputerVision\Project\part2\dataset\dataset\fifty\228.jpg,2,50_rupees,legacy,2_legacy_unknown_block_0022,train
C:\Users\bhave\OneDrive\Desktop\Sem7\ComputerVision\Project\part2\dataset\dataset\fifty\229.jpg,2,50_rupees,legacy,2_legacy_unknown_block_0022,train
C:\Users\bhave\OneDrive\Desktop\Sem7\ComputerVision\Project\part2\dataset\dataset\fifty\23.jpg,2,50_rupees,legacy,2_legacy_nokia_x6-00_unknown,train
C:\Users\bhave\OneDrive\Desktop\Sem7\ComputerVision\Project\part2\dataset\dataset\fifty\230.jpg,2,50_rupees,legacy,2_legacy_unknown_block_0022,train
C:\Users\bhave\OneDrive\Desktop\Sem7\ComputerVision\Project\part2\dataset\dataset\fifty\231.jpg,2,50_rupees,legacy,2_legacy_unknown_block_0023,train
C:\Users\bhave\OneDrive\Desktop\Sem7\ComputerVision\Project\part2\dataset\dataset\fifty\232.jpg,2,50_rupees,legacy,2_legacy_unknown_block_0023,train
C:\Users\bhave\OneDrive\Desktop\Sem7\ComputerVision\Project\part2\dataset\dataset\fifty\233.jpg,2,50_rupees,legacy,2_legacy_unknown_block_0023,train
C:\Users\bhave\OneDrive\Desktop\Sem7\ComputerVision\Project\part2\dataset\dataset\fifty\234.jpg,2,50_rupees,legacy,2_legacy_unknown_block_0023,train
C:\Users\bhave\OneDrive\Desktop\Sem7\ComputerVision\Project\part2\dataset\dataset\fifty\235.jpg,2,50_rupees,legacy,2_legacy_unknown_block_0023,train
C:\Users\bhave\OneDrive\Desktop\Sem7\ComputerVision\Project\part2\dataset\dataset\fifty\236.jpg,2,50_rupees,legacy,2_legacy_unknown_block_0023,train
C:\Users\bhave\OneDrive\Desktop\Sem7\ComputerVision\Project\part2\dataset\dataset\fifty\237.jpg,2,50_rupees,legacy,2_legacy_unknown_block_0023,train
C:\Users\bhave\OneDrive\Desktop\Sem7\ComputerVision\Project\part2\dataset\dataset\fifty\238.jpg,2,50_rupees,legacy,2_legacy_lenovo_s820_row_2013:09:09,train
C:\Users\bhave\OneDrive\Desktop\Sem7\ComputerVision\Project\part2\dataset\dataset\fifty\239.jpg,2,50_rupees,legacy,2_legacy_lenovo_s820_row_2013:09:09,train
C:\Users\bhave\OneDrive\Desktop\Sem7\ComputerVision\Project\part2\dataset\dataset\fifty\24.jpg,2,50_rupees,legacy,2_legacy_nokia_x6-00_unknown,train
C:\Users\bhave\OneDrive\Desktop\Sem7\ComputerVision\Project\part2\dataset\dataset\fifty\240.jpg,2,50_rupees,legacy,2_legacy_lenovo_s820_row_2013:09:09,train
C:\Users\bhave\OneDrive\Desktop\Sem7\ComputerVision\Project\part2\dataset\dataset\fifty\241.jpg,2,50_rupees,legacy,2_legacy_lenovo_s820_row_2013:09:09,train
C:\Users\bhave\OneDrive\Desktop\Sem7\ComputerVision\Project\part2\dataset\dataset\fifty\242.jpg,2,50_rupees,legacy,2_legacy_lenovo_s820_row_2013:09:09,train
C:\Users\bhave\OneDrive\Desktop\Sem7\ComputerVision\Project\part2\dataset\dataset\fifty\243.jpg,2,50_rupees,legacy,2_legacy_lenovo_s820_row_2013:09:09,train
C:\Users\bhave\OneDrive\Desktop\Sem7\ComputerVision\Project\part2\dataset\dataset\fifty\244.jpg,2,50_rupees,legacy,2_legacy_lenovo_s820_row_2013:09:09,train
C:\Users\bhave\OneDrive\Desktop\Sem7\ComputerVision\Project\part2\dataset\dataset\fifty\245.jpg,2,50_rupees,legacy,2_legacy_lenovo_s820_row_2013:09:09,train
C:\Users\bhave\OneDrive\Desktop\Sem7\ComputerVision\Project\part2\dataset\dataset\fifty\246.jpg,2,50_rupees,legacy,2_legacy_lenovo_s820_row_2013:09:09,train
C:\Users\bhave\OneDrive\Desktop\Sem7\ComputerVision\Project\part2\dataset\dataset\fifty\247.jpg,2,50_rupees,legacy,2_legacy_lenovo_s820_row_2013:09:09,train
C:\Users\bhave\OneDrive\Desktop\Sem7\ComputerVision\Project\part2\dataset\dataset\fifty\248.jpg,2,50_rupees,legacy,2_legacy_lenovo_s820_row_2013:09:09,train
C:\Users\bhave\OneDrive\Desktop\Sem7\ComputerVision\Project\part2\dataset\dataset\fifty\249.jpg,2,50_rupees,legacy,2_legacy_lenovo_s820_row_2013:09:09,train
C:\Users\bhave\OneDrive\Desktop\Sem7\ComputerVision\Project\part2\dataset\dataset\fifty\25.jpg,2,50_rupees,legacy,2_legacy_nokia_x6-00_unknown,train
C:\Users\bhave\OneDrive\Desktop\Sem7\ComputerVision\Project\part2\dataset\dataset\fifty\250.jpg,2,50_rupees,legacy,2_legacy_lenovo_s820_row_2013:09:09,train
C:\Users\bhave\OneDrive\Desktop\Sem7\ComputerVision\Project\part2\dataset\dataset\fifty\251.jpg,2,50_rupees,legacy,2_legacy_lenovo_s820_row_2013:09:09,train
C:\Users\bhave\OneDrive\Desktop\Sem7\ComputerVision\Project\part2\dataset\dataset\fifty\252.jpg,2,50_rupees,legacy,2_legacy_lenovo_s820_row_2013:09:09,train
C:\Users\bhave\OneDrive\Desktop\Sem7\ComputerVision\Project\part2\dataset\dataset\fifty\253.jpg,2,50_rupees,legacy,2_legacy_lenovo_s820_row_2013:09:09,train
C:\Users\bhave\OneDrive\Desktop\Sem7\ComputerVision\Project\part2\dataset\dataset\fifty\254.jpg,2,50_rupees,legacy,2_legacy_lenovo_s820_row_2013:09:09,train
C:\Users\bhave\OneDrive\Desktop\Sem7\ComputerVision\Project\part2\dataset\dataset\fifty\255.jpg,2,50_rupees,legacy,2_legacy_lenovo_s820_row_2013:09:09,train
C:\Users\bhave\OneDrive\Desktop\Sem7\ComputerVision\Project\part2\dataset\dataset\fifty\256.jpg,2,50_rupees,legacy,2_legacy_lenovo_s820_row_2013:09:09,train
C:\Users\bhave\OneDrive\Desktop\Sem7\ComputerVision\Project\part2\dataset\dataset\fifty\257.jpg,2,50_rupees,legacy,2_legacy_lenovo_s820_row_2013:09:09,train
C:\Users\bhave\OneDrive\Desktop\Sem7\ComputerVision\Project\part2\dataset\dataset\fifty\258.jpg,2,50_rupees,legacy,2_legacy_lenovo_s820_row_2013:09:10,train
C:\Users\bhave\OneDrive\Desktop\Sem7\ComputerVision\Project\part2\dataset\dataset\fifty\259.jpg,2,50_rupees,legacy,2_legacy_lenovo_s820_row_2013:09:10,train
C:\Users\bhave\OneDrive\Desktop\Sem7\ComputerVision\Project\part2\dataset\dataset\fifty\26.jpg,2,50_rupees,legacy,2_legacy_nokia_x6-00_unknown,train
C:\Users\bhave\OneDrive\Desktop\Sem7\ComputerVision\Project\part2\dataset\dataset\fifty\260.jpg,2,50_rupees,legacy,2_legacy_lenovo_s820_row_2013:09:10,train
C:\Users\bhave\OneDrive\Desktop\Sem7\ComputerVision\Project\part2\dataset\dataset\fifty\261.jpg,2,50_rupees,legacy,2_legacy_lenovo_s820_row_2013:09:10,train
C:\Users\bhave\OneDrive\Desktop\Sem7\ComputerVision\Project\part2\dataset\dataset\fifty\262.jpg,2,50_rupees,legacy,2_legacy_lenovo_s820_row_2013:09:10,train
C:\Users\bhave\OneDrive\Desktop\Sem7\ComputerVision\Project\part2\dataset\dataset\fifty\263.jpg,2,50_rupees,legacy,2_legacy_lenovo_s820_row_2013:09:10,train
C:\Users\bhave\OneDrive\Desktop\Sem7\ComputerVision\Project\part2\dataset\dataset\fifty\264.jpg,2,50_rupees,legacy,2_legacy_lenovo_s820_row_2013:09:10,train
C:\Users\bhave\OneDrive\Desktop\Sem7\ComputerVision\Project\part2\dataset\dataset\fifty\265.jpg,2,50_rupees,legacy,2_legacy_lenovo_s820_row_2013:09:10,train
C:\Users\bhave\OneDrive\Desktop\Sem7\ComputerVision\Project\part2\dataset\dataset\fifty\266.jpg,2,50_rupees,legacy,2_legacy_lenovo_s820_row_2013:09:10,train
C:\Users\bhave\OneDrive\Desktop\Sem7\ComputerVision\Project\part2\dataset\dataset\fifty\267.jpg,2,50_rupees,legacy,2_legacy_lenovo_s820_row_2013:09:10,train
C:\Users\bhave\OneDrive\Desktop\Sem7\ComputerVision\Project\part2\dataset\dataset\fifty\268.jpg,2,50_rupees,legacy,2_legacy_lenovo_s820_row_2013:09:10,train
C:\Users\bhave\OneDrive\Desktop\Sem7\ComputerVision\Project\part2\dataset\dataset\fifty\269.jpg,2,50_rupees,legacy,2_legacy_lenovo_s820_row_2013:09:10,train
C:\Users\bhave\OneDrive\Desktop\Sem7\ComputerVision\Project\part2\dataset\dataset\fifty\27.jpg,2,50_rupees,legacy,2_legacy_nokia_x6-00_unknown,train
C:\Users\bhave\OneDrive\Desktop\Sem7\ComputerVision\Project\part2\dataset\dataset\fifty\270.jpg,2,50_rupees,legacy,2_legacy_lenovo_s820_row_2013:09:10,train
C:\Users\bhave\OneDrive\Desktop\Sem7\ComputerVision\Project\part2\dataset\dataset\fifty\271.jpg,2,50_rupees,legacy,2_legacy_lenovo_s820_row_2013:09:10,train
C:\Users\bhave\OneDrive\Desktop\Sem7\ComputerVision\Project\part2\dataset\dataset\fifty\272.jpg,2,50_rupees,legacy,2_legacy_lenovo_s820_row_2013:09:10,train
C:\Users\bhave\OneDrive\Desktop\Sem7\ComputerVision\Project\part2\dataset\dataset\fifty\273.jpg,2,50_rupees,legacy,2_legacy_lenovo_s820_row_2013:09:10,train
C:\Users\bhave\OneDrive\Desktop\Sem7\ComputerVision\Project\part2\dataset\dataset\fifty\274.jpg,2,50_rupees,legacy,2_legacy_lenovo_s820_row_2013:09:10,train
C:\Users\bhave\OneDrive\Desktop\Sem7\ComputerVision\Project\part2\dataset\dataset\fifty\275.jpg,2,50_rupees,legacy,2_legacy_lenovo_s820_row_2013:09:10,train
C:\Users\bhave\OneDrive\Desktop\Sem7\ComputerVision\Project\part2\dataset\dataset\fifty\276.jpg,2,50_rupees,legacy,2_legacy_lenovo_s820_row_2013:09:10,train
C:\Users\bhave\OneDrive\Desktop\Sem7\ComputerVision\Project\part2\dataset\dataset\fifty\277.jpg,2,50_rupees,legacy,2_legacy_lenovo_s820_row_2013:09:10,train
C:\Users\bhave\OneDrive\Desktop\Sem7\ComputerVision\Project\part2\dataset\dataset\fifty\278.jpg,2,50_rupees,legacy,2_legacy_lenovo_s820_row_2013:09:10,train
C:\Users\bhave\OneDrive\Desktop\Sem7\ComputerVision\Project\part2\dataset\dataset\fifty\279.jpg,2,50_rupees,legacy,2_legacy_lenovo_s820_row_2013:09:10,train
C:\Users\bhave\OneDrive\Desktop\Sem7\ComputerVision\Project\part2\dataset\dataset\fifty\28.jpg,2,50_rupees,legacy,2_legacy_nokia_x6-00_unknown,train
C:\Users\bhave\OneDrive\Desktop\Sem7\ComputerVision\Project\part2\dataset\dataset\fifty\280.jpg,2,50_rupees,legacy,2_legacy_lenovo_s820_row_2013:09:10,train
C:\Users\bhave\OneDrive\Desktop\Sem7\ComputerVision\Project\part2\dataset\dataset\fifty\281.jpg,2,50_rupees,legacy,2_legacy_lenovo_s820_row_2013:09:10,train
C:\Users\bhave\OneDrive\Desktop\Sem7\ComputerVision\Project\part2\dataset\dataset\fifty\282.jpg,2,50_rupees,legacy,2_legacy_lenovo_s820_row_2013:09:10,train
C:\Users\bhave\OneDrive\Desktop\Sem7\ComputerVision\Project\part2\dataset\dataset\fifty\283.jpg,2,50_rupees,legacy,2_legacy_lenovo_s820_row_2013:09:10,train
C:\Users\bhave\OneDrive\Desktop\Sem7\ComputerVision\Project\part2\dataset\dataset\fifty\284.jpg,2,50_rupees,legacy,2_legacy_lenovo_s820_row_2013:09:10,train
C:\Users\bhave\OneDrive\Desktop\Sem7\ComputerVision\Project\part2\dataset\dataset\fifty\285.jpg,2,50_rupees,legacy,2_legacy_lenovo_s820_row_2013:09:10,train
C:\Users\bhave\OneDrive\Desktop\Sem7\ComputerVision\Project\part2\dataset\dataset\fifty\286.jpg,2,50_rupees,legacy,2_legacy_lenovo_s820_row_2013:09:10,train
C:\Users\bhave\OneDrive\Desktop\Sem7\ComputerVision\Project\part2\dataset\dataset\fifty\287.jpg,2,50_rupees,legacy,2_legacy_lenovo_s820_row_2013:09:10,train
C:\Users\bhave\OneDrive\Desktop\Sem7\ComputerVision\Project\part2\dataset\dataset\fifty\288.jpg,2,50_rupees,legacy,2_legacy_lenovo_s820_row_2013:09:10,train
C:\Users\bhave\OneDrive\Desktop\Sem7\ComputerVision\Project\part2\dataset\dataset\fifty\289.jpg,2,50_rupees,legacy,2_legacy_lenovo_s820_row_2013:09:10,train
C:\Users\bhave\OneDrive\Desktop\Sem7\ComputerVision\Project\part2\dataset\dataset\fifty\29.jpg,2,50_rupees,legacy,2_legacy_nokia_x6-00_unknown,train
C:\Users\bhave\OneDrive\Desktop\Sem7\ComputerVision\Project\part2\dataset\dataset\fifty\290.jpg,2,50_rupees,legacy,2_legacy_lenovo_s820_row_2013:09:10,train
C:\Users\bhave\OneDrive\Desktop\Sem7\ComputerVision\Project\part2\dataset\dataset\fifty\291.jpg,2,50_rupees,legacy,2_legacy_lenovo_s820_row_2013:09:10,train
C:\Users\bhave\OneDrive\Desktop\Sem7\ComputerVision\Project\part2\dataset\dataset\fifty\292.jpg,2,50_rupees,legacy,2_legacy_lenovo_s820_row_2013:09:10,train
C:\Users\bhave\OneDrive\Desktop\Sem7\ComputerVision\Project\part2\dataset\dataset\fifty\293.jpg,2,50_rupees,legacy,2_legacy_lenovo_s820_row_2013:09:10,train
C:\Users\bhave\OneDrive\Desktop\Sem7\ComputerVision\Project\part2\dataset\dataset\fifty\294.jpg,2,50_rupees,legacy,2_legacy_lenovo_s820_row_2013:09:10,train
C:\Users\bhave\OneDrive\Desktop\Sem7\ComputerVision\Project\part2\dataset\dataset\fifty\295.jpg,2,50_rupees,legacy,2_legacy_lenovo_s820_row_2013:09:10,train
C:\Users\bhave\OneDrive\Desktop\Sem7\ComputerVision\Project\part2\dataset\dataset\fifty\296.jpg,2,50_rupees,legacy,2_legacy_lenovo_s820_row_2013:09:10,train
C:\Users\bhave\OneDrive\Desktop\Sem7\ComputerVision\Project\part2\dataset\dataset\fifty\297.jpg,2,50_rupees,legacy,2_legacy_lenovo_s820_row_2013:09:10,train
C:\Users\bhave\OneDrive\Desktop\Sem7\ComputerVision\Project\part2\dataset\dataset\fifty\298.jpg,2,50_rupees,legacy,2_legacy_lenovo_s820_row_2013:09:10,train
C:\Users\bhave\OneDrive\Desktop\Sem7\ComputerVision\Project\part2\dataset\dataset\fifty\299.jpg,2,50_rupees,legacy,2_legacy_lenovo_s820_row_2013:09:10,train
C:\Users\bhave\OneDrive\Desktop\Sem7\ComputerVision\Project\part2\dataset\dataset\fifty\3.jpg,2,50_rupees,legacy,2_legacy_nokia_x6-00_unknown,train
C:\Users\bhave\OneDrive\Desktop\Sem7\ComputerVision\Project\part2\dataset\dataset\fifty\30.jpg,2,50_rupees,legacy,2_legacy_nokia_x6-00_unknown,train
C:\Users\bhave\OneDrive\Desktop\Sem7\ComputerVision\Project\part2\dataset\dataset\fifty\300.jpg,2,50_rupees,legacy,2_legacy_lenovo_s820_row_2013:09:10,train
C:\Users\bhave\OneDrive\Desktop\Sem7\ComputerVision\Project\part2\dataset\dataset\fifty\301.jpg,2,50_rupees,legacy,2_legacy_lenovo_s820_row_2013:09:10,train
C:\Users\bhave\OneDrive\Desktop\Sem7\ComputerVision\Project\part2\dataset\dataset\fifty\302.jpg,2,50_rupees,legacy,2_legacy_lenovo_s820_row_2013:09:10,train
C:\Users\bhave\OneDrive\Desktop\Sem7\ComputerVision\Project\part2\dataset\dataset\fifty\303.jpg,2,50_rupees,legacy,2_legacy_lenovo_s820_row_2013:09:10,train
C:\Users\bhave\OneDrive\Desktop\Sem7\ComputerVision\Project\part2\dataset\dataset\fifty\304.jpg,2,50_rupees,legacy,2_legacy_lenovo_s820_row_2013:09:10,train
C:\Users\bhave\OneDrive\Desktop\Sem7\ComputerVision\Project\part2\dataset\dataset\fifty\305.jpg,2,50_rupees,legacy,2_legacy_lenovo_s820_row_2013:09:10,train
C:\Users\bhave\OneDrive\Desktop\Sem7\ComputerVision\Project\part2\dataset\dataset\fifty\306.jpg,2,50_rupees,legacy,2_legacy_lenovo_s820_row_2013:09:10,train
C:\Users\bhave\OneDrive\Desktop\Sem7\ComputerVision\Project\part2\dataset\dataset\fifty\307.jpg,2,50_rupees,legacy,2_legacy_lenovo_s820_row_2013:09:10,train
C:\Users\bhave\OneDrive\Desktop\Sem7\ComputerVision\Project\part2\dataset\dataset\fifty\308.jpg,2,50_rupees,legacy,2_legacy_lenovo_s820_row_2013:09:10,train
C:\Users\bhave\OneDrive\Desktop\Sem7\ComputerVision\Project\part2\dataset\dataset\fifty\309.jpg,2,50_rupees,legacy,2_legacy_lenovo_s820_row_2013:09:10,train
C:\Users\bhave\OneDrive\Desktop\Sem7\ComputerVision\Project\part2\dataset\dataset\fifty\31.jpg,2,50_rupees,legacy,2_legacy_nokia_x6-00_unknown,train
C:\Users\bhave\OneDrive\Desktop\Sem7\ComputerVision\Project\part2\dataset\dataset\fifty\310.jpg,2,50_rupees,legacy,2_legacy_lenovo_s820_row_2013:09:10,train
C:\Users\bhave\OneDrive\Desktop\Sem7\ComputerVision\Project\part2\dataset\dataset\fifty\311.jpg,2,50_rupees,legacy,2_legacy_lenovo_s820_row_2013:09:10,train
C:\Users\bhave\OneDrive\Desktop\Sem7\ComputerVision\Project\part2\dataset\dataset\fifty\312.jpg,2,50_rupees,legacy,2_legacy_lenovo_s820_row_2013:09:10,train
C:\Users\bhave\OneDrive\Desktop\Sem7\ComputerVision\Project\part2\dataset\dataset\fifty\313.jpg,2,50_rupees,legacy,2_legacy_lenovo_s820_row_2013:09:10,train
C:\Users\bhave\OneDrive\Desktop\Sem7\ComputerVision\Project\part2\dataset\dataset\fifty\314.jpg,2,50_rupees,legacy,2_legacy_lenovo_s820_row_2013:09:10,train
C:\Users\bhave\OneDrive\Desktop\Sem7\ComputerVision\Project\part2\dataset\dataset\fifty\315.jpg,2,50_rupees,legacy,2_legacy_lenovo_s820_row_2013:09:10,train
C:\Users\bhave\OneDrive\Desktop\Sem7\ComputerVision\Project\part2\dataset\dataset\fifty\316.jpg,2,50_rupees,legacy,2_legacy_lenovo_s820_row_2013:09:10,train
C:\Users\bhave\OneDrive\Desktop\Sem7\ComputerVision\Project\part2\dataset\dataset\fifty\317.jpg,2,50_rupees,legacy,2_legacy_lenovo_s820_row_2013:09:10,train
C:\Users\bhave\OneDrive\Desktop\Sem7\ComputerVision\Project\part2\dataset\dataset\fifty\318.jpg,2,50_rupees,legacy,2_legacy_lenovo_s820_row_2013:09:10,train
C:\Users\bhave\OneDrive\Desktop\Sem7\ComputerVision\Project\part2\dataset\dataset\fifty\319.jpg,2,50_rupees,legacy,2_legacy_lenovo_s820_row_2013:09:10,train
C:\Users\bhave\OneDrive\Desktop\Sem7\ComputerVision\Project\part2\dataset\dataset\fifty\32.jpg,2,50_rupees,legacy,2_legacy_nokia_x6-00_unknown,train
C:\Users\bhave\OneDrive\Desktop\Sem7\ComputerVision\Project\part2\dataset\dataset\fifty\320.jpg,2,50_rupees,legacy,2_legacy_lenovo_s820_row_2013:09:10,train
C:\Users\bhave\OneDrive\Desktop\Sem7\ComputerVision\Project\part2\dataset\dataset\fifty\321.jpg,2,50_rupees,legacy,2_legacy_lenovo_s820_row_2013:09:10,train
C:\Users\bhave\OneDrive\Desktop\Sem7\ComputerVision\Project\part2\dataset\dataset\fifty\322.jpg,2,50_rupees,legacy,2_legacy_lenovo_s820_row_2013:09:10,train
C:\Users\bhave\OneDrive\Desktop\Sem7\ComputerVision\Project\part2\dataset\dataset\fifty\323.jpg,2,50_rupees,legacy,2_legacy_lenovo_s820_row_2013:09:10,train
C:\Users\bhave\OneDrive\Desktop\Sem7\ComputerVision\Project\part2\dataset\dataset\fifty\324.jpg,2,50_rupees,legacy,2_legacy_lenovo_s820_row_2013:09:10,train
C:\Users\bhave\OneDrive\Desktop\Sem7\ComputerVision\Project\part2\dataset\dataset\fifty\325.jpg,2,50_rupees,legacy,2_legacy_lenovo_s820_row_2013:09:10,train
C:\Users\bhave\OneDrive\Desktop\Sem7\ComputerVision\Project\part2\dataset\dataset\fifty\326.jpg,2,50_rupees,legacy,2_legacy_lenovo_s820_row_2013:09:10,train
C:\Users\bhave\OneDrive\Desktop\Sem7\ComputerVision\Project\part2\dataset\dataset\fifty\327.jpg,2,50_rupees,legacy,2_legacy_lenovo_s820_row_2013:09:10,train
C:\Users\bhave\OneDrive\Desktop\Sem7\ComputerVision\Project\part2\dataset\dataset\fifty\328.jpg,2,50_rupees,legacy,2_legacy_lenovo_s820_row_2013:09:10,train
C:\Users\bhave\OneDrive\Desktop\Sem7\ComputerVision\Project\part2\dataset\dataset\fifty\329.jpg,2,50_rupees,legacy,2_legacy_lenovo_s820_row_2013:09:10,train
C:\Users\bhave\OneDrive\Desktop\Sem7\ComputerVision\Project\part2\dataset\dataset\fifty\33.jpg,2,50_rupees,legacy,2_legacy_nokia_x6-00_unknown,train
C:\Users\bhave\OneDrive\Desktop\Sem7\ComputerVision\Project\part2\dataset\dataset\fifty\330.jpg,2,50_rupees,legacy,2_legacy_lenovo_s820_row_2013:09:10,train
C:\Users\bhave\OneDrive\Desktop\Sem7\ComputerVision\Project\part2\dataset\dataset\fifty\331.jpg,2,50_rupees,legacy,2_legacy_lenovo_s820_row_2013:09:10,train
C:\Users\bhave\OneDrive\Desktop\Sem7\ComputerVision\Project\part2\dataset\dataset\fifty\332.jpg,2,50_rupees,legacy,2_legacy_lenovo_s820_row_2013:09:10,train
C:\Users\bhave\OneDrive\Desktop\Sem7\ComputerVision\Project\part2\dataset\dataset\fifty\333.jpg,2,50_rupees,legacy,2_legacy_lenovo_s820_row_2013:09:10,train
C:\Users\bhave\OneDrive\Desktop\Sem7\ComputerVision\Project\part2\dataset\dataset\fifty\334.jpg,2,50_rupees,legacy,2_legacy_lenovo_s820_row_2013:09:10,train
C:\Users\bhave\OneDrive\Desktop\Sem7\ComputerVision\Project\part2\dataset\dataset\fifty\335.jpg,2,50_rupees,legacy,2_legacy_lenovo_s820_row_2013:09:10,train
C:\Users\bhave\OneDrive\Desktop\Sem7\ComputerVision\Project\part2\dataset\dataset\fifty\336.jpg,2,50_rupees,legacy,2_legacy_lenovo_s820_row_2013:09:10,train
C:\Users\bhave\OneDrive\Desktop\Sem7\ComputerVision\Project\part2\dataset\dataset\fifty\337.jpg,2,50_rupees,legacy,2_legacy_lenovo_s820_row_2013:09:10,train
C:\Users\bhave\OneDrive\Desktop\Sem7\ComputerVision\Project\part2\dataset\dataset\fifty\338.jpg,2,50_rupees,legacy,2_legacy_lenovo_s820_row_2013:09:10,train
C:\Users\bhave\OneDrive\Desktop\Sem7\ComputerVision\Project\part2\dataset\dataset\fifty\339.jpg,2,50_rupees,legacy,2_legacy_lenovo_s820_row_2013:09:10,train
C:\Users\bhave\OneDrive\Desktop\Sem7\ComputerVision\Project\part2\dataset\dataset\fifty\34.jpg,2,50_rupees,legacy,2_legacy_nokia_x6-00_unknown,train
C:\Users\bhave\OneDrive\Desktop\Sem7\ComputerVision\Project\part2\dataset\dataset\fifty\340.jpg,2,50_rupees,legacy,2_legacy_lenovo_s820_row_2013:09:10,train
C:\Users\bhave\OneDrive\Desktop\Sem7\ComputerVision\Project\part2\dataset\dataset\fifty\341.jpg,2,50_rupees,legacy,2_legacy_lenovo_s820_row_2013:09:10,train
C:\Users\bhave\OneDrive\Desktop\Sem7\ComputerVision\Project\part2\dataset\dataset\fifty\342.jpg,2,50_rupees,legacy,2_legacy_lenovo_s820_row_2013:09:10,train
C:\Users\bhave\OneDrive\Desktop\Sem7\ComputerVision\Project\part2\dataset\dataset\fifty\343.jpg,2,50_rupees,legacy,2_legacy_lenovo_s820_row_2013:09:10,train
C:\Users\bhave\OneDrive\Desktop\Sem7\ComputerVision\Project\part2\dataset\dataset\fifty\344.jpg,2,50_rupees,legacy,2_legacy_lenovo_s820_row_2013:09:10,train
C:\Users\bhave\OneDrive\Desktop\Sem7\ComputerVision\Project\part2\dataset\dataset\fifty\345.jpg,2,50_rupees,legacy,2_legacy_lenovo_s820_row_2013:09:10,train
C:\Users\bhave\OneDrive\Desktop\Sem7\ComputerVision\Project\part2\dataset\dataset\fifty\346.jpg,2,50_rupees,legacy,2_legacy_lenovo_s820_row_2013:09:10,train
C:\Users\bhave\OneDrive\Desktop\Sem7\ComputerVision\Project\part2\dataset\dataset\fifty\347.jpg,2,50_rupees,legacy,2_legacy_lenovo_s820_row_2013:09:10,train
C:\Users\bhave\OneDrive\Desktop\Sem7\ComputerVision\Project\part2\dataset\dataset\fifty\348.jpg,2,50_rupees,legacy,2_legacy_lenovo_s820_row_2013:09:10,train
C:\Users\bhave\OneDrive\Desktop\Sem7\ComputerVision\Project\part2\dataset\dataset\fifty\349.jpg,2,50_rupees,legacy,2_legacy_lenovo_s820_row_2013:09:10,train
C:\Users\bhave\OneDrive\Desktop\Sem7\ComputerVision\Project\part2\dataset\dataset\fifty\35.jpg,2,50_rupees,legacy,2_legacy_nokia_x6-00_unknown,train
C:\Users\bhave\OneDrive\Desktop\Sem7\ComputerVision\Project\part2\dataset\dataset\fifty\350.jpg,2,50_rupees,legacy,2_legacy_lenovo_s820_row_2013:09:10,train
C:\Users\bhave\OneDrive\Desktop\Sem7\ComputerVision\Project\part2\dataset\dataset\fifty\351.jpg,2,50_rupees,legacy,2_legacy_lenovo_s820_row_2013:09:10,train
C:\Users\bhave\OneDrive\Desktop\Sem7\ComputerVision\Project\part2\dataset\dataset\fifty\352.jpg,2,50_rupees,legacy,2_legacy_lenovo_s820_row_2013:09:10,train
C:\Users\bhave\OneDrive\Desktop\Sem7\ComputerVision\Project\part2\dataset\dataset\fifty\353.jpg,2,50_rupees,legacy,2_legacy_lenovo_s820_row_2013:09:10,train
C:\Users\bhave\OneDrive\Desktop\Sem7\ComputerVision\Project\part2\dataset\dataset\fifty\354.jpg,2,50_rupees,legacy,2_legacy_lenovo_s820_row_2013:09:10,train
C:\Users\bhave\OneDrive\Desktop\Sem7\ComputerVision\Project\part2\dataset\dataset\fifty\355.jpg,2,50_rupees,legacy,2_legacy_lenovo_s820_row_2013:09:10,train
C:\Users\bhave\OneDrive\Desktop\Sem7\ComputerVision\Project\part2\dataset\dataset\fifty\356.jpg,2,50_rupees,legacy,2_legacy_lenovo_s820_row_2013:09:10,train
C:\Users\bhave\OneDrive\Desktop\Sem7\ComputerVision\Project\part2\dataset\dataset\fifty\357.jpg,2,50_rupees,legacy,2_legacy_lenovo_s820_row_2013:09:10,train
C:\Users\bhave\OneDrive\Desktop\Sem7\ComputerVision\Project\part2\dataset\dataset\fifty\358.jpg,2,50_rupees,legacy,2_legacy_lenovo_s820_row_2013:09:10,train
C:\Users\bhave\OneDrive\Desktop\Sem7\ComputerVision\Project\part2\dataset\dataset\fifty\359.jpg,2,50_rupees,legacy,2_legacy_lenovo_s820_row_2013:09:10,train
C:\Users\bhave\OneDrive\Desktop\Sem7\ComputerVision\Project\part2\dataset\dataset\fifty\36.jpg,2,50_rupees,legacy,2_legacy_nokia_x6-00_unknown,train
C:\Users\bhave\OneDrive\Desktop\Sem7\ComputerVision\Project\part2\dataset\dataset\fifty\360.jpg,2,50_rupees,legacy,2_legacy_lenovo_s820_row_2013:09:10,train
C:\Users\bhave\OneDrive\Desktop\Sem7\ComputerVision\Project\part2\dataset\dataset\fifty\361.jpg,2,50_rupees,legacy,2_legacy_lenovo_s820_row_2013:09:10,train
C:\Users\bhave\OneDrive\Desktop\Sem7\ComputerVision\Project\part2\dataset\dataset\fifty\362.jpg,2,50_rupees,legacy,2_legacy_lenovo_s820_row_2013:09:10,train
C:\Users\bhave\OneDrive\Desktop\Sem7\ComputerVision\Project\part2\dataset\dataset\fifty\363.jpg,2,50_rupees,legacy,2_legacy_htc_htc_wildfire_unknown,train
C:\Users\bhave\OneDrive\Desktop\Sem7\ComputerVision\Project\part2\dataset\dataset\fifty\364.jpg,2,50_rupees,legacy,2_legacy_htc_htc_wildfire_unknown,train
C:\Users\bhave\OneDrive\Desktop\Sem7\ComputerVision\Project\part2\dataset\dataset\fifty\365.jpg,2,50_rupees,legacy,2_legacy_htc_htc_wildfire_unknown,train
C:\Users\bhave\OneDrive\Desktop\Sem7\ComputerVision\Project\part2\dataset\dataset\fifty\366.jpg,2,50_rupees,legacy,2_legacy_htc_htc_wildfire_unknown,train
C:\Users\bhave\OneDrive\Desktop\Sem7\ComputerVision\Project\part2\dataset\dataset\fifty\367.jpg,2,50_rupees,legacy,2_legacy_htc_htc_wildfire_unknown,train
C:\Users\bhave\OneDrive\Desktop\Sem7\ComputerVision\Project\part2\dataset\dataset\fifty\368.jpg,2,50_rupees,legacy,2_legacy_htc_htc_wildfire_unknown,train
C:\Users\bhave\OneDrive\Desktop\Sem7\ComputerVision\Project\part2\dataset\dataset\fifty\369.jpg,2,50_rupees,legacy,2_legacy_htc_htc_wildfire_unknown,train
C:\Users\bhave\OneDrive\Desktop\Sem7\ComputerVision\Project\part2\dataset\dataset\fifty\37.jpg,2,50_rupees,legacy,2_legacy_nokia_x6-00_unknown,train
C:\Users\bhave\OneDrive\Desktop\Sem7\ComputerVision\Project\part2\dataset\dataset\fifty\370.jpg,2,50_rupees,legacy,2_legacy_htc_htc_wildfire_unknown,train
C:\Users\bhave\OneDrive\Desktop\Sem7\ComputerVision\Project\part2\dataset\dataset\fifty\371.jpg,2,50_rupees,legacy,2_legacy_htc_htc_wildfire_unknown,train
C:\Users\bhave\OneDrive\Desktop\Sem7\ComputerVision\Project\part2\dataset\dataset\fifty\372.jpg,2,50_rupees,legacy,2_legacy_htc_htc_wildfire_unknown,train
C:\Users\bhave\OneDrive\Desktop\Sem7\ComputerVision\Project\part2\dataset\dataset\fifty\373.jpg,2,50_rupees,legacy,2_legacy_htc_htc_wildfire_unknown,train
C:\Users\bhave\OneDrive\Desktop\Sem7\ComputerVision\Project\part2\dataset\dataset\fifty\374.jpg,2,50_rupees,legacy,2_legacy_htc_htc_wildfire_unknown,train
C:\Users\bhave\OneDrive\Desktop\Sem7\ComputerVision\Project\part2\dataset\dataset\fifty\375.jpg,2,50_rupees,legacy,2_legacy_htc_htc_wildfire_unknown,train
C:\Users\bhave\OneDrive\Desktop\Sem7\ComputerVision\Project\part2\dataset\dataset\fifty\376.jpg,2,50_rupees,legacy,2_legacy_htc_htc_wildfire_unknown,train
C:\Users\bhave\OneDrive\Desktop\Sem7\ComputerVision\Project\part2\dataset\dataset\fifty\377.jpg,2,50_rupees,legacy,2_legacy_htc_htc_wildfire_unknown,train
C:\Users\bhave\OneDrive\Desktop\Sem7\ComputerVision\Project\part2\dataset\dataset\fifty\378.jpg,2,50_rupees,legacy,2_legacy_htc_htc_wildfire_unknown,train
C:\Users\bhave\OneDrive\Desktop\Sem7\ComputerVision\Project\part2\dataset\dataset\fifty\379.jpg,2,50_rupees,legacy,2_legacy_htc_htc_wildfire_unknown,train
C:\Users\bhave\OneDrive\Desktop\Sem7\ComputerVision\Project\part2\dataset\dataset\fifty\38.jpg,2,50_rupees,legacy,2_legacy_nokia_x6-00_unknown,train
C:\Users\bhave\OneDrive\Desktop\Sem7\ComputerVision\Project\part2\dataset\dataset\fifty\380.jpg,2,50_rupees,legacy,2_legacy_htc_htc_wildfire_unknown,train
C:\Users\bhave\OneDrive\Desktop\Sem7\ComputerVision\Project\part2\dataset\dataset\fifty\381.jpg,2,50_rupees,legacy,2_legacy_htc_htc_wildfire_unknown,train
C:\Users\bhave\OneDrive\Desktop\Sem7\ComputerVision\Project\part2\dataset\dataset\fifty\382.jpg,2,50_rupees,legacy,2_legacy_htc_htc_wildfire_unknown,train
C:\Users\bhave\OneDrive\Desktop\Sem7\ComputerVision\Project\part2\dataset\dataset\fifty\383.jpg,2,50_rupees,legacy,2_legacy_htc_htc_wildfire_unknown,train
C:\Users\bhave\OneDrive\Desktop\Sem7\ComputerVision\Project\part2\dataset\dataset\fifty\384.jpg,2,50_rupees,legacy,2_legacy_htc_htc_wildfire_unknown,train
C:\Users\bhave\OneDrive\Desktop\Sem7\ComputerVision\Project\part2\dataset\dataset\fifty\385.jpg,2,50_rupees,legacy,2_legacy_samsung_gt-s6802_2013:05:30,train
C:\Users\bhave\OneDrive\Desktop\Sem7\ComputerVision\Project\part2\dataset\dataset\fifty\386.jpg,2,50_rupees,legacy,2_legacy_samsung_gt-s6802_2013:05:30,train
C:\Users\bhave\OneDrive\Desktop\Sem7\ComputerVision\Project\part2\dataset\dataset\fifty\387.jpg,2,50_rupees,legacy,2_legacy_samsung_gt-s6802_2013:05:30,train
C:\Users\bhave\OneDrive\Desktop\Sem7\ComputerVision\Project\part2\dataset\dataset\fifty\388.jpg,2,50_rupees,legacy,2_legacy_samsung_gt-s6802_2013:05:30,train
C:\Users\bhave\OneDrive\Desktop\Sem7\ComputerVision\Project\part2\dataset\dataset\fifty\39.jpg,2,50_rupees,legacy,2_legacy_nokia_x6-00_unknown,train
C:\Users\bhave\OneDrive\Desktop\Sem7\ComputerVision\Project\part2\dataset\dataset\fifty\4.jpg,2,50_rupees,legacy,2_legacy_nokia_x6-00_unknown,train
C:\Users\bhave\OneDrive\Desktop\Sem7\ComputerVision\Project\part2\dataset\dataset\fifty\40.jpg,2,50_rupees,legacy,2_legacy_nokia_x6-00_unknown,train
C:\Users\bhave\OneDrive\Desktop\Sem7\ComputerVision\Project\part2\dataset\dataset\fifty\41.jpg,2,50_rupees,legacy,2_legacy_nokia_x6-00_unknown,train
C:\Users\bhave\OneDrive\Desktop\Sem7\ComputerVision\Project\part2\dataset\dataset\fifty\42.jpg,2,50_rupees,legacy,2_legacy_nokia_x6-00_unknown,train
C:\Users\bhave\OneDrive\Desktop\Sem7\ComputerVision\Project\part2\dataset\dataset\fifty\43.jpg,2,50_rupees,legacy,2_legacy_nokia_x6-00_unknown,train
C:\Users\bhave\OneDrive\Desktop\Sem7\ComputerVision\Project\part2\dataset\dataset\fifty\5.jpg,2,50_rupees,legacy,2_legacy_nokia_x6-00_unknown,train
C:\Users\bhave\OneDrive\Desktop\Sem7\ComputerVision\Project\part2\dataset\dataset\fifty\56.jpg,2,50_rupees,legacy,2_legacy_samsung_gt-s6802_2013:05:10,train
C:\Users\bhave\OneDrive\Desktop\Sem7\ComputerVision\Project\part2\dataset\dataset\fifty\57.jpg,2,50_rupees,legacy,2_legacy_samsung_gt-s6802_2013:05:10,train
C:\Users\bhave\OneDrive\Desktop\Sem7\ComputerVision\Project\part2\dataset\dataset\fifty\58.jpg,2,50_rupees,legacy,2_legacy_samsung_gt-s6802_2013:05:10,train
C:\Users\bhave\OneDrive\Desktop\Sem7\ComputerVision\Project\part2\dataset\dataset\fifty\59.jpg,2,50_rupees,legacy,2_legacy_samsung_gt-s6802_2013:05:10,train
C:\Users\bhave\OneDrive\Desktop\Sem7\ComputerVision\Project\part2\dataset\dataset\fifty\6.jpg,2,50_rupees,legacy,2_legacy_nokia_x6-00_unknown,train
C:\Users\bhave\OneDrive\Desktop\Sem7\ComputerVision\Project\part2\dataset\dataset\fifty\60.jpg,2,50_rupees,legacy,2_legacy_samsung_gt-s6802_2013:05:10,train
C:\Users\bhave\OneDrive\Desktop\Sem7\ComputerVision\Project\part2\dataset\dataset\fifty\61.jpg,2,50_rupees,legacy,2_legacy_samsung_gt-s6802_2013:05:10,train
C:\Users\bhave\OneDrive\Desktop\Sem7\ComputerVision\Project\part2\dataset\dataset\fifty\62.jpg,2,50_rupees,legacy,2_legacy_samsung_gt-s6802_2013:05:10,train
C:\Users\bhave\OneDrive\Desktop\Sem7\ComputerVision\Project\part2\dataset\dataset\fifty\63.jpg,2,50_rupees,legacy,2_legacy_samsung_gt-s6802_2013:05:10,train
C:\Users\bhave\OneDrive\Desktop\Sem7\ComputerVision\Project\part2\dataset\dataset\fifty\64.jpg,2,50_rupees,legacy,2_legacy_samsung_gt-s6802_2013:05:10,train
C:\Users\bhave\OneDrive\Desktop\Sem7\ComputerVision\Project\part2\dataset\dataset\fifty\65.jpg,2,50_rupees,legacy,2_legacy_samsung_gt-s6802_2013:05:10,train
C:\Users\bhave\OneDrive\Desktop\Sem7\ComputerVision\Project\part2\dataset\dataset\fifty\66.jpg,2,50_rupees,legacy,2_legacy_samsung_gt-s6802_2013:05:10,train
C:\Users\bhave\OneDrive\Desktop\Sem7\ComputerVision\Project\part2\dataset\dataset\fifty\67.jpg,2,50_rupees,legacy,2_legacy_samsung_gt-s6802_2013:05:10,train
C:\Users\bhave\OneDrive\Desktop\Sem7\ComputerVision\Project\part2\dataset\dataset\fifty\68.jpg,2,50_rupees,legacy,2_legacy_samsung_gt-s6802_2013:05:10,train
C:\Users\bhave\OneDrive\Desktop\Sem7\ComputerVision\Project\part2\dataset\dataset\fifty\69.jpg,2,50_rupees,legacy,2_legacy_samsung_gt-s6802_2013:05:10,train
C:\Users\bhave\OneDrive\Desktop\Sem7\ComputerVision\Project\part2\dataset\dataset\fifty\7.jpg,2,50_rupees,legacy,2_legacy_nokia_x6-00_unknown,train
C:\Users\bhave\OneDrive\Desktop\Sem7\ComputerVision\Project\part2\dataset\dataset\fifty\70.jpg,2,50_rupees,legacy,2_legacy_samsung_gt-s6802_2013:05:10,train
C:\Users\bhave\OneDrive\Desktop\Sem7\ComputerVision\Project\part2\dataset\dataset\fifty\71.jpg,2,50_rupees,legacy,2_legacy_samsung_gt-s6802_2013:05:10,train
C:\Users\bhave\OneDrive\Desktop\Sem7\ComputerVision\Project\part2\dataset\dataset\fifty\72.jpg,2,50_rupees,legacy,2_legacy_samsung_gt-s6802_2013:05:10,train
C:\Users\bhave\OneDrive\Desktop\Sem7\ComputerVision\Project\part2\dataset\dataset\fifty\73.jpg,2,50_rupees,legacy,2_legacy_samsung_gt-s6802_2013:05:10,train
C:\Users\bhave\OneDrive\Desktop\Sem7\ComputerVision\Project\part2\dataset\dataset\fifty\74.jpg,2,50_rupees,legacy,2_legacy_samsung_gt-s6802_2013:05:10,train
C:\Users\bhave\OneDrive\Desktop\Sem7\ComputerVision\Project\part2\dataset\dataset\fifty\75.jpg,2,50_rupees,legacy,2_legacy_samsung_gt-s6802_2013:05:10,train
C:\Users\bhave\OneDrive\Desktop\Sem7\ComputerVision\Project\part2\dataset\dataset\fifty\76.jpg,2,50_rupees,legacy,2_legacy_samsung_gt-s6802_2013:05:10,train
C:\Users\bhave\OneDrive\Desktop\Sem7\ComputerVision\Project\part2\dataset\dataset\fifty\77.jpg,2,50_rupees,legacy,2_legacy_samsung_gt-s6802_2013:05:10,train
C:\Users\bhave\OneDrive\Desktop\Sem7\ComputerVision\Project\part2\dataset\dataset\fifty\78.jpg,2,50_rupees,legacy,2_legacy_samsung_gt-s6802_2013:05:10,train
C:\Users\bhave\OneDrive\Desktop\Sem7\ComputerVision\Project\part2\dataset\dataset\fifty\79.jpg,2,50_rupees,legacy,2_legacy_samsung_gt-s6802_2013:05:10,train
C:\Users\bhave\OneDrive\Desktop\Sem7\ComputerVision\Project\part2\dataset\dataset\fifty\8.jpg,2,50_rupees,legacy,2_legacy_nokia_x6-00_unknown,train
C:\Users\bhave\OneDrive\Desktop\Sem7\ComputerVision\Project\part2\dataset\dataset\fifty\80.jpg,2,50_rupees,legacy,2_legacy_samsung_gt-s6802_2013:05:10,train
C:\Users\bhave\OneDrive\Desktop\Sem7\ComputerVision\Project\part2\dataset\dataset\fifty\81.jpg,2,50_rupees,legacy,2_legacy_samsung_gt-s6802_2013:05:10,train
C:\Users\bhave\OneDrive\Desktop\Sem7\ComputerVision\Project\part2\dataset\dataset\fifty\82.jpg,2,50_rupees,legacy,2_legacy_lenovo_s820_row_2013:10:06,train
C:\Users\bhave\OneDrive\Desktop\Sem7\ComputerVision\Project\part2\dataset\dataset\fifty\83.jpg,2,50_rupees,legacy,2_legacy_lenovo_s820_row_2013:10:06,train
C:\Users\bhave\OneDrive\Desktop\Sem7\ComputerVision\Project\part2\dataset\dataset\fifty\84.jpg,2,50_rupees,legacy,2_legacy_lenovo_s820_row_2013:10:06,train
C:\Users\bhave\OneDrive\Desktop\Sem7\ComputerVision\Project\part2\dataset\dataset\fifty\85.jpg,2,50_rupees,legacy,2_legacy_lenovo_s820_row_2013:10:06,train
C:\Users\bhave\OneDrive\Desktop\Sem7\ComputerVision\Project\part2\dataset\dataset\fifty\86.jpg,2,50_rupees,legacy,2_legacy_lenovo_s820_row_2013:10:06,train
C:\Users\bhave\OneDrive\Desktop\Sem7\ComputerVision\Project\part2\dataset\dataset\fifty\87.jpg,2,50_rupees,legacy,2_legacy_lenovo_s820_row_2013:10:06,train
C:\Users\bhave\OneDrive\Desktop\Sem7\ComputerVision\Project\part2\dataset\dataset\fifty\88.jpg,2,50_rupees,legacy,2_legacy_lenovo_s820_row_2013:10:06,train
C:\Users\bhave\OneDrive\Desktop\Sem7\ComputerVision\Project\part2\dataset\dataset\fifty\89.jpg,2,50_rupees,legacy,2_legacy_lenovo_s820_row_2013:10:06,train
C:\Users\bhave\OneDrive\Desktop\Sem7\ComputerVision\Project\part2\dataset\dataset\fifty\9.jpg,2,50_rupees,legacy,2_legacy_nokia_x6-00_unknown,train
C:\Users\bhave\OneDrive\Desktop\Sem7\ComputerVision\Project\part2\dataset\dataset\fifty\90.jpg,2,50_rupees,legacy,2_legacy_lenovo_s820_row_2013:10:06,train
C:\Users\bhave\OneDrive\Desktop\Sem7\ComputerVision\Project\part2\dataset\dataset\fifty\91.jpg,2,50_rupees,legacy,2_legacy_lenovo_s820_row_2013:10:06,train
C:\Users\bhave\OneDrive\Desktop\Sem7\ComputerVision\Project\part2\dataset\dataset\fifty\92.jpg,2,50_rupees,legacy,2_legacy_lenovo_s820_row_2013:10:06,train
C:\Users\bhave\OneDrive\Desktop\Sem7\ComputerVision\Project\part2\dataset\dataset\fifty\93.jpg,2,50_rupees,legacy,2_legacy_lenovo_s820_row_2013:10:06,train
C:\Users\bhave\OneDrive\Desktop\Sem7\ComputerVision\Project\part2\dataset\dataset\fifty\94.jpg,2,50_rupees,legacy,2_legacy_lenovo_s820_row_2013:10:06,train
C:\Users\bhave\OneDrive\Desktop\Sem7\ComputerVision\Project\part2\dataset\dataset\fifty\95.jpg,2,50_rupees,legacy,2_legacy_lenovo_s820_row_2013:10:06,train
C:\Users\bhave\OneDrive\Desktop\Sem7\ComputerVision\Project\part2\dataset\dataset\fifty\96.jpg,2,50_rupees,legacy,2_legacy_lenovo_s820_row_2013:10:06,train
C:\Users\bhave\OneDrive\Desktop\Sem7\ComputerVision\Project\part2\dataset\dataset\fifty\97.jpg,2,50_rupees,legacy,2_legacy_lenovo_s820_row_2013:10:06,train
C:\Users\bhave\OneDrive\Desktop\Sem7\ComputerVision\Project\part2\dataset\dataset\fifty\98.jpg,2,50_rupees,legacy,2_legacy_lenovo_s820_row_2013:10:06,train
C:\Users\bhave\OneDrive\Desktop\Sem7\ComputerVision\Project\part2\dataset\dataset\fifty\99.jpg,2,50_rupees,legacy,2_legacy_lenovo_s820_row_2013:10:06,train
C:\Users\bhave\OneDrive\Desktop\Sem7\ComputerVision\Project\part2\dataset\dataset\hundred\100.jpg,3,100_rupees,legacy,3_legacy_lenovo_s820_row_2013:10:06,train
C:\Users\bhave\OneDrive\Desktop\Sem7\ComputerVision\Project\part2\dataset\dataset\hundred\101.jpg,3,100_rupees,legacy,3_legacy_lenovo_s820_row_2013:10:06,train
C:\Users\bhave\OneDrive\Desktop\Sem7\ComputerVision\Project\part2\dataset\dataset\hundred\102.jpg,3,100_rupees,legacy,3_legacy_lenovo_s820_row_2013:10:06,train
C:\Users\bhave\OneDrive\Desktop\Sem7\ComputerVision\Project\part2\dataset\dataset\hundred\103.jpg,3,100_rupees,legacy,3_legacy_lenovo_s820_row_2013:10:06,train
C:\Users\bhave\OneDrive\Desktop\Sem7\ComputerVision\Project\part2\dataset\dataset\hundred\104.jpg,3,100_rupees,legacy,3_legacy_lenovo_s820_row_2013:10:06,train
C:\Users\bhave\OneDrive\Desktop\Sem7\ComputerVision\Project\part2\dataset\dataset\hundred\105.jpg,3,100_rupees,legacy,3_legacy_lenovo_s820_row_2013:10:06,train
C:\Users\bhave\OneDrive\Desktop\Sem7\ComputerVision\Project\part2\dataset\dataset\hundred\106.jpg,3,100_rupees,legacy,3_legacy_lenovo_s820_row_2013:10:06,train
C:\Users\bhave\OneDrive\Desktop\Sem7\ComputerVision\Project\part2\dataset\dataset\hundred\107.jpg,3,100_rupees,legacy,3_legacy_lenovo_s820_row_2013:10:06,train
C:\Users\bhave\OneDrive\Desktop\Sem7\ComputerVision\Project\part2\dataset\dataset\hundred\108.jpg,3,100_rupees,legacy,3_legacy_lenovo_s820_row_2013:10:06,train
C:\Users\bhave\OneDrive\Desktop\Sem7\ComputerVision\Project\part2\dataset\dataset\hundred\109.jpg,3,100_rupees,legacy,3_legacy_lenovo_s820_row_2013:10:06,train
C:\Users\bhave\OneDrive\Desktop\Sem7\ComputerVision\Project\part2\dataset\dataset\hundred\110.jpg,3,100_rupees,legacy,3_legacy_lenovo_s820_row_2013:10:06,train
C:\Users\bhave\OneDrive\Desktop\Sem7\ComputerVision\Project\part2\dataset\dataset\hundred\111.jpg,3,100_rupees,legacy,3_legacy_lenovo_s820_row_2013:10:06,train
C:\Users\bhave\OneDrive\Desktop\Sem7\ComputerVision\Project\part2\dataset\dataset\hundred\112.jpg,3,100_rupees,legacy,3_legacy_lenovo_s820_row_2013:10:06,train
C:\Users\bhave\OneDrive\Desktop\Sem7\ComputerVision\Project\part2\dataset\dataset\hundred\113.jpg,3,100_rupees,legacy,3_legacy_lenovo_s820_row_2013:10:06,train
C:\Users\bhave\OneDrive\Desktop\Sem7\ComputerVision\Project\part2\dataset\dataset\hundred\114.jpg,3,100_rupees,legacy,3_legacy_lenovo_s820_row_2013:10:06,train
C:\Users\bhave\OneDrive\Desktop\Sem7\ComputerVision\Project\part2\dataset\dataset\hundred\115.jpg,3,100_rupees,legacy,3_legacy_lenovo_s820_row_2013:10:06,train
C:\Users\bhave\OneDrive\Desktop\Sem7\ComputerVision\Project\part2\dataset\dataset\hundred\116.jpg,3,100_rupees,legacy,3_legacy_lenovo_s820_row_2013:10:06,train
C:\Users\bhave\OneDrive\Desktop\Sem7\ComputerVision\Project\part2\dataset\dataset\hundred\117.jpg,3,100_rupees,legacy,3_legacy_lenovo_s820_row_2013:10:06,train
C:\Users\bhave\OneDrive\Desktop\Sem7\ComputerVision\Project\part2\dataset\dataset\hundred\118.jpg,3,100_rupees,legacy,3_legacy_lenovo_s820_row_2013:10:06,train
C:\Users\bhave\OneDrive\Desktop\Sem7\ComputerVision\Project\part2\dataset\dataset\hundred\119.jpg,3,100_rupees,legacy,3_legacy_lenovo_s820_row_2013:10:06,train
C:\Users\bhave\OneDrive\Desktop\Sem7\ComputerVision\Project\part2\dataset\dataset\hundred\120.jpg,3,100_rupees,legacy,3_legacy_lenovo_s820_row_2013:10:06,train
C:\Users\bhave\OneDrive\Desktop\Sem7\ComputerVision\Project\part2\dataset\dataset\hundred\121.jpg,3,100_rupees,legacy,3_legacy_lenovo_s820_row_2013:10:06,train
C:\Users\bhave\OneDrive\Desktop\Sem7\ComputerVision\Project\part2\dataset\dataset\hundred\122.jpg,3,100_rupees,legacy,3_legacy_lenovo_s820_row_2013:10:06,train
C:\Users\bhave\OneDrive\Desktop\Sem7\ComputerVision\Project\part2\dataset\dataset\hundred\123.jpg,3,100_rupees,legacy,3_legacy_lenovo_s820_row_2013:10:06,train
C:\Users\bhave\OneDrive\Desktop\Sem7\ComputerVision\Project\part2\dataset\dataset\hundred\124.jpg,3,100_rupees,legacy,3_legacy_lenovo_s820_row_2013:10:06,train
C:\Users\bhave\OneDrive\Desktop\Sem7\ComputerVision\Project\part2\dataset\dataset\hundred\125.jpg,3,100_rupees,legacy,3_legacy_lenovo_s820_row_2013:10:06,train
C:\Users\bhave\OneDrive\Desktop\Sem7\ComputerVision\Project\part2\dataset\dataset\hundred\126.jpg,3,100_rupees,legacy,3_legacy_lenovo_s820_row_2013:10:06,train
C:\Users\bhave\OneDrive\Desktop\Sem7\ComputerVision\Project\part2\dataset\dataset\hundred\127.jpg,3,100_rupees,legacy,3_legacy_lenovo_s820_row_2013:10:06,train
C:\Users\bhave\OneDrive\Desktop\Sem7\ComputerVision\Project\part2\dataset\dataset\hundred\128.jpg,3,100_rupees,legacy,3_legacy_lenovo_s820_row_2013:10:06,train
C:\Users\bhave\OneDrive\Desktop\Sem7\ComputerVision\Project\part2\dataset\dataset\hundred\129.jpg,3,100_rupees,legacy,3_legacy_lenovo_s820_row_2013:10:06,train
C:\Users\bhave\OneDrive\Desktop\Sem7\ComputerVision\Project\part2\dataset\dataset\hundred\130.jpg,3,100_rupees,legacy,3_legacy_lenovo_s820_row_2013:10:14,train
C:\Users\bhave\OneDrive\Desktop\Sem7\ComputerVision\Project\part2\dataset\dataset\hundred\131.jpg,3,100_rupees,legacy,3_legacy_lenovo_s820_row_2013:10:14,train
C:\Users\bhave\OneDrive\Desktop\Sem7\ComputerVision\Project\part2\dataset\dataset\hundred\132.jpg,3,100_rupees,legacy,3_legacy_lenovo_s820_row_2013:10:14,train
C:\Users\bhave\OneDrive\Desktop\Sem7\ComputerVision\Project\part2\dataset\dataset\hundred\133.jpg,3,100_rupees,legacy,3_legacy_lenovo_s820_row_2013:10:14,train
C:\Users\bhave\OneDrive\Desktop\Sem7\ComputerVision\Project\part2\dataset\dataset\hundred\134.jpg,3,100_rupees,legacy,3_legacy_lenovo_s820_row_2013:10:14,train
C:\Users\bhave\OneDrive\Desktop\Sem7\ComputerVision\Project\part2\dataset\dataset\hundred\135.jpg,3,100_rupees,legacy,3_legacy_lenovo_s820_row_2013:10:14,train
C:\Users\bhave\OneDrive\Desktop\Sem7\ComputerVision\Project\part2\dataset\dataset\hundred\136.jpg,3,100_rupees,legacy,3_legacy_lenovo_s820_row_2013:10:14,train
C:\Users\bhave\OneDrive\Desktop\Sem7\ComputerVision\Project\part2\dataset\dataset\hundred\137.jpg,3,100_rupees,legacy,3_legacy_lenovo_s820_row_2013:10:14,train
C:\Users\bhave\OneDrive\Desktop\Sem7\ComputerVision\Project\part2\dataset\dataset\hundred\138.jpg,3,100_rupees,legacy,3_legacy_lenovo_s820_row_2013:10:14,train
C:\Users\bhave\OneDrive\Desktop\Sem7\ComputerVision\Project\part2\dataset\dataset\hundred\139.jpg,3,100_rupees,legacy,3_legacy_lenovo_s820_row_2013:10:14,train
C:\Users\bhave\OneDrive\Desktop\Sem7\ComputerVision\Project\part2\dataset\dataset\hundred\140.jpg,3,100_rupees,legacy,3_legacy_lenovo_s820_row_2013:10:14,train
C:\Users\bhave\OneDrive\Desktop\Sem7\ComputerVision\Project\part2\dataset\dataset\hundred\141.jpg,3,100_rupees,legacy,3_legacy_lenovo_s820_row_2013:10:14,train
C:\Users\bhave\OneDrive\Desktop\Sem7\ComputerVision\Project\part2\dataset\dataset\hundred\142.jpg,3,100_rupees,legacy,3_legacy_lenovo_s820_row_2013:10:14,train
C:\Users\bhave\OneDrive\Desktop\Sem7\ComputerVision\Project\part2\dataset\dataset\hundred\143.jpg,3,100_rupees,legacy,3_legacy_lenovo_s820_row_2013:10:15,train
C:\Users\bhave\OneDrive\Desktop\Sem7\ComputerVision\Project\part2\dataset\dataset\hundred\144.jpg,3,100_rupees,legacy,3_legacy_lenovo_s820_row_2013:10:15,train
C:\Users\bhave\OneDrive\Desktop\Sem7\ComputerVision\Project\part2\dataset\dataset\hundred\145.jpg,3,100_rupees,legacy,3_legacy_lenovo_s820_row_2013:10:15,train
C:\Users\bhave\OneDrive\Desktop\Sem7\ComputerVision\Project\part2\dataset\dataset\hundred\146.jpg,3,100_rupees,legacy,3_legacy_lenovo_s820_row_2013:10:15,train
C:\Users\bhave\OneDrive\Desktop\Sem7\ComputerVision\Project\part2\dataset\dataset\hundred\147.jpg,3,100_rupees,legacy,3_legacy_lenovo_s820_row_2013:10:15,train
C:\Users\bhave\OneDrive\Desktop\Sem7\ComputerVision\Project\part2\dataset\dataset\hundred\148.jpg,3,100_rupees,legacy,3_legacy_lenovo_s820_row_2013:10:15,train
C:\Users\bhave\OneDrive\Desktop\Sem7\ComputerVision\Project\part2\dataset\dataset\hundred\149.jpg,3,100_rupees,legacy,3_legacy_lenovo_s820_row_2013:10:15,train
C:\Users\bhave\OneDrive\Desktop\Sem7\ComputerVision\Project\part2\dataset\dataset\hundred\150.jpg,3,100_rupees,legacy,3_legacy_lenovo_s820_row_2013:10:15,train
C:\Users\bhave\OneDrive\Desktop\Sem7\ComputerVision\Project\part2\dataset\dataset\hundred\151.jpg,3,100_rupees,legacy,3_legacy_lenovo_s820_row_2013:10:15,train
C:\Users\bhave\OneDrive\Desktop\Sem7\ComputerVision\Project\part2\dataset\dataset\hundred\152.jpg,3,100_rupees,legacy,3_legacy_lenovo_s820_row_2013:10:15,train
C:\Users\bhave\OneDrive\Desktop\Sem7\ComputerVision\Project\part2\dataset\dataset\hundred\153.jpg,3,100_rupees,legacy,3_legacy_lenovo_s820_row_2013:10:15,train
C:\Users\bhave\OneDrive\Desktop\Sem7\ComputerVision\Project\part2\dataset\dataset\hundred\154.jpg,3,100_rupees,legacy,3_legacy_lenovo_s820_row_2013:10:15,train
C:\Users\bhave\OneDrive\Desktop\Sem7\ComputerVision\Project\part2\dataset\dataset\hundred\155.jpg,3,100_rupees,legacy,3_legacy_lenovo_s820_row_2013:10:15,train
C:\Users\bhave\OneDrive\Desktop\Sem7\ComputerVision\Project\part2\dataset\dataset\hundred\156.jpg,3,100_rupees,legacy,3_legacy_lenovo_s820_row_2013:10:15,train
C:\Users\bhave\OneDrive\Desktop\Sem7\ComputerVision\Project\part2\dataset\dataset\hundred\157.jpg,3,100_rupees,legacy,3_legacy_lenovo_s820_row_2013:10:15,train
C:\Users\bhave\OneDrive\Desktop\Sem7\ComputerVision\Project\part2\dataset\dataset\hundred\158.jpg,3,100_rupees,legacy,3_legacy_lenovo_s820_row_2013:10:15,train
C:\Users\bhave\OneDrive\Desktop\Sem7\ComputerVision\Project\part2\dataset\dataset\hundred\159.jpg,3,100_rupees,legacy,3_legacy_lenovo_s820_row_2013:10:15,train
C:\Users\bhave\OneDrive\Desktop\Sem7\ComputerVision\Project\part2\dataset\dataset\hundred\160.jpg,3,100_rupees,legacy,3_legacy_lenovo_s820_row_2013:10:15,train
C:\Users\bhave\OneDrive\Desktop\Sem7\ComputerVision\Project\part2\dataset\dataset\hundred\161.jpg,3,100_rupees,legacy,3_legacy_lenovo_s820_row_2013:10:15,train
C:\Users\bhave\OneDrive\Desktop\Sem7\ComputerVision\Project\part2\dataset\dataset\hundred\162.jpg,3,100_rupees,legacy,3_legacy_lenovo_s820_row_2013:10:15,train
C:\Users\bhave\OneDrive\Desktop\Sem7\ComputerVision\Project\part2\dataset\dataset\hundred\163.jpg,3,100_rupees,legacy,3_legacy_lenovo_s820_row_2013:10:15,train
C:\Users\bhave\OneDrive\Desktop\Sem7\ComputerVision\Project\part2\dataset\dataset\hundred\164.jpg,3,100_rupees,legacy,3_legacy_lenovo_s820_row_2013:10:15,train
C:\Users\bhave\OneDrive\Desktop\Sem7\ComputerVision\Project\part2\dataset\dataset\hundred\165.jpg,3,100_rupees,legacy,3_legacy_lenovo_s820_row_2013:10:15,train
C:\Users\bhave\OneDrive\Desktop\Sem7\ComputerVision\Project\part2\dataset\dataset\hundred\166.jpg,3,100_rupees,legacy,3_legacy_lenovo_s820_row_2013:10:15,train
C:\Users\bhave\OneDrive\Desktop\Sem7\ComputerVision\Project\part2\dataset\dataset\hundred\167.jpg,3,100_rupees,legacy,3_legacy_lenovo_s820_row_2013:10:15,train
C:\Users\bhave\OneDrive\Desktop\Sem7\ComputerVision\Project\part2\dataset\dataset\hundred\168.jpg,3,100_rupees,legacy,3_legacy_lenovo_s820_row_2013:10:15,train
C:\Users\bhave\OneDrive\Desktop\Sem7\ComputerVision\Project\part2\dataset\dataset\hundred\169.jpg,3,100_rupees,legacy,3_legacy_lenovo_s820_row_2013:10:15,train
C:\Users\bhave\OneDrive\Desktop\Sem7\ComputerVision\Project\part2\dataset\dataset\hundred\170.jpg,3,100_rupees,legacy,3_legacy_lenovo_s820_row_2013:10:15,train
C:\Users\bhave\OneDrive\Desktop\Sem7\ComputerVision\Project\part2\dataset\dataset\hundred\171.jpg,3,100_rupees,legacy,3_legacy_lenovo_s820_row_2013:10:15,train
C:\Users\bhave\OneDrive\Desktop\Sem7\ComputerVision\Project\part2\dataset\dataset\hundred\172.jpg,3,100_rupees,legacy,3_legacy_lenovo_s820_row_2013:10:15,train
C:\Users\bhave\OneDrive\Desktop\Sem7\ComputerVision\Project\part2\dataset\dataset\hundred\173.jpg,3,100_rupees,legacy,3_legacy_lenovo_s820_row_2013:10:15,train
C:\Users\bhave\OneDrive\Desktop\Sem7\ComputerVision\Project\part2\dataset\dataset\hundred\174.jpg,3,100_rupees,legacy,3_legacy_lenovo_s820_row_2013:10:15,train
C:\Users\bhave\OneDrive\Desktop\Sem7\ComputerVision\Project\part2\dataset\dataset\hundred\175.jpg,3,100_rupees,legacy,3_legacy_lenovo_s820_row_2013:10:15,train
C:\Users\bhave\OneDrive\Desktop\Sem7\ComputerVision\Project\part2\dataset\dataset\hundred\176.jpg,3,100_rupees,legacy,3_legacy_lenovo_s820_row_2013:10:15,train
C:\Users\bhave\OneDrive\Desktop\Sem7\ComputerVision\Project\part2\dataset\dataset\hundred\177.jpg,3,100_rupees,legacy,3_legacy_lenovo_s820_row_2013:10:15,train
C:\Users\bhave\OneDrive\Desktop\Sem7\ComputerVision\Project\part2\dataset\dataset\hundred\178.jpg,3,100_rupees,legacy,3_legacy_lenovo_s820_row_2013:10:15,train
C:\Users\bhave\OneDrive\Desktop\Sem7\ComputerVision\Project\part2\dataset\dataset\hundred\179.jpg,3,100_rupees,legacy,3_legacy_lenovo_s820_row_2013:10:15,train
C:\Users\bhave\OneDrive\Desktop\Sem7\ComputerVision\Project\part2\dataset\dataset\hundred\180.jpg,3,100_rupees,legacy,3_legacy_lenovo_s820_row_2013:10:15,train
C:\Users\bhave\OneDrive\Desktop\Sem7\ComputerVision\Project\part2\dataset\dataset\hundred\181.jpg,3,100_rupees,legacy,3_legacy_lenovo_s820_row_2013:10:15,train
C:\Users\bhave\OneDrive\Desktop\Sem7\ComputerVision\Project\part2\dataset\dataset\hundred\182.jpg,3,100_rupees,legacy,3_legacy_lenovo_s820_row_2013:10:15,train
C:\Users\bhave\OneDrive\Desktop\Sem7\ComputerVision\Project\part2\dataset\dataset\hundred\183.jpg,3,100_rupees,legacy,3_legacy_lenovo_s820_row_2013:10:15,train
C:\Users\bhave\OneDrive\Desktop\Sem7\ComputerVision\Project\part2\dataset\dataset\hundred\184.jpg,3,100_rupees,legacy,3_legacy_lenovo_s820_row_2013:10:15,train
C:\Users\bhave\OneDrive\Desktop\Sem7\ComputerVision\Project\part2\dataset\dataset\hundred\185.jpg,3,100_rupees,legacy,3_legacy_lenovo_s820_row_2013:10:15,train
C:\Users\bhave\OneDrive\Desktop\Sem7\ComputerVision\Project\part2\dataset\dataset\hundred\186.jpg,3,100_rupees,legacy,3_legacy_lenovo_s820_row_2013:10:15,train
C:\Users\bhave\OneDrive\Desktop\Sem7\ComputerVision\Project\part2\dataset\dataset\hundred\187.jpg,3,100_rupees,legacy,3_legacy_lenovo_s820_row_2013:10:15,train
C:\Users\bhave\OneDrive\Desktop\Sem7\ComputerVision\Project\part2\dataset\dataset\hundred\188.jpg,3,100_rupees,legacy,3_legacy_lenovo_s820_row_2013:10:15,train
C:\Users\bhave\OneDrive\Desktop\Sem7\ComputerVision\Project\part2\dataset\dataset\hundred\189.jpg,3,100_rupees,legacy,3_legacy_lenovo_s820_row_2013:10:15,train
C:\Users\bhave\OneDrive\Desktop\Sem7\ComputerVision\Project\part2\dataset\dataset\hundred\190.jpg,3,100_rupees,legacy,3_legacy_lenovo_s820_row_2013:10:15,train
C:\Users\bhave\OneDrive\Desktop\Sem7\ComputerVision\Project\part2\dataset\dataset\hundred\191.jpg,3,100_rupees,legacy,3_legacy_lenovo_s820_row_2013:10:15,train
C:\Users\bhave\OneDrive\Desktop\Sem7\ComputerVision\Project\part2\dataset\dataset\hundred\192.jpg,3,100_rupees,legacy,3_legacy_lenovo_s820_row_2013:10:15,train
C:\Users\bhave\OneDrive\Desktop\Sem7\ComputerVision\Project\part2\dataset\dataset\hundred\193.jpg,3,100_rupees,legacy,3_legacy_lenovo_s820_row_2013:10:15,train
C:\Users\bhave\OneDrive\Desktop\Sem7\ComputerVision\Project\part2\dataset\dataset\hundred\194.jpg,3,100_rupees,legacy,3_legacy_lenovo_s820_row_2013:10:15,train
C:\Users\bhave\OneDrive\Desktop\Sem7\ComputerVision\Project\part2\dataset\dataset\hundred\195.jpg,3,100_rupees,legacy,3_legacy_lenovo_s820_row_2013:10:15,train
C:\Users\bhave\OneDrive\Desktop\Sem7\ComputerVision\Project\part2\dataset\dataset\hundred\196.jpg,3,100_rupees,legacy,3_legacy_lenovo_s820_row_2013:10:15,train
C:\Users\bhave\OneDrive\Desktop\Sem7\ComputerVision\Project\part2\dataset\dataset\hundred\197.jpg,3,100_rupees,legacy,3_legacy_lenovo_s820_row_2013:10:15,train
C:\Users\bhave\OneDrive\Desktop\Sem7\ComputerVision\Project\part2\dataset\dataset\hundred\198.jpg,3,100_rupees,legacy,3_legacy_lenovo_s820_row_2013:10:15,train
C:\Users\bhave\OneDrive\Desktop\Sem7\ComputerVision\Project\part2\dataset\dataset\hundred\199.jpg,3,100_rupees,legacy,3_legacy_lenovo_s820_row_2013:10:15,train
C:\Users\bhave\OneDrive\Desktop\Sem7\ComputerVision\Project\part2\dataset\dataset\hundred\200.jpg,3,100_rupees,legacy,3_legacy_lenovo_s820_row_2013:10:15,train
C:\Users\bhave\OneDrive\Desktop\Sem7\ComputerVision\Project\part2\dataset\dataset\hundred\201.jpg,3,100_rupees,legacy,3_legacy_lenovo_s820_row_2013:10:15,train
C:\Users\bhave\OneDrive\Desktop\Sem7\ComputerVision\Project\part2\dataset\dataset\hundred\202.jpg,3,100_rupees,legacy,3_legacy_lenovo_s820_row_2013:10:15,train
C:\Users\bhave\OneDrive\Desktop\Sem7\ComputerVision\Project\part2\dataset\dataset\hundred\203.jpg,3,100_rupees,legacy,3_legacy_lenovo_s820_row_2013:10:15,train
C:\Users\bhave\OneDrive\Desktop\Sem7\ComputerVision\Project\part2\dataset\dataset\hundred\204.jpg,3,100_rupees,legacy,3_legacy_lenovo_s820_row_2013:10:15,train
C:\Users\bhave\OneDrive\Desktop\Sem7\ComputerVision\Project\part2\dataset\dataset\hundred\205.jpg,3,100_rupees,legacy,3_legacy_lenovo_s820_row_2013:10:15,train
C:\Users\bhave\OneDrive\Desktop\Sem7\ComputerVision\Project\part2\dataset\dataset\hundred\206.jpg,3,100_rupees,legacy,3_legacy_lenovo_s820_row_2013:10:15,train
C:\Users\bhave\OneDrive\Desktop\Sem7\ComputerVision\Project\part2\dataset\dataset\hundred\207.jpg,3,100_rupees,legacy,3_legacy_lenovo_s820_row_2013:10:15,train
C:\Users\bhave\OneDrive\Desktop\Sem7\ComputerVision\Project\part2\dataset\dataset\hundred\208.jpg,3,100_rupees,legacy,3_legacy_lenovo_s820_row_2013:10:15,train
C:\Users\bhave\OneDrive\Desktop\Sem7\ComputerVision\Project\part2\dataset\dataset\hundred\209.jpg,3,100_rupees,legacy,3_legacy_lenovo_s820_row_2013:10:15,train
C:\Users\bhave\OneDrive\Desktop\Sem7\ComputerVision\Project\part2\dataset\dataset\hundred\210.jpg,3,100_rupees,legacy,3_legacy_lenovo_s820_row_2013:10:15,train
C:\Users\bhave\OneDrive\Desktop\Sem7\ComputerVision\Project\part2\dataset\dataset\hundred\211.jpg,3,100_rupees,legacy,3_legacy_lenovo_s820_row_2013:10:15,train
C:\Users\bhave\OneDrive\Desktop\Sem7\ComputerVision\Project\part2\dataset\dataset\hundred\212.jpg,3,100_rupees,legacy,3_legacy_lenovo_s820_row_2013:10:17,train
C:\Users\bhave\OneDrive\Desktop\Sem7\ComputerVision\Project\part2\dataset\dataset\hundred\213.jpg,3,100_rupees,legacy,3_legacy_lenovo_s820_row_2013:10:17,train
C:\Users\bhave\OneDrive\Desktop\Sem7\ComputerVision\Project\part2\dataset\dataset\hundred\214.jpg,3,100_rupees,legacy,3_legacy_lenovo_s820_row_2013:10:17,train
C:\Users\bhave\OneDrive\Desktop\Sem7\ComputerVision\Project\part2\dataset\dataset\hundred\215.jpg,3,100_rupees,legacy,3_legacy_lenovo_s820_row_2013:10:17,train
C:\Users\bhave\OneDrive\Desktop\Sem7\ComputerVision\Project\part2\dataset\dataset\hundred\216.jpg,3,100_rupees,legacy,3_legacy_lenovo_s820_row_2013:10:17,train
C:\Users\bhave\OneDrive\Desktop\Sem7\ComputerVision\Project\part2\dataset\dataset\hundred\217.jpg,3,100_rupees,legacy,3_legacy_lenovo_s820_row_2013:10:17,train
C:\Users\bhave\OneDrive\Desktop\Sem7\ComputerVision\Project\part2\dataset\dataset\hundred\218.jpg,3,100_rupees,legacy,3_legacy_lenovo_s820_row_2013:10:17,train
C:\Users\bhave\OneDrive\Desktop\Sem7\ComputerVision\Project\part2\dataset\dataset\hundred\219.jpg,3,100_rupees,legacy,3_legacy_lenovo_s820_row_2013:10:17,train
C:\Users\bhave\OneDrive\Desktop\Sem7\ComputerVision\Project\part2\dataset\dataset\hundred\220.jpg,3,100_rupees,legacy,3_legacy_lenovo_s820_row_2013:10:17,train
C:\Users\bhave\OneDrive\Desktop\Sem7\ComputerVision\Project\part2\dataset\dataset\hundred\221.jpg,3,100_rupees,legacy,3_legacy_lenovo_s820_row_2013:10:17,train
C:\Users\bhave\OneDrive\Desktop\Sem7\ComputerVision\Project\part2\dataset\dataset\hundred\222.jpg,3,100_rupees,legacy,3_legacy_lenovo_s820_row_2013:10:17,train
C:\Users\bhave\OneDrive\Desktop\Sem7\ComputerVision\Project\part2\dataset\dataset\hundred\223.jpg,3,100_rupees,legacy,3_legacy_lenovo_s820_row_2013:10:17,train
C:\Users\bhave\OneDrive\Desktop\Sem7\ComputerVision\Project\part2\dataset\dataset\hundred\224.jpg,3,100_rupees,legacy,3_legacy_lenovo_s820_row_2013:10:17,train
C:\Users\bhave\OneDrive\Desktop\Sem7\ComputerVision\Project\part2\dataset\dataset\hundred\225.jpg,3,100_rupees,legacy,3_legacy_lenovo_s820_row_2013:10:17,train
C:\Users\bhave\OneDrive\Desktop\Sem7\ComputerVision\Project\part2\dataset\dataset\hundred\226.jpg,3,100_rupees,legacy,3_legacy_lenovo_s820_row_2013:10:17,train
C:\Users\bhave\OneDrive\Desktop\Sem7\ComputerVision\Project\part2\dataset\dataset\hundred\227.jpg,3,100_rupees,legacy,3_legacy_lenovo_s820_row_2013:10:17,train
C:\Users\bhave\OneDrive\Desktop\Sem7\ComputerVision\Project\part2\dataset\dataset\hundred\228.jpg,3,100_rupees,legacy,3_legacy_lenovo_s820_row_2013:10:17,train
C:\Users\bhave\OneDrive\Desktop\Sem7\ComputerVision\Project\part2\dataset\dataset\hundred\229.jpg,3,100_rupees,legacy,3_legacy_lenovo_s820_row_2013:10:17,train
C:\Users\bhave\OneDrive\Desktop\Sem7\ComputerVision\Project\part2\dataset\dataset\hundred\230.jpg,3,100_rupees,legacy,3_legacy_lenovo_s820_row_2013:10:17,train
C:\Users\bhave\OneDrive\Desktop\Sem7\ComputerVision\Project\part2\dataset\dataset\hundred\231.jpg,3,100_rupees,legacy,3_legacy_lenovo_s820_row_2013:10:17,train
C:\Users\bhave\OneDrive\Desktop\Sem7\ComputerVision\Project\part2\dataset\dataset\hundred\232.jpg,3,100_rupees,legacy,3_legacy_lenovo_s820_row_2013:10:17,train
C:\Users\bhave\OneDrive\Desktop\Sem7\ComputerVision\Project\part2\dataset\dataset\hundred\233.jpg,3,100_rupees,legacy,3_legacy_lenovo_s820_row_2013:10:17,train
C:\Users\bhave\OneDrive\Desktop\Sem7\ComputerVision\Project\part2\dataset\dataset\hundred\234.jpg,3,100_rupees,legacy,3_legacy_lenovo_s820_row_2013:10:17,train
C:\Users\bhave\OneDrive\Desktop\Sem7\ComputerVision\Project\part2\dataset\dataset\hundred\235.jpg,3,100_rupees,legacy,3_legacy_lenovo_s820_row_2013:10:17,train
C:\Users\bhave\OneDrive\Desktop\Sem7\ComputerVision\Project\part2\dataset\dataset\hundred\236.jpg,3,100_rupees,legacy,3_legacy_lenovo_s820_row_2013:10:17,train
C:\Users\bhave\OneDrive\Desktop\Sem7\ComputerVision\Project\part2\dataset\dataset\hundred\237.jpg,3,100_rupees,legacy,3_legacy_lenovo_s820_row_2013:10:17,train
C:\Users\bhave\OneDrive\Desktop\Sem7\ComputerVision\Project\part2\dataset\dataset\hundred\238.jpg,3,100_rupees,legacy,3_legacy_lenovo_s820_row_2013:10:17,train
C:\Users\bhave\OneDrive\Desktop\Sem7\ComputerVision\Project\part2\dataset\dataset\hundred\239.jpg,3,100_rupees,legacy,3_legacy_lenovo_s820_row_2013:10:17,train
C:\Users\bhave\OneDrive\Desktop\Sem7\ComputerVision\Project\part2\dataset\dataset\hundred\240.jpg,3,100_rupees,legacy,3_legacy_lenovo_s820_row_2013:10:17,train
C:\Users\bhave\OneDrive\Desktop\Sem7\ComputerVision\Project\part2\dataset\dataset\hundred\257.jpg,3,100_rupees,legacy,3_legacy_lenovo_s820_row_2013:09:08,train
C:\Users\bhave\OneDrive\Desktop\Sem7\ComputerVision\Project\part2\dataset\dataset\hundred\258.jpg,3,100_rupees,legacy,3_legacy_lenovo_s820_row_2013:09:08,train
C:\Users\bhave\OneDrive\Desktop\Sem7\ComputerVision\Project\part2\dataset\dataset\hundred\259.jpg,3,100_rupees,legacy,3_legacy_lenovo_s820_row_2013:09:08,train
C:\Users\bhave\OneDrive\Desktop\Sem7\ComputerVision\Project\part2\dataset\dataset\hundred\260.jpg,3,100_rupees,legacy,3_legacy_lenovo_s820_row_2013:09:08,train
C:\Users\bhave\OneDrive\Desktop\Sem7\ComputerVision\Project\part2\dataset\dataset\hundred\261.jpg,3,100_rupees,legacy,3_legacy_lenovo_s820_row_2013:09:08,train
C:\Users\bhave\OneDrive\Desktop\Sem7\ComputerVision\Project\part2\dataset\dataset\hundred\262.jpg,3,100_rupees,legacy,3_legacy_lenovo_s820_row_2013:09:08,train
C:\Users\bhave\OneDrive\Desktop\Sem7\ComputerVision\Project\part2\dataset\dataset\hundred\263.jpg,3,100_rupees,legacy,3_legacy_lenovo_s820_row_2013:09:08,train
C:\Users\bhave\OneDrive\Desktop\Sem7\ComputerVision\Project\part2\dataset\dataset\hundred\264.jpg,3,100_rupees,legacy,3_legacy_lenovo_s820_row_2013:09:08,train
C:\Users\bhave\OneDrive\Desktop\Sem7\ComputerVision\Project\part2\dataset\dataset\hundred\265.jpg,3,100_rupees,legacy,3_legacy_lenovo_s820_row_2013:09:08,train
C:\Users\bhave\OneDrive\Desktop\Sem7\ComputerVision\Project\part2\dataset\dataset\hundred\266.jpg,3,100_rupees,legacy,3_legacy_lenovo_s820_row_2013:09:08,train
C:\Users\bhave\OneDrive\Desktop\Sem7\ComputerVision\Project\part2\dataset\dataset\hundred\267.jpg,3,100_rupees,legacy,3_legacy_lenovo_s820_row_2013:09:08,train
C:\Users\bhave\OneDrive\Desktop\Sem7\ComputerVision\Project\part2\dataset\dataset\hundred\268.jpg,3,100_rupees,legacy,3_legacy_lenovo_s820_row_2013:09:08,train
C:\Users\bhave\OneDrive\Desktop\Sem7\ComputerVision\Project\part2\dataset\dataset\hundred\269.jpg,3,100_rupees,legacy,3_legacy_lenovo_s820_row_2013:09:08,train
C:\Users\bhave\OneDrive\Desktop\Sem7\ComputerVision\Project\part2\dataset\dataset\hundred\270.jpg,3,100_rupees,legacy,3_legacy_lenovo_s820_row_2013:09:08,train
C:\Users\bhave\OneDrive\Desktop\Sem7\ComputerVision\Project\part2\dataset\dataset\hundred\271.jpg,3,100_rupees,legacy,3_legacy_lenovo_s820_row_2013:09:08,train
C:\Users\bhave\OneDrive\Desktop\Sem7\ComputerVision\Project\part2\dataset\dataset\hundred\272.jpg,3,100_rupees,legacy,3_legacy_lenovo_s820_row_2013:09:08,train
C:\Users\bhave\OneDrive\Desktop\Sem7\ComputerVision\Project\part2\dataset\dataset\hundred\273.jpg,3,100_rupees,legacy,3_legacy_lenovo_s820_row_2013:09:08,train
C:\Users\bhave\OneDrive\Desktop\Sem7\ComputerVision\Project\part2\dataset\dataset\hundred\274.jpg,3,100_rupees,legacy,3_legacy_lenovo_s820_row_2013:09:08,train
C:\Users\bhave\OneDrive\Desktop\Sem7\ComputerVision\Project\part2\dataset\dataset\hundred\275.jpg,3,100_rupees,legacy,3_legacy_lenovo_s820_row_2013:09:08,train
C:\Users\bhave\OneDrive\Desktop\Sem7\ComputerVision\Project\part2\dataset\dataset\hundred\276.jpg,3,100_rupees,legacy,3_legacy_lenovo_s820_row_2013:09:08,train
C:\Users\bhave\OneDrive\Desktop\Sem7\ComputerVision\Project\part2\dataset\dataset\hundred\277.jpg,3,100_rupees,legacy,3_legacy_lenovo_s820_row_2013:09:08,train
C:\Users\bhave\OneDrive\Desktop\Sem7\ComputerVision\Project\part2\dataset\dataset\hundred\278.jpg,3,100_rupees,legacy,3_legacy_lenovo_s820_row_2013:09:08,train
C:\Users\bhave\OneDrive\Desktop\Sem7\ComputerVision\Project\part2\dataset\dataset\hundred\279.jpg,3,100_rupees,legacy,3_legacy_lenovo_s820_row_2013:09:09,train
C:\Users\bhave\OneDrive\Desktop\Sem7\ComputerVision\Project\part2\dataset\dataset\hundred\280.jpg,3,100_rupees,legacy,3_legacy_lenovo_s820_row_2013:09:09,train
C:\Users\bhave\OneDrive\Desktop\Sem7\ComputerVision\Project\part2\dataset\dataset\hundred\281.jpg,3,100_rupees,legacy,3_legacy_lenovo_s820_row_2013:09:09,train
C:\Users\bhave\OneDrive\Desktop\Sem7\ComputerVision\Project\part2\dataset\dataset\hundred\282.jpg,3,100_rupees,legacy,3_legacy_lenovo_s820_row_2013:09:09,train
C:\Users\bhave\OneDrive\Desktop\Sem7\ComputerVision\Project\part2\dataset\dataset\hundred\283.jpg,3,100_rupees,legacy,3_legacy_lenovo_s820_row_2013:09:09,train
C:\Users\bhave\OneDrive\Desktop\Sem7\ComputerVision\Project\part2\dataset\dataset\hundred\284.jpg,3,100_rupees,legacy,3_legacy_lenovo_s820_row_2013:09:09,train
C:\Users\bhave\OneDrive\Desktop\Sem7\ComputerVision\Project\part2\dataset\dataset\hundred\285.jpg,3,100_rupees,legacy,3_legacy_lenovo_s820_row_2013:09:09,train
C:\Users\bhave\OneDrive\Desktop\Sem7\ComputerVision\Project\part2\dataset\dataset\hundred\286.jpg,3,100_rupees,legacy,3_legacy_lenovo_s820_row_2013:09:09,train
C:\Users\bhave\OneDrive\Desktop\Sem7\ComputerVision\Project\part2\dataset\dataset\hundred\337.jpg,3,100_rupees,legacy,3_legacy_htc_htc_wildfire_2013:05:30,train
C:\Users\bhave\OneDrive\Desktop\Sem7\ComputerVision\Project\part2\dataset\dataset\hundred\338.jpg,3,100_rupees,legacy,3_legacy_htc_htc_wildfire_2013:05:30,train
C:\Users\bhave\OneDrive\Desktop\Sem7\ComputerVision\Project\part2\dataset\dataset\hundred\339.jpg,3,100_rupees,legacy,3_legacy_htc_htc_wildfire_2013:05:30,train
C:\Users\bhave\OneDrive\Desktop\Sem7\ComputerVision\Project\part2\dataset\dataset\hundred\355.jpg,3,100_rupees,legacy,3_legacy_samsung_gt-s6802_2013:05:27,train
C:\Users\bhave\OneDrive\Desktop\Sem7\ComputerVision\Project\part2\dataset\dataset\hundred\356.jpg,3,100_rupees,legacy,3_legacy_samsung_gt-s6802_2013:05:27,train
C:\Users\bhave\OneDrive\Desktop\Sem7\ComputerVision\Project\part2\dataset\dataset\hundred\357.jpg,3,100_rupees,legacy,3_legacy_samsung_gt-s6802_2013:05:28,train
C:\Users\bhave\OneDrive\Desktop\Sem7\ComputerVision\Project\part2\dataset\dataset\hundred\358.jpg,3,100_rupees,legacy,3_legacy_samsung_gt-s6802_2013:05:28,train
C:\Users\bhave\OneDrive\Desktop\Sem7\ComputerVision\Project\part2\dataset\dataset\hundred\359.jpg,3,100_rupees,legacy,3_legacy_samsung_gt-s6802_2013:05:28,train
C:\Users\bhave\OneDrive\Desktop\Sem7\ComputerVision\Project\part2\dataset\dataset\hundred\360.jpg,3,100_rupees,legacy,3_legacy_samsung_gt-s6802_2013:05:28,train
C:\Users\bhave\OneDrive\Desktop\Sem7\ComputerVision\Project\part2\dataset\dataset\hundred\361.jpg,3,100_rupees,legacy,3_legacy_samsung_gt-s6802_2013:05:28,train
C:\Users\bhave\OneDrive\Desktop\Sem7\ComputerVision\Project\part2\dataset\dataset\hundred\362.jpg,3,100_rupees,legacy,3_legacy_samsung_gt-s6802_2013:05:28,train
C:\Users\bhave\OneDrive\Desktop\Sem7\ComputerVision\Project\part2\dataset\dataset\hundred\363.jpg,3,100_rupees,legacy,3_legacy_samsung_gt-s6802_2013:05:30,train
C:\Users\bhave\OneDrive\Desktop\Sem7\ComputerVision\Project\part2\dataset\dataset\hundred\364.jpg,3,100_rupees,legacy,3_legacy_samsung_gt-s6802_2013:05:30,train
C:\Users\bhave\OneDrive\Desktop\Sem7\ComputerVision\Project\part2\dataset\dataset\hundred\365.jpg,3,100_rupees,legacy,3_legacy_samsung_gt-s6802_2013:05:30,train
C:\Users\bhave\OneDrive\Desktop\Sem7\ComputerVision\Project\part2\dataset\dataset\hundred\366.jpg,3,100_rupees,legacy,3_legacy_samsung_gt-s6802_2013:05:30,train
C:\Users\bhave\OneDrive\Desktop\Sem7\ComputerVision\Project\part2\dataset\dataset\hundred\367.jpg,3,100_rupees,legacy,3_legacy_samsung_gt-s3653_2013:10:15,train
C:\Users\bhave\OneDrive\Desktop\Sem7\ComputerVision\Project\part2\dataset\dataset\hundred\368.jpg,3,100_rupees,legacy,3_legacy_samsung_gt-s3653_2013:10:15,train
C:\Users\bhave\OneDrive\Desktop\Sem7\ComputerVision\Project\part2\dataset\dataset\hundred\369.jpg,3,100_rupees,legacy,3_legacy_samsung_gt-s3653_2013:10:15,train
C:\Users\bhave\OneDrive\Desktop\Sem7\ComputerVision\Project\part2\dataset\dataset\hundred\370.jpg,3,100_rupees,legacy,3_legacy_samsung_gt-s3653_2013:10:15,train
C:\Users\bhave\OneDrive\Desktop\Sem7\ComputerVision\Project\part2\dataset\dataset\hundred\371.jpg,3,100_rupees,legacy,3_legacy_samsung_gt-s3653_2013:10:15,train
C:\Users\bhave\OneDrive\Desktop\Sem7\ComputerVision\Project\part2\dataset\dataset\hundred\372.jpg,3,100_rupees,legacy,3_legacy_samsung_gt-s3653_2013:10:15,train
C:\Users\bhave\OneDrive\Desktop\Sem7\ComputerVision\Project\part2\dataset\dataset\hundred\373.jpg,3,100_rupees,legacy,3_legacy_samsung_gt-s3653_2013:10:15,train
C:\Users\bhave\OneDrive\Desktop\Sem7\ComputerVision\Project\part2\dataset\dataset\hundred\374.jpg,3,100_rupees,legacy,3_legacy_samsung_gt-s3653_2013:10:15,train
C:\Users\bhave\OneDrive\Desktop\Sem7\ComputerVision\Project\part2\dataset\dataset\hundred\375.jpg,3,100_rupees,legacy,3_legacy_samsung_gt-s3653_2013:10:15,train
C:\Users\bhave\OneDrive\Desktop\Sem7\ComputerVision\Project\part2\dataset\dataset\hundred\376.jpg,3,100_rupees,legacy,3_legacy_samsung_gt-s3653_2013:10:15,train
C:\Users\bhave\OneDrive\Desktop\Sem7\ComputerVision\Project\part2\dataset\dataset\hundred\377.jpg,3,100_rupees,legacy,3_legacy_samsung_gt-s3653_2013:10:15,train
C:\Users\bhave\OneDrive\Desktop\Sem7\ComputerVision\Project\part2\dataset\dataset\hundred\378.jpg,3,100_rupees,legacy,3_legacy_samsung_gt-s3653_2013:10:15,train
C:\Users\bhave\OneDrive\Desktop\Sem7\ComputerVision\Project\part2\dataset\dataset\hundred\379.jpg,3,100_rupees,legacy,3_legacy_samsung_gt-s3653_2013:10:15,train
C:\Users\bhave\OneDrive\Desktop\Sem7\ComputerVision\Project\part2\dataset\dataset\hundred\380.jpg,3,100_rupees,legacy,3_legacy_samsung_gt-s3653_2013:10:15,train
C:\Users\bhave\OneDrive\Desktop\Sem7\ComputerVision\Project\part2\dataset\dataset\hundred\381.jpg,3,100_rupees,legacy,3_legacy_samsung_gt-s3653_2013:10:15,train
C:\Users\bhave\OneDrive\Desktop\Sem7\ComputerVision\Project\part2\dataset\dataset\hundred\382.jpg,3,100_rupees,legacy,3_legacy_samsung_gt-s3653_2013:10:15,train
C:\Users\bhave\OneDrive\Desktop\Sem7\ComputerVision\Project\part2\dataset\dataset\hundred\383.jpg,3,100_rupees,legacy,3_legacy_samsung_gt-s3653_2013:10:15,train
C:\Users\bhave\OneDrive\Desktop\Sem7\ComputerVision\Project\part2\dataset\dataset\hundred\384.jpg,3,100_rupees,legacy,3_legacy_samsung_gt-s3653_2013:10:15,train
C:\Users\bhave\OneDrive\Desktop\Sem7\ComputerVision\Project\part2\dataset\dataset\hundred\385.jpg,3,100_rupees,legacy,3_legacy_samsung_gt-s3653_2013:10:15,train
C:\Users\bhave\OneDrive\Desktop\Sem7\ComputerVision\Project\part2\dataset\dataset\hundred\386.jpg,3,100_rupees,legacy,3_legacy_samsung_gt-s3653_2013:10:15,train
C:\Users\bhave\OneDrive\Desktop\Sem7\ComputerVision\Project\part2\dataset\dataset\hundred\387.jpg,3,100_rupees,legacy,3_legacy_samsung_gt-s3653_2013:10:15,train
C:\Users\bhave\OneDrive\Desktop\Sem7\ComputerVision\Project\part2\dataset\dataset\hundred\388.jpg,3,100_rupees,legacy,3_legacy_samsung_gt-s3653_2013:10:15,train
C:\Users\bhave\OneDrive\Desktop\Sem7\ComputerVision\Project\part2\dataset\dataset\hundred\389.jpg,3,100_rupees,legacy,3_legacy_samsung_gt-s3653_2013:10:15,train
C:\Users\bhave\OneDrive\Desktop\Sem7\ComputerVision\Project\part2\dataset\dataset\hundred\390.jpg,3,100_rupees,legacy,3_legacy_samsung_gt-s3653_2013:10:15,train
C:\Users\bhave\OneDrive\Desktop\Sem7\ComputerVision\Project\part2\dataset\dataset\hundred\391.jpg,3,100_rupees,legacy,3_legacy_samsung_gt-s3653_2013:10:15,train
C:\Users\bhave\OneDrive\Desktop\Sem7\ComputerVision\Project\part2\dataset\dataset\hundred\392.jpg,3,100_rupees,legacy,3_legacy_samsung_gt-s3653_2013:10:15,train
C:\Users\bhave\OneDrive\Desktop\Sem7\ComputerVision\Project\part2\dataset\dataset\hundred\393.jpg,3,100_rupees,legacy,3_legacy_samsung_gt-s3653_2013:10:15,train
C:\Users\bhave\OneDrive\Desktop\Sem7\ComputerVision\Project\part2\dataset\dataset\hundred\394.jpg,3,100_rupees,legacy,3_legacy_samsung_gt-s3653_2013:10:15,train
C:\Users\bhave\OneDrive\Desktop\Sem7\ComputerVision\Project\part2\dataset\dataset\hundred\395.jpg,3,100_rupees,legacy,3_legacy_samsung_gt-s3653_2013:10:15,train
C:\Users\bhave\OneDrive\Desktop\Sem7\ComputerVision\Project\part2\dataset\dataset\hundred\396.jpg,3,100_rupees,legacy,3_legacy_samsung_gt-s3653_2013:10:15,train
C:\Users\bhave\OneDrive\Desktop\Sem7\ComputerVision\Project\part2\dataset\dataset\hundred\397.jpg,3,100_rupees,legacy,3_legacy_samsung_gt-s3653_2013:10:15,train
C:\Users\bhave\OneDrive\Desktop\Sem7\ComputerVision\Project\part2\dataset\dataset\hundred\398.jpg,3,100_rupees,legacy,3_legacy_samsung_gt-s3653_2013:10:15,train
C:\Users\bhave\OneDrive\Desktop\Sem7\ComputerVision\Project\part2\dataset\dataset\hundred\399.jpg,3,100_rupees,legacy,3_legacy_samsung_gt-s3653_2013:10:15,train
C:\Users\bhave\OneDrive\Desktop\Sem7\ComputerVision\Project\part2\dataset\dataset\hundred\400.jpg,3,100_rupees,legacy,3_legacy_samsung_gt-s3653_2013:10:15,train
C:\Users\bhave\OneDrive\Desktop\Sem7\ComputerVision\Project\part2\dataset\dataset\hundred\401.jpg,3,100_rupees,legacy,3_legacy_samsung_gt-s3653_2013:10:15,train
C:\Users\bhave\OneDrive\Desktop\Sem7\ComputerVision\Project\part2\dataset\dataset\hundred\402.jpg,3,100_rupees,legacy,3_legacy_samsung_gt-s3653_2013:10:15,train
C:\Users\bhave\OneDrive\Desktop\Sem7\ComputerVision\Project\part2\dataset\dataset\hundred\403.jpg,3,100_rupees,legacy,3_legacy_samsung_gt-s3653_2013:10:15,train
C:\Users\bhave\OneDrive\Desktop\Sem7\ComputerVision\Project\part2\dataset\dataset\hundred\404.jpg,3,100_rupees,legacy,3_legacy_samsung_gt-s3653_2013:10:15,train
C:\Users\bhave\OneDrive\Desktop\Sem7\ComputerVision\Project\part2\dataset\dataset\hundred\405.jpg,3,100_rupees,legacy,3_legacy_samsung_gt-s3653_2013:10:15,train
C:\Users\bhave\OneDrive\Desktop\Sem7\ComputerVision\Project\part2\dataset\dataset\hundred\406.jpg,3,100_rupees,legacy,3_legacy_samsung_gt-s3653_2013:10:15,train
C:\Users\bhave\OneDrive\Desktop\Sem7\ComputerVision\Project\part2\dataset\dataset\hundred\407.jpg,3,100_rupees,legacy,3_legacy_samsung_gt-s3653_2013:10:15,train
C:\Users\bhave\OneDrive\Desktop\Sem7\ComputerVision\Project\part2\dataset\dataset\hundred\408.jpg,3,100_rupees,legacy,3_legacy_samsung_gt-s3653_2013:10:15,train
C:\Users\bhave\OneDrive\Desktop\Sem7\ComputerVision\Project\part2\dataset\dataset\hundred\409.jpg,3,100_rupees,legacy,3_legacy_samsung_gt-s3653_2013:10:15,train
C:\Users\bhave\OneDrive\Desktop\Sem7\ComputerVision\Project\part2\dataset\dataset\hundred\410.jpg,3,100_rupees,legacy,3_legacy_samsung_gt-s3653_2013:10:15,train
C:\Users\bhave\OneDrive\Desktop\Sem7\ComputerVision\Project\part2\dataset\dataset\hundred\411.jpg,3,100_rupees,legacy,3_legacy_samsung_gt-s3653_2013:10:15,train
C:\Users\bhave\OneDrive\Desktop\Sem7\ComputerVision\Project\part2\dataset\dataset\hundred\412.jpg,3,100_rupees,legacy,3_legacy_samsung_gt-s3653_2013:10:15,train
C:\Users\bhave\OneDrive\Desktop\Sem7\ComputerVision\Project\part2\dataset\dataset\hundred\413.jpg,3,100_rupees,legacy,3_legacy_samsung_gt-s3653_2013:10:15,train
C:\Users\bhave\OneDrive\Desktop\Sem7\ComputerVision\Project\part2\dataset\dataset\hundred\49.jpg,3,100_rupees,legacy,3_legacy_samsung_gt-s6802_2013:05:09,train
C:\Users\bhave\OneDrive\Desktop\Sem7\ComputerVision\Project\part2\dataset\dataset\hundred\50.jpg,3,100_rupees,legacy,3_legacy_samsung_gt-s6802_2013:05:09,train
C:\Users\bhave\OneDrive\Desktop\Sem7\ComputerVision\Project\part2\dataset\dataset\hundred\51.jpg,3,100_rupees,legacy,3_legacy_samsung_gt-s6802_2013:05:09,train
C:\Users\bhave\OneDrive\Desktop\Sem7\ComputerVision\Project\part2\dataset\dataset\hundred\52.jpg,3,100_rupees,legacy,3_legacy_samsung_gt-s6802_2013:05:09,train
C:\Users\bhave\OneDrive\Desktop\Sem7\ComputerVision\Project\part2\dataset\dataset\hundred\53.jpg,3,100_rupees,legacy,3_legacy_samsung_gt-s6802_2013:05:09,train
C:\Users\bhave\OneDrive\Desktop\Sem7\ComputerVision\Project\part2\dataset\dataset\hundred\54.jpg,3,100_rupees,legacy,3_legacy_samsung_gt-s6802_2013:05:09,train
C:\Users\bhave\OneDrive\Desktop\Sem7\ComputerVision\Project\part2\dataset\dataset\hundred\55.jpg,3,100_rupees,legacy,3_legacy_samsung_gt-s6802_2013:05:09,train
C:\Users\bhave\OneDrive\Desktop\Sem7\ComputerVision\Project\part2\dataset\dataset\hundred\56.jpg,3,100_rupees,legacy,3_legacy_samsung_gt-s6802_2013:05:09,train
C:\Users\bhave\OneDrive\Desktop\Sem7\ComputerVision\Project\part2\dataset\dataset\hundred\57.jpg,3,100_rupees,legacy,3_legacy_samsung_gt-s6802_2013:05:09,train
C:\Users\bhave\OneDrive\Desktop\Sem7\ComputerVision\Project\part2\dataset\dataset\hundred\58.jpg,3,100_rupees,legacy,3_legacy_samsung_gt-s6802_2013:05:09,train
C:\Users\bhave\OneDrive\Desktop\Sem7\ComputerVision\Project\part2\dataset\dataset\hundred\59.jpg,3,100_rupees,legacy,3_legacy_samsung_gt-s6802_2013:05:09,train
C:\Users\bhave\OneDrive\Desktop\Sem7\ComputerVision\Project\part2\dataset\dataset\hundred\60.jpg,3,100_rupees,legacy,3_legacy_samsung_gt-s6802_2013:05:09,train
C:\Users\bhave\OneDrive\Desktop\Sem7\ComputerVision\Project\part2\dataset\dataset\hundred\61.jpg,3,100_rupees,legacy,3_legacy_samsung_gt-s6802_2013:05:10,train
C:\Users\bhave\OneDrive\Desktop\Sem7\ComputerVision\Project\part2\dataset\dataset\hundred\62.jpg,3,100_rupees,legacy,3_legacy_samsung_gt-s6802_2013:05:10,train
C:\Users\bhave\OneDrive\Desktop\Sem7\ComputerVision\Project\part2\dataset\dataset\hundred\63.jpg,3,100_rupees,legacy,3_legacy_samsung_gt-s6802_2013:05:10,train
C:\Users\bhave\OneDrive\Desktop\Sem7\ComputerVision\Project\part2\dataset\dataset\hundred\64.jpg,3,100_rupees,legacy,3_legacy_samsung_gt-s6802_2013:05:10,train
C:\Users\bhave\OneDrive\Desktop\Sem7\ComputerVision\Project\part2\dataset\dataset\hundred\65.jpg,3,100_rupees,legacy,3_legacy_samsung_gt-s6802_2013:05:10,train
C:\Users\bhave\OneDrive\Desktop\Sem7\ComputerVision\Project\part2\dataset\dataset\hundred\66.jpg,3,100_rupees,legacy,3_legacy_samsung_gt-s6802_2013:05:10,train
C:\Users\bhave\OneDrive\Desktop\Sem7\ComputerVision\Project\part2\dataset\dataset\hundred\67.jpg,3,100_rupees,legacy,3_legacy_samsung_gt-s6802_2013:05:10,train
C:\Users\bhave\OneDrive\Desktop\Sem7\ComputerVision\Project\part2\dataset\dataset\hundred\68.jpg,3,100_rupees,legacy,3_legacy_samsung_gt-s6802_2013:05:10,train
C:\Users\bhave\OneDrive\Desktop\Sem7\ComputerVision\Project\part2\dataset\dataset\hundred\69.jpg,3,100_rupees,legacy,3_legacy_samsung_gt-s6802_2013:05:10,train
C:\Users\bhave\OneDrive\Desktop\Sem7\ComputerVision\Project\part2\dataset\dataset\hundred\70.jpg,3,100_rupees,legacy,3_legacy_samsung_gt-s6802_2013:05:10,train
C:\Users\bhave\OneDrive\Desktop\Sem7\ComputerVision\Project\part2\dataset\dataset\hundred\71.jpg,3,100_rupees,legacy,3_legacy_samsung_gt-s6802_2013:05:10,train
C:\Users\bhave\OneDrive\Desktop\Sem7\ComputerVision\Project\part2\dataset\dataset\hundred\72.jpg,3,100_rupees,legacy,3_legacy_samsung_gt-s6802_2013:05:10,train
C:\Users\bhave\OneDrive\Desktop\Sem7\ComputerVision\Project\part2\dataset\dataset\hundred\73.jpg,3,100_rupees,legacy,3_legacy_samsung_gt-s6802_2013:05:10,train
C:\Users\bhave\OneDrive\Desktop\Sem7\ComputerVision\Project\part2\dataset\dataset\hundred\74.jpg,3,100_rupees,legacy,3_legacy_samsung_gt-s6802_2013:05:10,train
C:\Users\bhave\OneDrive\Desktop\Sem7\ComputerVision\Project\part2\dataset\dataset\hundred\75.jpg,3,100_rupees,legacy,3_legacy_samsung_gt-s6802_2013:05:10,train
C:\Users\bhave\OneDrive\Desktop\Sem7\ComputerVision\Project\part2\dataset\dataset\hundred\76.jpg,3,100_rupees,legacy,3_legacy_samsung_gt-s6802_2013:05:10,train
C:\Users\bhave\OneDrive\Desktop\Sem7\ComputerVision\Project\part2\dataset\dataset\hundred\77.jpg,3,100_rupees,legacy,3_legacy_samsung_gt-s6802_2013:05:10,train
C:\Users\bhave\OneDrive\Desktop\Sem7\ComputerVision\Project\part2\dataset\dataset\hundred\78.jpg,3,100_rupees,legacy,3_legacy_samsung_gt-s6802_2013:05:10,train
C:\Users\bhave\OneDrive\Desktop\Sem7\ComputerVision\Project\part2\dataset\dataset\hundred\79.jpg,3,100_rupees,legacy,3_legacy_samsung_gt-s6802_2013:05:10,train
C:\Users\bhave\OneDrive\Desktop\Sem7\ComputerVision\Project\part2\dataset\dataset\hundred\80.jpg,3,100_rupees,legacy,3_legacy_samsung_gt-s6802_2013:05:10,train
C:\Users\bhave\OneDrive\Desktop\Sem7\ComputerVision\Project\part2\dataset\dataset\hundred\81.jpg,3,100_rupees,legacy,3_legacy_samsung_gt-s6802_2013:05:10,train
C:\Users\bhave\OneDrive\Desktop\Sem7\ComputerVision\Project\part2\dataset\dataset\hundred\82.jpg,3,100_rupees,legacy,3_legacy_samsung_gt-s6802_2013:05:10,train
C:\Users\bhave\OneDrive\Desktop\Sem7\ComputerVision\Project\part2\dataset\dataset\hundred\83.jpg,3,100_rupees,legacy,3_legacy_samsung_gt-s6802_2013:05:10,train
C:\Users\bhave\OneDrive\Desktop\Sem7\ComputerVision\Project\part2\dataset\dataset\hundred\84.jpg,3,100_rupees,legacy,3_legacy_samsung_gt-s6802_2013:05:10,train
C:\Users\bhave\OneDrive\Desktop\Sem7\ComputerVision\Project\part2\dataset\dataset\hundred\85.jpg,3,100_rupees,legacy,3_legacy_samsung_gt-s6802_2013:05:10,train
C:\Users\bhave\OneDrive\Desktop\Sem7\ComputerVision\Project\part2\dataset\dataset\hundred\86.jpg,3,100_rupees,legacy,3_legacy_samsung_gt-s6802_2013:05:10,train
C:\Users\bhave\OneDrive\Desktop\Sem7\ComputerVision\Project\part2\dataset\dataset\hundred\87.jpg,3,100_rupees,legacy,3_legacy_samsung_gt-s6802_2013:05:10,train
C:\Users\bhave\OneDrive\Desktop\Sem7\ComputerVision\Project\part2\dataset\dataset\hundred\88.jpg,3,100_rupees,legacy,3_legacy_lenovo_s820_row_2013:10:06,train
C:\Users\bhave\OneDrive\Desktop\Sem7\ComputerVision\Project\part2\dataset\dataset\hundred\89.jpg,3,100_rupees,legacy,3_legacy_lenovo_s820_row_2013:10:06,train
C:\Users\bhave\OneDrive\Desktop\Sem7\ComputerVision\Project\part2\dataset\dataset\hundred\90.jpg,3,100_rupees,legacy,3_legacy_lenovo_s820_row_2013:10:06,train
C:\Users\bhave\OneDrive\Desktop\Sem7\ComputerVision\Project\part2\dataset\dataset\hundred\91.jpg,3,100_rupees,legacy,3_legacy_lenovo_s820_row_2013:10:06,train
C:\Users\bhave\OneDrive\Desktop\Sem7\ComputerVision\Project\part2\dataset\dataset\hundred\92.jpg,3,100_rupees,legacy,3_legacy_lenovo_s820_row_2013:10:06,train
C:\Users\bhave\OneDrive\Desktop\Sem7\ComputerVision\Project\part2\dataset\dataset\hundred\93.jpg,3,100_rupees,legacy,3_legacy_lenovo_s820_row_2013:10:06,train
C:\Users\bhave\OneDrive\Desktop\Sem7\ComputerVision\Project\part2\dataset\dataset\hundred\94.jpg,3,100_rupees,legacy,3_legacy_lenovo_s820_row_2013:10:06,train
C:\Users\bhave\OneDrive\Desktop\Sem7\ComputerVision\Project\part2\dataset\dataset\hundred\95.jpg,3,100_rupees,legacy,3_legacy_lenovo_s820_row_2013:10:06,train
C:\Users\bhave\OneDrive\Desktop\Sem7\ComputerVision\Project\part2\dataset\dataset\hundred\96.jpg,3,100_rupees,legacy,3_legacy_lenovo_s820_row_2013:10:06,train
C:\Users\bhave\OneDrive\Desktop\Sem7\ComputerVision\Project\part2\dataset\dataset\hundred\97.jpg,3,100_rupees,legacy,3_legacy_lenovo_s820_row_2013:10:06,train
C:\Users\bhave\OneDrive\Desktop\Sem7\ComputerVision\Project\part2\dataset\dataset\hundred\98.jpg,3,100_rupees,legacy,3_legacy_lenovo_s820_row_2013:10:06,train
C:\Users\bhave\OneDrive\Desktop\Sem7\ComputerVision\Project\part2\dataset\dataset\hundred\99.jpg,3,100_rupees,legacy,3_legacy_lenovo_s820_row_2013:10:06,train
C:\Users\bhave\OneDrive\Desktop\Sem7\ComputerVision\Project\part2\dataset\dataset\fivehundred\1.jpg,5,500_rupees,legacy,5_legacy_samsung_gt-s6802_2013:05:09,train
C:\Users\bhave\OneDrive\Desktop\Sem7\ComputerVision\Project\part2\dataset\dataset\fivehundred\10.jpg,5,500_rupees,legacy,5_legacy_samsung_gt-s6802_2013:05:09,train
C:\Users\bhave\OneDrive\Desktop\Sem7\ComputerVision\Project\part2\dataset\dataset\fivehundred\11.jpg,5,500_rupees,legacy,5_legacy_samsung_gt-s6802_2013:05:09,train
C:\Users\bhave\OneDrive\Desktop\Sem7\ComputerVision\Project\part2\dataset\dataset\fivehundred\12.jpg,5,500_rupees,legacy,5_legacy_samsung_gt-s6802_2013:05:09,train
C:\Users\bhave\OneDrive\Desktop\Sem7\ComputerVision\Project\part2\dataset\dataset\fivehundred\125.jpg,5,500_rupees,legacy,5_legacy_unknown_block_0012,train
C:\Users\bhave\OneDrive\Desktop\Sem7\ComputerVision\Project\part2\dataset\dataset\fivehundred\126.jpg,5,500_rupees,legacy,5_legacy_unknown_block_0012,train
C:\Users\bhave\OneDrive\Desktop\Sem7\ComputerVision\Project\part2\dataset\dataset\fivehundred\127.jpg,5,500_rupees,legacy,5_legacy_unknown_block_0012,train
C:\Users\bhave\OneDrive\Desktop\Sem7\ComputerVision\Project\part2\dataset\dataset\fivehundred\128.jpg,5,500_rupees,legacy,5_legacy_unknown_block_0012,train
C:\Users\bhave\OneDrive\Desktop\Sem7\ComputerVision\Project\part2\dataset\dataset\fivehundred\129.jpg,5,500_rupees,legacy,5_legacy_unknown_block_0012,train
C:\Users\bhave\OneDrive\Desktop\Sem7\ComputerVision\Project\part2\dataset\dataset\fivehundred\13.jpg,5,500_rupees,legacy,5_legacy_samsung_gt-s6802_2013:05:10,train
C:\Users\bhave\OneDrive\Desktop\Sem7\ComputerVision\Project\part2\dataset\dataset\fivehundred\130.jpg,5,500_rupees,legacy,5_legacy_unknown_block_0012,train
C:\Users\bhave\OneDrive\Desktop\Sem7\ComputerVision\Project\part2\dataset\dataset\fivehundred\131.jpg,5,500_rupees,legacy,5_legacy_unknown_block_0013,train
C:\Users\bhave\OneDrive\Desktop\Sem7\ComputerVision\Project\part2\dataset\dataset\fivehundred\132.jpg,5,500_rupees,legacy,5_legacy_unknown_block_0013,train
C:\Users\bhave\OneDrive\Desktop\Sem7\ComputerVision\Project\part2\dataset\dataset\fivehundred\133.jpg,5,500_rupees,legacy,5_legacy_unknown_block_0013,train
C:\Users\bhave\OneDrive\Desktop\Sem7\ComputerVision\Project\part2\dataset\dataset\fivehundred\134.jpg,5,500_rupees,legacy,5_legacy_unknown_block_0013,train
C:\Users\bhave\OneDrive\Desktop\Sem7\ComputerVision\Project\part2\dataset\dataset\fivehundred\135.jpg,5,500_rupees,legacy,5_legacy_unknown_block_0013,train
C:\Users\bhave\OneDrive\Desktop\Sem7\ComputerVision\Project\part2\dataset\dataset\fivehundred\136.jpg,5,500_rupees,legacy,5_legacy_unknown_block_0013,train
C:\Users\bhave\OneDrive\Desktop\Sem7\ComputerVision\Project\part2\dataset\dataset\fivehundred\137.jpg,5,500_rupees,legacy,5_legacy_unknown_block_0013,train
C:\Users\bhave\OneDrive\Desktop\Sem7\ComputerVision\Project\part2\dataset\dataset\fivehundred\138.jpg,5,500_rupees,legacy,5_legacy_unknown_block_0013,train
C:\Users\bhave\OneDrive\Desktop\Sem7\ComputerVision\Project\part2\dataset\dataset\fivehundred\139.jpg,5,500_rupees,legacy,5_legacy_unknown_block_0013,train
C:\Users\bhave\OneDrive\Desktop\Sem7\ComputerVision\Project\part2\dataset\dataset\fivehundred\14.jpg,5,500_rupees,legacy,5_legacy_samsung_gt-s6802_2013:05:10,train
C:\Users\bhave\OneDrive\Desktop\Sem7\ComputerVision\Project\part2\dataset\dataset\fivehundred\140.jpg,5,500_rupees,legacy,5_legacy_unknown_block_0013,train
C:\Users\bhave\OneDrive\Desktop\Sem7\ComputerVision\Project\part2\dataset\dataset\fivehundred\141.jpg,5,500_rupees,legacy,5_legacy_unknown_block_0014,train
C:\Users\bhave\OneDrive\Desktop\Sem7\ComputerVision\Project\part2\dataset\dataset\fivehundred\142.jpg,5,500_rupees,legacy,5_legacy_unknown_block_0014,train
C:\Users\bhave\OneDrive\Desktop\Sem7\ComputerVision\Project\part2\dataset\dataset\fivehundred\143.jpg,5,500_rupees,legacy,5_legacy_unknown_block_0014,train
C:\Users\bhave\OneDrive\Desktop\Sem7\ComputerVision\Project\part2\dataset\dataset\fivehundred\144.jpg,5,500_rupees,legacy,5_legacy_lenovo_s820_row_2013:10:17,train
C:\Users\bhave\OneDrive\Desktop\Sem7\ComputerVision\Project\part2\dataset\dataset\fivehundred\145.jpg,5,500_rupees,legacy,5_legacy_lenovo_s820_row_2013:10:17,train
C:\Users\bhave\OneDrive\Desktop\Sem7\ComputerVision\Project\part2\dataset\dataset\fivehundred\146.jpg,5,500_rupees,legacy,5_legacy_lenovo_s820_row_2013:10:17,train
C:\Users\bhave\OneDrive\Desktop\Sem7\ComputerVision\Project\part2\dataset\dataset\fivehundred\147.jpg,5,500_rupees,legacy,5_legacy_lenovo_s820_row_2013:10:17,train
C:\Users\bhave\OneDrive\Desktop\Sem7\ComputerVision\Project\part2\dataset\dataset\fivehundred\148.jpg,5,500_rupees,legacy,5_legacy_lenovo_s820_row_2013:10:17,train
C:\Users\bhave\OneDrive\Desktop\Sem7\ComputerVision\Project\part2\dataset\dataset\fivehundred\149.jpg,5,500_rupees,legacy,5_legacy_lenovo_s820_row_2013:10:17,train
C:\Users\bhave\OneDrive\Desktop\Sem7\ComputerVision\Project\part2\dataset\dataset\fivehundred\15.jpg,5,500_rupees,legacy,5_legacy_samsung_gt-s6802_2013:05:10,train
C:\Users\bhave\OneDrive\Desktop\Sem7\ComputerVision\Project\part2\dataset\dataset\fivehundred\150.jpg,5,500_rupees,legacy,5_legacy_lenovo_s820_row_2013:10:17,train
C:\Users\bhave\OneDrive\Desktop\Sem7\ComputerVision\Project\part2\dataset\dataset\fivehundred\151.jpg,5,500_rupees,legacy,5_legacy_lenovo_s820_row_2013:10:17,train
C:\Users\bhave\OneDrive\Desktop\Sem7\ComputerVision\Project\part2\dataset\dataset\fivehundred\152.jpg,5,500_rupees,legacy,5_legacy_lenovo_s820_row_2013:10:17,train
C:\Users\bhave\OneDrive\Desktop\Sem7\ComputerVision\Project\part2\dataset\dataset\fivehundred\153.jpg,5,500_rupees,legacy,5_legacy_lenovo_s820_row_2013:10:17,train
C:\Users\bhave\OneDrive\Desktop\Sem7\ComputerVision\Project\part2\dataset\dataset\fivehundred\154.jpg,5,500_rupees,legacy,5_legacy_lenovo_s820_row_2013:10:17,train
C:\Users\bhave\OneDrive\Desktop\Sem7\ComputerVision\Project\part2\dataset\dataset\fivehundred\155.jpg,5,500_rupees,legacy,5_legacy_lenovo_s820_row_2013:10:17,train
C:\Users\bhave\OneDrive\Desktop\Sem7\ComputerVision\Project\part2\dataset\dataset\fivehundred\156.jpg,5,500_rupees,legacy,5_legacy_lenovo_s820_row_2013:10:17,train
C:\Users\bhave\OneDrive\Desktop\Sem7\ComputerVision\Project\part2\dataset\dataset\fivehundred\157.jpg,5,500_rupees,legacy,5_legacy_lenovo_s820_row_2013:10:17,train
C:\Users\bhave\OneDrive\Desktop\Sem7\ComputerVision\Project\part2\dataset\dataset\fivehundred\158.jpg,5,500_rupees,legacy,5_legacy_lenovo_s820_row_2013:10:17,train
C:\Users\bhave\OneDrive\Desktop\Sem7\ComputerVision\Project\part2\dataset\dataset\fivehundred\159.jpg,5,500_rupees,legacy,5_legacy_lenovo_s820_row_2013:10:17,train
C:\Users\bhave\OneDrive\Desktop\Sem7\ComputerVision\Project\part2\dataset\dataset\fivehundred\16.jpg,5,500_rupees,legacy,5_legacy_samsung_gt-s6802_2013:05:10,train
C:\Users\bhave\OneDrive\Desktop\Sem7\ComputerVision\Project\part2\dataset\dataset\fivehundred\160.jpg,5,500_rupees,legacy,5_legacy_lenovo_s820_row_2013:10:17,train
C:\Users\bhave\OneDrive\Desktop\Sem7\ComputerVision\Project\part2\dataset\dataset\fivehundred\161.jpg,5,500_rupees,legacy,5_legacy_lenovo_s820_row_2013:10:17,train
C:\Users\bhave\OneDrive\Desktop\Sem7\ComputerVision\Project\part2\dataset\dataset\fivehundred\162.jpg,5,500_rupees,legacy,5_legacy_lenovo_s820_row_2013:10:17,train
C:\Users\bhave\OneDrive\Desktop\Sem7\ComputerVision\Project\part2\dataset\dataset\fivehundred\163.jpg,5,500_rupees,legacy,5_legacy_lenovo_s820_row_2013:10:17,train
C:\Users\bhave\OneDrive\Desktop\Sem7\ComputerVision\Project\part2\dataset\dataset\fivehundred\164.jpg,5,500_rupees,legacy,5_legacy_lenovo_s820_row_2013:10:17,train
C:\Users\bhave\OneDrive\Desktop\Sem7\ComputerVision\Project\part2\dataset\dataset\fivehundred\165.jpg,5,500_rupees,legacy,5_legacy_lenovo_s820_row_2013:10:17,train
C:\Users\bhave\OneDrive\Desktop\Sem7\ComputerVision\Project\part2\dataset\dataset\fivehundred\166.jpg,5,500_rupees,legacy,5_legacy_lenovo_s820_row_2013:10:17,train
C:\Users\bhave\OneDrive\Desktop\Sem7\ComputerVision\Project\part2\dataset\dataset\fivehundred\167.jpg,5,500_rupees,legacy,5_legacy_lenovo_s820_row_2013:10:17,train
C:\Users\bhave\OneDrive\Desktop\Sem7\ComputerVision\Project\part2\dataset\dataset\fivehundred\168.jpg,5,500_rupees,legacy,5_legacy_lenovo_s820_row_2013:10:17,train
C:\Users\bhave\OneDrive\Desktop\Sem7\ComputerVision\Project\part2\dataset\dataset\fivehundred\169.jpg,5,500_rupees,legacy,5_legacy_lenovo_s820_row_2013:10:17,train
C:\Users\bhave\OneDrive\Desktop\Sem7\ComputerVision\Project\part2\dataset\dataset\fivehundred\17.jpg,5,500_rupees,legacy,5_legacy_samsung_gt-s6802_2013:05:10,train
C:\Users\bhave\OneDrive\Desktop\Sem7\ComputerVision\Project\part2\dataset\dataset\fivehundred\170.jpg,5,500_rupees,legacy,5_legacy_lenovo_s820_row_2013:10:17,train
C:\Users\bhave\OneDrive\Desktop\Sem7\ComputerVision\Project\part2\dataset\dataset\fivehundred\171.jpg,5,500_rupees,legacy,5_legacy_lenovo_s820_row_2013:10:17,train
C:\Users\bhave\OneDrive\Desktop\Sem7\ComputerVision\Project\part2\dataset\dataset\fivehundred\172.jpg,5,500_rupees,legacy,5_legacy_lenovo_s820_row_2013:10:17,train
C:\Users\bhave\OneDrive\Desktop\Sem7\ComputerVision\Project\part2\dataset\dataset\fivehundred\173.jpg,5,500_rupees,legacy,5_legacy_lenovo_s820_row_2013:08:27,train
C:\Users\bhave\OneDrive\Desktop\Sem7\ComputerVision\Project\part2\dataset\dataset\fivehundred\174.jpg,5,500_rupees,legacy,5_legacy_lenovo_s820_row_2013:08:27,train
C:\Users\bhave\OneDrive\Desktop\Sem7\ComputerVision\Project\part2\dataset\dataset\fivehundred\175.jpg,5,500_rupees,legacy,5_legacy_lenovo_s820_row_2013:08:27,train
C:\Users\bhave\OneDrive\Desktop\Sem7\ComputerVision\Project\part2\dataset\dataset\fivehundred\176.jpg,5,500_rupees,legacy,5_legacy_lenovo_s820_row_2013:08:27,train
C:\Users\bhave\OneDrive\Desktop\Sem7\ComputerVision\Project\part2\dataset\dataset\fivehundred\177.jpg,5,500_rupees,legacy,5_legacy_lenovo_s820_row_2013:08:27,train
C:\Users\bhave\OneDrive\Desktop\Sem7\ComputerVision\Project\part2\dataset\dataset\fivehundred\178.jpg,5,500_rupees,legacy,5_legacy_lenovo_s820_row_2013:08:27,train
C:\Users\bhave\OneDrive\Desktop\Sem7\ComputerVision\Project\part2\dataset\dataset\fivehundred\179.jpg,5,500_rupees,legacy,5_legacy_lenovo_s820_row_2013:08:27,train
C:\Users\bhave\OneDrive\Desktop\Sem7\ComputerVision\Project\part2\dataset\dataset\fivehundred\18.jpg,5,500_rupees,legacy,5_legacy_samsung_gt-s6802_2013:05:10,train
C:\Users\bhave\OneDrive\Desktop\Sem7\ComputerVision\Project\part2\dataset\dataset\fivehundred\180.jpg,5,500_rupees,legacy,5_legacy_lenovo_s820_row_2013:08:27,train
C:\Users\bhave\OneDrive\Desktop\Sem7\ComputerVision\Project\part2\dataset\dataset\fivehundred\181.jpg,5,500_rupees,legacy,5_legacy_lenovo_s820_row_2013:08:27,train
C:\Users\bhave\OneDrive\Desktop\Sem7\ComputerVision\Project\part2\dataset\dataset\fivehundred\182.jpg,5,500_rupees,legacy,5_legacy_lenovo_s820_row_2013:08:27,train
C:\Users\bhave\OneDrive\Desktop\Sem7\ComputerVision\Project\part2\dataset\dataset\fivehundred\183.jpg,5,500_rupees,legacy,5_legacy_lenovo_s820_row_2013:08:27,train
C:\Users\bhave\OneDrive\Desktop\Sem7\ComputerVision\Project\part2\dataset\dataset\fivehundred\184.jpg,5,500_rupees,legacy,5_legacy_lenovo_s820_row_2013:08:27,train
C:\Users\bhave\OneDrive\Desktop\Sem7\ComputerVision\Project\part2\dataset\dataset\fivehundred\185.jpg,5,500_rupees,legacy,5_legacy_lenovo_s820_row_2013:08:27,train
C:\Users\bhave\OneDrive\Desktop\Sem7\ComputerVision\Project\part2\dataset\dataset\fivehundred\186.jpg,5,500_rupees,legacy,5_legacy_lenovo_s820_row_2013:08:27,train
C:\Users\bhave\OneDrive\Desktop\Sem7\ComputerVision\Project\part2\dataset\dataset\fivehundred\187.jpg,5,500_rupees,legacy,5_legacy_lenovo_s820_row_2013:08:27,train
C:\Users\bhave\OneDrive\Desktop\Sem7\ComputerVision\Project\part2\dataset\dataset\fivehundred\188.jpg,5,500_rupees,legacy,5_legacy_lenovo_s820_row_2013:08:27,train
C:\Users\bhave\OneDrive\Desktop\Sem7\ComputerVision\Project\part2\dataset\dataset\fivehundred\189.jpg,5,500_rupees,legacy,5_legacy_lenovo_s820_row_2013:08:27,train
C:\Users\bhave\OneDrive\Desktop\Sem7\ComputerVision\Project\part2\dataset\dataset\fivehundred\19.jpg,5,500_rupees,legacy,5_legacy_samsung_gt-s6802_2013:05:10,train
C:\Users\bhave\OneDrive\Desktop\Sem7\ComputerVision\Project\part2\dataset\dataset\fivehundred\190.jpg,5,500_rupees,legacy,5_legacy_lenovo_s820_row_2013:09:12,train
C:\Users\bhave\OneDrive\Desktop\Sem7\ComputerVision\Project\part2\dataset\dataset\fivehundred\191.jpg,5,500_rupees,legacy,5_legacy_lenovo_s820_row_2013:09:12,train
C:\Users\bhave\OneDrive\Desktop\Sem7\ComputerVision\Project\part2\dataset\dataset\fivehundred\192.jpg,5,500_rupees,legacy,5_legacy_lenovo_s820_row_2013:09:12,train
C:\Users\bhave\OneDrive\Desktop\Sem7\ComputerVision\Project\part2\dataset\dataset\fivehundred\193.jpg,5,500_rupees,legacy,5_legacy_lenovo_s820_row_2013:09:12,train
C:\Users\bhave\OneDrive\Desktop\Sem7\ComputerVision\Project\part2\dataset\dataset\fivehundred\194.jpg,5,500_rupees,legacy,5_legacy_lenovo_s820_row_2013:09:12,train
C:\Users\bhave\OneDrive\Desktop\Sem7\ComputerVision\Project\part2\dataset\dataset\fivehundred\195.jpg,5,500_rupees,legacy,5_legacy_lenovo_s820_row_2013:09:12,train
C:\Users\bhave\OneDrive\Desktop\Sem7\ComputerVision\Project\part2\dataset\dataset\fivehundred\196.jpg,5,500_rupees,legacy,5_legacy_lenovo_s820_row_2013:09:12,train
C:\Users\bhave\OneDrive\Desktop\Sem7\ComputerVision\Project\part2\dataset\dataset\fivehundred\197.jpg,5,500_rupees,legacy,5_legacy_lenovo_s820_row_2013:09:12,train
C:\Users\bhave\OneDrive\Desktop\Sem7\ComputerVision\Project\part2\dataset\dataset\fivehundred\198.jpg,5,500_rupees,legacy,5_legacy_lenovo_s820_row_2013:09:12,train
C:\Users\bhave\OneDrive\Desktop\Sem7\ComputerVision\Project\part2\dataset\dataset\fivehundred\199.jpg,5,500_rupees,legacy,5_legacy_lenovo_s820_row_2013:09:12,train
C:\Users\bhave\OneDrive\Desktop\Sem7\ComputerVision\Project\part2\dataset\dataset\fivehundred\2.jpg,5,500_rupees,legacy,5_legacy_samsung_gt-s6802_2013:05:09,train
C:\Users\bhave\OneDrive\Desktop\Sem7\ComputerVision\Project\part2\dataset\dataset\fivehundred\20.jpg,5,500_rupees,legacy,5_legacy_samsung_gt-s6802_2013:05:10,train
C:\Users\bhave\OneDrive\Desktop\Sem7\ComputerVision\Project\part2\dataset\dataset\fivehundred\200.jpg,5,500_rupees,legacy,5_legacy_lenovo_s820_row_2013:09:12,train
C:\Users\bhave\OneDrive\Desktop\Sem7\ComputerVision\Project\part2\dataset\dataset\fivehundred\201.jpg,5,500_rupees,legacy,5_legacy_lenovo_s820_row_2013:09:12,train
C:\Users\bhave\OneDrive\Desktop\Sem7\ComputerVision\Project\part2\dataset\dataset\fivehundred\202.jpg,5,500_rupees,legacy,5_legacy_lenovo_s820_row_2013:09:12,train
C:\Users\bhave\OneDrive\Desktop\Sem7\ComputerVision\Project\part2\dataset\dataset\fivehundred\203.jpg,5,500_rupees,legacy,5_legacy_lenovo_s820_row_2013:09:12,train
C:\Users\bhave\OneDrive\Desktop\Sem7\ComputerVision\Project\part2\dataset\dataset\fivehundred\204.jpg,5,500_rupees,legacy,5_legacy_lenovo_s820_row_2013:09:12,train
C:\Users\bhave\OneDrive\Desktop\Sem7\ComputerVision\Project\part2\dataset\dataset\fivehundred\205.jpg,5,500_rupees,legacy,5_legacy_lenovo_s820_row_2013:09:12,train
C:\Users\bhave\OneDrive\Desktop\Sem7\ComputerVision\Project\part2\dataset\dataset\fivehundred\206.jpg,5,500_rupees,legacy,5_legacy_lenovo_s820_row_2013:09:12,train
C:\Users\bhave\OneDrive\Desktop\Sem7\ComputerVision\Project\part2\dataset\dataset\fivehundred\207.jpg,5,500_rupees,legacy,5_legacy_lenovo_s820_row_2013:09:12,train
C:\Users\bhave\OneDrive\Desktop\Sem7\ComputerVision\Project\part2\dataset\dataset\fivehundred\208.jpg,5,500_rupees,legacy,5_legacy_lenovo_s820_row_2013:09:12,train
C:\Users\bhave\OneDrive\Desktop\Sem7\ComputerVision\Project\part2\dataset\dataset\fivehundred\209.jpg,5,500_rupees,legacy,5_legacy_lenovo_s820_row_2013:09:12,train
C:\Users\bhave\OneDrive\Desktop\Sem7\ComputerVision\Project\part2\dataset\dataset\fivehundred\21.jpg,5,500_rupees,legacy,5_legacy_samsung_gt-s6802_2013:05:10,train
C:\Users\bhave\OneDrive\Desktop\Sem7\ComputerVision\Project\part2\dataset\dataset\fivehundred\210.jpg,5,500_rupees,legacy,5_legacy_lenovo_s820_row_2013:09:12,train
C:\Users\bhave\OneDrive\Desktop\Sem7\ComputerVision\Project\part2\dataset\dataset\fivehundred\211.jpg,5,500_rupees,legacy,5_legacy_lenovo_s820_row_2013:09:12,train
C:\Users\bhave\OneDrive\Desktop\Sem7\ComputerVision\Project\part2\dataset\dataset\fivehundred\212.jpg,5,500_rupees,legacy,5_legacy_lenovo_s820_row_2013:09:12,train
C:\Users\bhave\OneDrive\Desktop\Sem7\ComputerVision\Project\part2\dataset\dataset\fivehundred\213.jpg,5,500_rupees,legacy,5_legacy_lenovo_s820_row_2013:09:12,train
C:\Users\bhave\OneDrive\Desktop\Sem7\ComputerVision\Project\part2\dataset\dataset\fivehundred\214.jpg,5,500_rupees,legacy,5_legacy_lenovo_s820_row_2013:09:12,train
C:\Users\bhave\OneDrive\Desktop\Sem7\ComputerVision\Project\part2\dataset\dataset\fivehundred\215.jpg,5,500_rupees,legacy,5_legacy_lenovo_s820_row_2013:09:12,train
C:\Users\bhave\OneDrive\Desktop\Sem7\ComputerVision\Project\part2\dataset\dataset\fivehundred\216.jpg,5,500_rupees,legacy,5_legacy_lenovo_s820_row_2013:09:12,train
C:\Users\bhave\OneDrive\Desktop\Sem7\ComputerVision\Project\part2\dataset\dataset\fivehundred\217.jpg,5,500_rupees,legacy,5_legacy_lenovo_s820_row_2013:09:12,train
C:\Users\bhave\OneDrive\Desktop\Sem7\ComputerVision\Project\part2\dataset\dataset\fivehundred\218.jpg,5,500_rupees,legacy,5_legacy_lenovo_s820_row_2013:09:12,train
C:\Users\bhave\OneDrive\Desktop\Sem7\ComputerVision\Project\part2\dataset\dataset\fivehundred\219.jpg,5,500_rupees,legacy,5_legacy_lenovo_s820_row_2013:09:12,train
C:\Users\bhave\OneDrive\Desktop\Sem7\ComputerVision\Project\part2\dataset\dataset\fivehundred\22.jpg,5,500_rupees,legacy,5_legacy_samsung_gt-s6802_2013:05:10,train
C:\Users\bhave\OneDrive\Desktop\Sem7\ComputerVision\Project\part2\dataset\dataset\fivehundred\220.jpg,5,500_rupees,legacy,5_legacy_lenovo_s820_row_2013:09:12,train
C:\Users\bhave\OneDrive\Desktop\Sem7\ComputerVision\Project\part2\dataset\dataset\fivehundred\221.jpg,5,500_rupees,legacy,5_legacy_lenovo_s820_row_2013:09:12,train
C:\Users\bhave\OneDrive\Desktop\Sem7\ComputerVision\Project\part2\dataset\dataset\fivehundred\222.jpg,5,500_rupees,legacy,5_legacy_lenovo_s820_row_2013:09:12,train
C:\Users\bhave\OneDrive\Desktop\Sem7\ComputerVision\Project\part2\dataset\dataset\fivehundred\223.jpg,5,500_rupees,legacy,5_legacy_lenovo_s820_row_2013:09:12,train
C:\Users\bhave\OneDrive\Desktop\Sem7\ComputerVision\Project\part2\dataset\dataset\fivehundred\224.jpg,5,500_rupees,legacy,5_legacy_lenovo_s820_row_2013:09:12,train
C:\Users\bhave\OneDrive\Desktop\Sem7\ComputerVision\Project\part2\dataset\dataset\fivehundred\225.jpg,5,500_rupees,legacy,5_legacy_lenovo_s820_row_2013:09:12,train
C:\Users\bhave\OneDrive\Desktop\Sem7\ComputerVision\Project\part2\dataset\dataset\fivehundred\226.jpg,5,500_rupees,legacy,5_legacy_lenovo_s820_row_2013:09:12,train
C:\Users\bhave\OneDrive\Desktop\Sem7\ComputerVision\Project\part2\dataset\dataset\fivehundred\227.jpg,5,500_rupees,legacy,5_legacy_lenovo_s820_row_2013:09:12,train
C:\Users\bhave\OneDrive\Desktop\Sem7\ComputerVision\Project\part2\dataset\dataset\fivehundred\228.jpg,5,500_rupees,legacy,5_legacy_lenovo_s820_row_2013:09:12,train
C:\Users\bhave\OneDrive\Desktop\Sem7\ComputerVision\Project\part2\dataset\dataset\fivehundred\229.jpg,5,500_rupees,legacy,5_legacy_lenovo_s820_row_2013:09:12,train
C:\Users\bhave\OneDrive\Desktop\Sem7\ComputerVision\Project\part2\dataset\dataset\fivehundred\23.jpg,5,500_rupees,legacy,5_legacy_samsung_gt-s6802_2013:05:10,train
C:\Users\bhave\OneDrive\Desktop\Sem7\ComputerVision\Project\part2\dataset\dataset\fivehundred\230.jpg,5,500_rupees,legacy,5_legacy_lenovo_s820_row_2013:09:12,train
C:\Users\bhave\OneDrive\Desktop\Sem7\ComputerVision\Project\part2\dataset\dataset\fivehundred\231.jpg,5,500_rupees,legacy,5_legacy_lenovo_s820_row_2013:09:12,train
C:\Users\bhave\OneDrive\Desktop\Sem7\ComputerVision\Project\part2\dataset\dataset\fivehundred\232.jpg,5,500_rupees,legacy,5_legacy_lenovo_s820_row_2013:09:12,train
C:\Users\bhave\OneDrive\Desktop\Sem7\ComputerVision\Project\part2\dataset\dataset\fivehundred\233.jpg,5,500_rupees,legacy,5_legacy_lenovo_s820_row_2013:09:12,train
C:\Users\bhave\OneDrive\Desktop\Sem7\ComputerVision\Project\part2\dataset\dataset\fivehundred\234.jpg,5,500_rupees,legacy,5_legacy_lenovo_s820_row_2013:09:12,train
C:\Users\bhave\OneDrive\Desktop\Sem7\ComputerVision\Project\part2\dataset\dataset\fivehundred\235.jpg,5,500_rupees,legacy,5_legacy_lenovo_s820_row_2013:09:12,train
C:\Users\bhave\OneDrive\Desktop\Sem7\ComputerVision\Project\part2\dataset\dataset\fivehundred\236.jpg,5,500_rupees,legacy,5_legacy_lenovo_s820_row_2013:09:12,train
C:\Users\bhave\OneDrive\Desktop\Sem7\ComputerVision\Project\part2\dataset\dataset\fivehundred\237.jpg,5,500_rupees,legacy,5_legacy_lenovo_s820_row_2013:09:12,train
C:\Users\bhave\OneDrive\Desktop\Sem7\ComputerVision\Project\part2\dataset\dataset\fivehundred\238.jpg,5,500_rupees,legacy,5_legacy_lenovo_s820_row_2013:09:12,train
C:\Users\bhave\OneDrive\Desktop\Sem7\ComputerVision\Project\part2\dataset\dataset\fivehundred\239.jpg,5,500_rupees,legacy,5_legacy_lenovo_s820_row_2013:09:12,train
C:\Users\bhave\OneDrive\Desktop\Sem7\ComputerVision\Project\part2\dataset\dataset\fivehundred\24.jpg,5,500_rupees,legacy,5_legacy_samsung_gt-s6802_2013:05:10,train
C:\Users\bhave\OneDrive\Desktop\Sem7\ComputerVision\Project\part2\dataset\dataset\fivehundred\240.jpg,5,500_rupees,legacy,5_legacy_lenovo_s820_row_2013:09:12,train
C:\Users\bhave\OneDrive\Desktop\Sem7\ComputerVision\Project\part2\dataset\dataset\fivehundred\241.jpg,5,500_rupees,legacy,5_legacy_lenovo_s820_row_2013:09:12,train
C:\Users\bhave\OneDrive\Desktop\Sem7\ComputerVision\Project\part2\dataset\dataset\fivehundred\242.jpg,5,500_rupees,legacy,5_legacy_lenovo_s820_row_2013:09:12,train
C:\Users\bhave\OneDrive\Desktop\Sem7\ComputerVision\Project\part2\dataset\dataset\fivehundred\243.jpg,5,500_rupees,legacy,5_legacy_lenovo_s820_row_2013:09:12,train
C:\Users\bhave\OneDrive\Desktop\Sem7\ComputerVision\Project\part2\dataset\dataset\fivehundred\244.jpg,5,500_rupees,legacy,5_legacy_lenovo_s820_row_2013:09:12,train
C:\Users\bhave\OneDrive\Desktop\Sem7\ComputerVision\Project\part2\dataset\dataset\fivehundred\245.jpg,5,500_rupees,legacy,5_legacy_lenovo_s820_row_2013:09:12,train
C:\Users\bhave\OneDrive\Desktop\Sem7\ComputerVision\Project\part2\dataset\dataset\fivehundred\246.jpg,5,500_rupees,legacy,5_legacy_lenovo_s820_row_2013:09:12,train
C:\Users\bhave\OneDrive\Desktop\Sem7\ComputerVision\Project\part2\dataset\dataset\fivehundred\247.jpg,5,500_rupees,legacy,5_legacy_lenovo_s820_row_2013:09:12,train
C:\Users\bhave\OneDrive\Desktop\Sem7\ComputerVision\Project\part2\dataset\dataset\fivehundred\248.jpg,5,500_rupees,legacy,5_legacy_lenovo_s820_row_2013:09:12,train
C:\Users\bhave\OneDrive\Desktop\Sem7\ComputerVision\Project\part2\dataset\dataset\fivehundred\249.jpg,5,500_rupees,legacy,5_legacy_lenovo_s820_row_2013:09:12,train
C:\Users\bhave\OneDrive\Desktop\Sem7\ComputerVision\Project\part2\dataset\dataset\fivehundred\25.jpg,5,500_rupees,legacy,5_legacy_samsung_gt-s6802_2013:05:10,train
C:\Users\bhave\OneDrive\Desktop\Sem7\ComputerVision\Project\part2\dataset\dataset\fivehundred\250.jpg,5,500_rupees,legacy,5_legacy_lenovo_s820_row_2013:09:12,train
C:\Users\bhave\OneDrive\Desktop\Sem7\ComputerVision\Project\part2\dataset\dataset\fivehundred\251.jpg,5,500_rupees,legacy,5_legacy_lenovo_s820_row_2013:09:12,train
C:\Users\bhave\OneDrive\Desktop\Sem7\ComputerVision\Project\part2\dataset\dataset\fivehundred\252.jpg,5,500_rupees,legacy,5_legacy_lenovo_s820_row_2013:09:12,train
C:\Users\bhave\OneDrive\Desktop\Sem7\ComputerVision\Project\part2\dataset\dataset\fivehundred\253.jpg,5,500_rupees,legacy,5_legacy_lenovo_s820_row_2013:09:12,train
C:\Users\bhave\OneDrive\Desktop\Sem7\ComputerVision\Project\part2\dataset\dataset\fivehundred\254.jpg,5,500_rupees,legacy,5_legacy_lenovo_s820_row_2013:09:12,train
C:\Users\bhave\OneDrive\Desktop\Sem7\ComputerVision\Project\part2\dataset\dataset\fivehundred\255.jpg,5,500_rupees,legacy,5_legacy_lenovo_s820_row_2013:09:12,train
C:\Users\bhave\OneDrive\Desktop\Sem7\ComputerVision\Project\part2\dataset\dataset\fivehundred\256.jpg,5,500_rupees,legacy,5_legacy_lenovo_s820_row_2013:09:12,train
C:\Users\bhave\OneDrive\Desktop\Sem7\ComputerVision\Project\part2\dataset\dataset\fivehundred\257.jpg,5,500_rupees,legacy,5_legacy_lenovo_s820_row_2013:09:12,train
C:\Users\bhave\OneDrive\Desktop\Sem7\ComputerVision\Project\part2\dataset\dataset\fivehundred\258.jpg,5,500_rupees,legacy,5_legacy_lenovo_s820_row_2013:09:12,train
C:\Users\bhave\OneDrive\Desktop\Sem7\ComputerVision\Project\part2\dataset\dataset\fivehundred\259.jpg,5,500_rupees,legacy,5_legacy_lenovo_s820_row_2013:09:12,train
C:\Users\bhave\OneDrive\Desktop\Sem7\ComputerVision\Project\part2\dataset\dataset\fivehundred\26.jpg,5,500_rupees,legacy,5_legacy_samsung_gt-s6802_2013:05:10,train
C:\Users\bhave\OneDrive\Desktop\Sem7\ComputerVision\Project\part2\dataset\dataset\fivehundred\260.jpg,5,500_rupees,legacy,5_legacy_lenovo_s820_row_2013:09:12,train
C:\Users\bhave\OneDrive\Desktop\Sem7\ComputerVision\Project\part2\dataset\dataset\fivehundred\261.jpg,5,500_rupees,legacy,5_legacy_lenovo_s820_row_2013:09:12,train
C:\Users\bhave\OneDrive\Desktop\Sem7\ComputerVision\Project\part2\dataset\dataset\fivehundred\262.jpg,5,500_rupees,legacy,5_legacy_lenovo_s820_row_2013:09:12,train
C:\Users\bhave\OneDrive\Desktop\Sem7\ComputerVision\Project\part2\dataset\dataset\fivehundred\263.jpg,5,500_rupees,legacy,5_legacy_lenovo_s820_row_2013:09:12,train
C:\Users\bhave\OneDrive\Desktop\Sem7\ComputerVision\Project\part2\dataset\dataset\fivehundred\264.jpg,5,500_rupees,legacy,5_legacy_lenovo_s820_row_2013:09:12,train
C:\Users\bhave\OneDrive\Desktop\Sem7\ComputerVision\Project\part2\dataset\dataset\fivehundred\265.jpg,5,500_rupees,legacy,5_legacy_lenovo_s820_row_2013:09:12,train
C:\Users\bhave\OneDrive\Desktop\Sem7\ComputerVision\Project\part2\dataset\dataset\fivehundred\266.jpg,5,500_rupees,legacy,5_legacy_lenovo_s820_row_2013:09:12,train
C:\Users\bhave\OneDrive\Desktop\Sem7\ComputerVision\Project\part2\dataset\dataset\fivehundred\267.jpg,5,500_rupees,legacy,5_legacy_lenovo_s820_row_2013:09:12,train
C:\Users\bhave\OneDrive\Desktop\Sem7\ComputerVision\Project\part2\dataset\dataset\fivehundred\268.jpg,5,500_rupees,legacy,5_legacy_lenovo_s820_row_2013:09:12,train
C:\Users\bhave\OneDrive\Desktop\Sem7\ComputerVision\Project\part2\dataset\dataset\fivehundred\269.jpg,5,500_rupees,legacy,5_legacy_lenovo_s820_row_2013:09:12,train
C:\Users\bhave\OneDrive\Desktop\Sem7\ComputerVision\Project\part2\dataset\dataset\fivehundred\27.jpg,5,500_rupees,legacy,5_legacy_samsung_gt-s6802_2013:05:10,train
C:\Users\bhave\OneDrive\Desktop\Sem7\ComputerVision\Project\part2\dataset\dataset\fivehundred\270.jpg,5,500_rupees,legacy,5_legacy_lenovo_s820_row_2013:09:12,train
C:\Users\bhave\OneDrive\Desktop\Sem7\ComputerVision\Project\part2\dataset\dataset\fivehundred\271.jpg,5,500_rupees,legacy,5_legacy_lenovo_s820_row_2013:09:12,train
C:\Users\bhave\OneDrive\Desktop\Sem7\ComputerVision\Project\part2\dataset\dataset\fivehundred\272.jpg,5,500_rupees,legacy,5_legacy_lenovo_s820_row_2013:09:12,train
C:\Users\bhave\OneDrive\Desktop\Sem7\ComputerVision\Project\part2\dataset\dataset\fivehundred\273.jpg,5,500_rupees,legacy,5_legacy_lenovo_s820_row_2013:09:12,train
C:\Users\bhave\OneDrive\Desktop\Sem7\ComputerVision\Project\part2\dataset\dataset\fivehundred\274.jpg,5,500_rupees,legacy,5_legacy_lenovo_s820_row_2013:09:12,train
C:\Users\bhave\OneDrive\Desktop\Sem7\ComputerVision\Project\part2\dataset\dataset\fivehundred\275.jpg,5,500_rupees,legacy,5_legacy_lenovo_s820_row_2013:09:12,train
C:\Users\bhave\OneDrive\Desktop\Sem7\ComputerVision\Project\part2\dataset\dataset\fivehundred\276.jpg,5,500_rupees,legacy,5_legacy_lenovo_s820_row_2013:09:12,train
C:\Users\bhave\OneDrive\Desktop\Sem7\ComputerVision\Project\part2\dataset\dataset\fivehundred\277.jpg,5,500_rupees,legacy,5_legacy_lenovo_s820_row_2013:09:12,train
C:\Users\bhave\OneDrive\Desktop\Sem7\ComputerVision\Project\part2\dataset\dataset\fivehundred\278.jpg,5,500_rupees,legacy,5_legacy_lenovo_s820_row_2013:09:12,train
C:\Users\bhave\OneDrive\Desktop\Sem7\ComputerVision\Project\part2\dataset\dataset\fivehundred\279.jpg,5,500_rupees,legacy,5_legacy_lenovo_s820_row_2013:09:12,train
C:\Users\bhave\OneDrive\Desktop\Sem7\ComputerVision\Project\part2\dataset\dataset\fivehundred\28.jpg,5,500_rupees,legacy,5_legacy_samsung_gt-s6802_2013:05:10,train
C:\Users\bhave\OneDrive\Desktop\Sem7\ComputerVision\Project\part2\dataset\dataset\fivehundred\280.jpg,5,500_rupees,legacy,5_legacy_lenovo_s820_row_2013:09:12,train
C:\Users\bhave\OneDrive\Desktop\Sem7\ComputerVision\Project\part2\dataset\dataset\fivehundred\281.jpg,5,500_rupees,legacy,5_legacy_lenovo_s820_row_2013:09:12,train
C:\Users\bhave\OneDrive\Desktop\Sem7\ComputerVision\Project\part2\dataset\dataset\fivehundred\282.jpg,5,500_rupees,legacy,5_legacy_lenovo_s820_row_2013:09:12,train
C:\Users\bhave\OneDrive\Desktop\Sem7\ComputerVision\Project\part2\dataset\dataset\fivehundred\283.jpg,5,500_rupees,legacy,5_legacy_lenovo_s820_row_2013:09:12,train
C:\Users\bhave\OneDrive\Desktop\Sem7\ComputerVision\Project\part2\dataset\dataset\fivehundred\284.jpg,5,500_rupees,legacy,5_legacy_lenovo_s820_row_2013:09:12,train
C:\Users\bhave\OneDrive\Desktop\Sem7\ComputerVision\Project\part2\dataset\dataset\fivehundred\285.jpg,5,500_rupees,legacy,5_legacy_lenovo_s820_row_2013:09:12,train
C:\Users\bhave\OneDrive\Desktop\Sem7\ComputerVision\Project\part2\dataset\dataset\fivehundred\286.jpg,5,500_rupees,legacy,5_legacy_lenovo_s820_row_2013:09:12,train
C:\Users\bhave\OneDrive\Desktop\Sem7\ComputerVision\Project\part2\dataset\dataset\fivehundred\287.jpg,5,500_rupees,legacy,5_legacy_lenovo_s820_row_2013:09:12,train
C:\Users\bhave\OneDrive\Desktop\Sem7\ComputerVision\Project\part2\dataset\dataset\fivehundred\288.jpg,5,500_rupees,legacy,5_legacy_lenovo_s820_row_2013:09:12,train
C:\Users\bhave\OneDrive\Desktop\Sem7\ComputerVision\Project\part2\dataset\dataset\fivehundred\289.jpg,5,500_rupees,legacy,5_legacy_lenovo_s820_row_2013:09:12,train
C:\Users\bhave\OneDrive\Desktop\Sem7\ComputerVision\Project\part2\dataset\dataset\fivehundred\29.jpg,5,500_rupees,legacy,5_legacy_samsung_gt-s6802_2013:05:10,train
C:\Users\bhave\OneDrive\Desktop\Sem7\ComputerVision\Project\part2\dataset\dataset\fivehundred\290.jpg,5,500_rupees,legacy,5_legacy_lenovo_s820_row_2013:09:12,train
C:\Users\bhave\OneDrive\Desktop\Sem7\ComputerVision\Project\part2\dataset\dataset\fivehundred\291.jpg,5,500_rupees,legacy,5_legacy_lenovo_s820_row_2013:09:12,train
C:\Users\bhave\OneDrive\Desktop\Sem7\ComputerVision\Project\part2\dataset\dataset\fivehundred\292.jpg,5,500_rupees,legacy,5_legacy_lenovo_s820_row_2013:09:12,train
C:\Users\bhave\OneDrive\Desktop\Sem7\ComputerVision\Project\part2\dataset\dataset\fivehundred\293.jpg,5,500_rupees,legacy,5_legacy_lenovo_s820_row_2013:09:12,train
C:\Users\bhave\OneDrive\Desktop\Sem7\ComputerVision\Project\part2\dataset\dataset\fivehundred\294.jpg,5,500_rupees,legacy,5_legacy_lenovo_s820_row_2013:09:12,train
C:\Users\bhave\OneDrive\Desktop\Sem7\ComputerVision\Project\part2\dataset\dataset\fivehundred\295.jpg,5,500_rupees,legacy,5_legacy_lenovo_s820_row_2013:09:12,train
C:\Users\bhave\OneDrive\Desktop\Sem7\ComputerVision\Project\part2\dataset\dataset\fivehundred\296.jpg,5,500_rupees,legacy,5_legacy_lenovo_s820_row_2013:09:12,train
C:\Users\bhave\OneDrive\Desktop\Sem7\ComputerVision\Project\part2\dataset\dataset\fivehundred\297.jpg,5,500_rupees,legacy,5_legacy_lenovo_s820_row_2013:09:12,train
C:\Users\bhave\OneDrive\Desktop\Sem7\ComputerVision\Project\part2\dataset\dataset\fivehundred\298.jpg,5,500_rupees,legacy,5_legacy_lenovo_s820_row_2013:09:12,train
C:\Users\bhave\OneDrive\Desktop\Sem7\ComputerVision\Project\part2\dataset\dataset\fivehundred\299.jpg,5,500_rupees,legacy,5_legacy_lenovo_s820_row_2013:09:12,train
C:\Users\bhave\OneDrive\Desktop\Sem7\ComputerVision\Project\part2\dataset\dataset\fivehundred\3.jpg,5,500_rupees,legacy,5_legacy_samsung_gt-s6802_2013:05:09,train
C:\Users\bhave\OneDrive\Desktop\Sem7\ComputerVision\Project\part2\dataset\dataset\fivehundred\30.jpg,5,500_rupees,legacy,5_legacy_samsung_gt-s6802_2013:05:10,train
C:\Users\bhave\OneDrive\Desktop\Sem7\ComputerVision\Project\part2\dataset\dataset\fivehundred\300.jpg,5,500_rupees,legacy,5_legacy_lenovo_s820_row_2013:09:12,train
C:\Users\bhave\OneDrive\Desktop\Sem7\ComputerVision\Project\part2\dataset\dataset\fivehundred\301.jpg,5,500_rupees,legacy,5_legacy_lenovo_s820_row_2013:09:12,train
C:\Users\bhave\OneDrive\Desktop\Sem7\ComputerVision\Project\part2\dataset\dataset\fivehundred\302.jpg,5,500_rupees,legacy,5_legacy_lenovo_s820_row_2013:09:12,train
C:\Users\bhave\OneDrive\Desktop\Sem7\ComputerVision\Project\part2\dataset\dataset\fivehundred\303.jpg,5,500_rupees,legacy,5_legacy_lenovo_s820_row_2013:09:12,train
C:\Users\bhave\OneDrive\Desktop\Sem7\ComputerVision\Project\part2\dataset\dataset\fivehundred\304.jpg,5,500_rupees,legacy,5_legacy_lenovo_s820_row_2013:09:12,train
C:\Users\bhave\OneDrive\Desktop\Sem7\ComputerVision\Project\part2\dataset\dataset\fivehundred\305.jpg,5,500_rupees,legacy,5_legacy_lenovo_s820_row_2013:09:12,train
C:\Users\bhave\OneDrive\Desktop\Sem7\ComputerVision\Project\part2\dataset\dataset\fivehundred\306.jpg,5,500_rupees,legacy,5_legacy_lenovo_s820_row_2013:09:12,train
C:\Users\bhave\OneDrive\Desktop\Sem7\ComputerVision\Project\part2\dataset\dataset\fivehundred\307.jpg,5,500_rupees,legacy,5_legacy_lenovo_s820_row_2013:09:12,train
C:\Users\bhave\OneDrive\Desktop\Sem7\ComputerVision\Project\part2\dataset\dataset\fivehundred\308.jpg,5,500_rupees,legacy,5_legacy_lenovo_s820_row_2013:09:12,train
C:\Users\bhave\OneDrive\Desktop\Sem7\ComputerVision\Project\part2\dataset\dataset\fivehundred\309.jpg,5,500_rupees,legacy,5_legacy_lenovo_s820_row_2013:09:12,train
C:\Users\bhave\OneDrive\Desktop\Sem7\ComputerVision\Project\part2\dataset\dataset\fivehundred\31.jpg,5,500_rupees,legacy,5_legacy_samsung_gt-s6802_2013:05:10,train
C:\Users\bhave\OneDrive\Desktop\Sem7\ComputerVision\Project\part2\dataset\dataset\fivehundred\310.jpg,5,500_rupees,legacy,5_legacy_lenovo_s820_row_2013:09:12,train
C:\Users\bhave\OneDrive\Desktop\Sem7\ComputerVision\Project\part2\dataset\dataset\fivehundred\311.jpg,5,500_rupees,legacy,5_legacy_lenovo_s820_row_2013:09:12,train
C:\Users\bhave\OneDrive\Desktop\Sem7\ComputerVision\Project\part2\dataset\dataset\fivehundred\312.jpg,5,500_rupees,legacy,5_legacy_lenovo_s820_row_2013:09:12,train
C:\Users\bhave\OneDrive\Desktop\Sem7\ComputerVision\Project\part2\dataset\dataset\fivehundred\313.jpg,5,500_rupees,legacy,5_legacy_lenovo_s820_row_2013:09:12,train
C:\Users\bhave\OneDrive\Desktop\Sem7\ComputerVision\Project\part2\dataset\dataset\fivehundred\314.jpg,5,500_rupees,legacy,5_legacy_lenovo_s820_row_2013:09:12,train
C:\Users\bhave\OneDrive\Desktop\Sem7\ComputerVision\Project\part2\dataset\dataset\fivehundred\315.jpg,5,500_rupees,legacy,5_legacy_lenovo_s820_row_2013:09:12,train
C:\Users\bhave\OneDrive\Desktop\Sem7\ComputerVision\Project\part2\dataset\dataset\fivehundred\316.jpg,5,500_rupees,legacy,5_legacy_lenovo_s820_row_2013:09:12,train
C:\Users\bhave\OneDrive\Desktop\Sem7\ComputerVision\Project\part2\dataset\dataset\fivehundred\317.jpg,5,500_rupees,legacy,5_legacy_lenovo_s820_row_2013:09:12,train
C:\Users\bhave\OneDrive\Desktop\Sem7\ComputerVision\Project\part2\dataset\dataset\fivehundred\318.jpg,5,500_rupees,legacy,5_legacy_lenovo_s820_row_2013:09:12,train
C:\Users\bhave\OneDrive\Desktop\Sem7\ComputerVision\Project\part2\dataset\dataset\fivehundred\319.jpg,5,500_rupees,legacy,5_legacy_lenovo_s820_row_2013:09:12,train
C:\Users\bhave\OneDrive\Desktop\Sem7\ComputerVision\Project\part2\dataset\dataset\fivehundred\32.jpg,5,500_rupees,legacy,5_legacy_samsung_gt-s6802_2013:05:10,train
C:\Users\bhave\OneDrive\Desktop\Sem7\ComputerVision\Project\part2\dataset\dataset\fivehundred\320.jpg,5,500_rupees,legacy,5_legacy_htc_htc_wildfire_2013:05:30,train
C:\Users\bhave\OneDrive\Desktop\Sem7\ComputerVision\Project\part2\dataset\dataset\fivehundred\321.jpg,5,500_rupees,legacy,5_legacy_htc_htc_wildfire_2013:05:30,train
C:\Users\bhave\OneDrive\Desktop\Sem7\ComputerVision\Project\part2\dataset\dataset\fivehundred\322.jpg,5,500_rupees,legacy,5_legacy_htc_htc_wildfire_2013:05:30,train
C:\Users\bhave\OneDrive\Desktop\Sem7\ComputerVision\Project\part2\dataset\dataset\fivehundred\323.jpg,5,500_rupees,legacy,5_legacy_htc_htc_wildfire_2013:05:30,train
C:\Users\bhave\OneDrive\Desktop\Sem7\ComputerVision\Project\part2\dataset\dataset\fivehundred\324.jpg,5,500_rupees,legacy,5_legacy_htc_htc_wildfire_2013:05:30,train
C:\Users\bhave\OneDrive\Desktop\Sem7\ComputerVision\Project\part2\dataset\dataset\fivehundred\325.jpg,5,500_rupees,legacy,5_legacy_htc_htc_wildfire_2013:05:30,train
C:\Users\bhave\OneDrive\Desktop\Sem7\ComputerVision\Project\part2\dataset\dataset\fivehundred\326.jpg,5,500_rupees,legacy,5_legacy_htc_htc_wildfire_2013:05:30,train
C:\Users\bhave\OneDrive\Desktop\Sem7\ComputerVision\Project\part2\dataset\dataset\fivehundred\327.jpg,5,500_rupees,legacy,5_legacy_htc_htc_wildfire_2013:05:30,train
C:\Users\bhave\OneDrive\Desktop\Sem7\ComputerVision\Project\part2\dataset\dataset\fivehundred\328.jpg,5,500_rupees,legacy,5_legacy_htc_htc_wildfire_2013:05:30,train
C:\Users\bhave\OneDrive\Desktop\Sem7\ComputerVision\Project\part2\dataset\dataset\fivehundred\329.jpg,5,500_rupees,legacy,5_legacy_samsung_gt-s6802_2013:05:27,train
C:\Users\bhave\OneDrive\Desktop\Sem7\ComputerVision\Project\part2\dataset\dataset\fivehundred\33.jpg,5,500_rupees,legacy,5_legacy_samsung_gt-s6802_2013:05:10,train
C:\Users\bhave\OneDrive\Desktop\Sem7\ComputerVision\Project\part2\dataset\dataset\fivehundred\330.jpg,5,500_rupees,legacy,5_legacy_samsung_gt-s6802_2013:05:27,train
C:\Users\bhave\OneDrive\Desktop\Sem7\ComputerVision\Project\part2\dataset\dataset\fivehundred\331.jpg,5,500_rupees,legacy,5_legacy_samsung_gt-s6802_2013:05:30,train
C:\Users\bhave\OneDrive\Desktop\Sem7\ComputerVision\Project\part2\dataset\dataset\fivehundred\332.jpg,5,500_rupees,legacy,5_legacy_samsung_gt-s6802_2013:05:30,train
C:\Users\bhave\OneDrive\Desktop\Sem7\ComputerVision\Project\part2\dataset\dataset\fivehundred\333.jpg,5,500_rupees,legacy,5_legacy_samsung_gt-s6802_2013:05:30,train
C:\Users\bhave\OneDrive\Desktop\Sem7\ComputerVision\Project\part2\dataset\dataset\fivehundred\334.jpg,5,500_rupees,legacy,5_legacy_samsung_gt-s6802_2013:05:30,train
C:\Users\bhave\OneDrive\Desktop\Sem7\ComputerVision\Project\part2\dataset\dataset\fivehundred\335.jpg,5,500_rupees,legacy,5_legacy_samsung_gt-s6802_2013:05:30,train
C:\Users\bhave\OneDrive\Desktop\Sem7\ComputerVision\Project\part2\dataset\dataset\fivehundred\336.jpg,5,500_rupees,legacy,5_legacy_samsung_gt-s6802_2013:05:30,train
C:\Users\bhave\OneDrive\Desktop\Sem7\ComputerVision\Project\part2\dataset\dataset\fivehundred\337.jpg,5,500_rupees,legacy,5_legacy_samsung_gt-s6802_2013:05:30,train
C:\Users\bhave\OneDrive\Desktop\Sem7\ComputerVision\Project\part2\dataset\dataset\fivehundred\338.jpg,5,500_rupees,legacy,5_legacy_samsung_gt-s6802_2013:05:30,train
C:\Users\bhave\OneDrive\Desktop\Sem7\ComputerVision\Project\part2\dataset\dataset\fivehundred\34.jpg,5,500_rupees,legacy,5_legacy_samsung_gt-s6802_2013:05:10,train
C:\Users\bhave\OneDrive\Desktop\Sem7\ComputerVision\Project\part2\dataset\dataset\fivehundred\35.jpg,5,500_rupees,legacy,5_legacy_samsung_gt-s6802_2013:05:10,train
C:\Users\bhave\OneDrive\Desktop\Sem7\ComputerVision\Project\part2\dataset\dataset\fivehundred\36.jpg,5,500_rupees,legacy,5_legacy_samsung_gt-s6802_2013:05:10,train
C:\Users\bhave\OneDrive\Desktop\Sem7\ComputerVision\Project\part2\dataset\dataset\fivehundred\37.jpg,5,500_rupees,legacy,5_legacy_samsung_gt-s6802_2013:05:10,train
C:\Users\bhave\OneDrive\Desktop\Sem7\ComputerVision\Project\part2\dataset\dataset\fivehundred\38.jpg,5,500_rupees,legacy,5_legacy_samsung_gt-s6802_2013:05:10,train
C:\Users\bhave\OneDrive\Desktop\Sem7\ComputerVision\Project\part2\dataset\dataset\fivehundred\39.jpg,5,500_rupees,legacy,5_legacy_samsung_gt-s6802_2013:05:10,train
C:\Users\bhave\OneDrive\Desktop\Sem7\ComputerVision\Project\part2\dataset\dataset\fivehundred\4.jpg,5,500_rupees,legacy,5_legacy_samsung_gt-s6802_2013:05:09,train
C:\Users\bhave\OneDrive\Desktop\Sem7\ComputerVision\Project\part2\dataset\dataset\fivehundred\40.jpg,5,500_rupees,legacy,5_legacy_samsung_gt-s6802_2013:05:10,train
C:\Users\bhave\OneDrive\Desktop\Sem7\ComputerVision\Project\part2\dataset\dataset\fivehundred\41.jpg,5,500_rupees,legacy,5_legacy_samsung_gt-s6802_2013:05:10,train
C:\Users\bhave\OneDrive\Desktop\Sem7\ComputerVision\Project\part2\dataset\dataset\fivehundred\42.jpg,5,500_rupees,legacy,5_legacy_samsung_gt-s6802_2013:05:10,train
C:\Users\bhave\OneDrive\Desktop\Sem7\ComputerVision\Project\part2\dataset\dataset\fivehundred\43.jpg,5,500_rupees,legacy,5_legacy_lenovo_s820_row_2013:10:14,train
C:\Users\bhave\OneDrive\Desktop\Sem7\ComputerVision\Project\part2\dataset\dataset\fivehundred\44.jpg,5,500_rupees,legacy,5_legacy_lenovo_s820_row_2013:10:14,train
C:\Users\bhave\OneDrive\Desktop\Sem7\ComputerVision\Project\part2\dataset\dataset\fivehundred\45.jpg,5,500_rupees,legacy,5_legacy_lenovo_s820_row_2013:10:14,train
C:\Users\bhave\OneDrive\Desktop\Sem7\ComputerVision\Project\part2\dataset\dataset\fivehundred\46.jpg,5,500_rupees,legacy,5_legacy_lenovo_s820_row_2013:10:14,train
C:\Users\bhave\OneDrive\Desktop\Sem7\ComputerVision\Project\part2\dataset\dataset\fivehundred\47.jpg,5,500_rupees,legacy,5_legacy_lenovo_s820_row_2013:10:14,train
C:\Users\bhave\OneDrive\Desktop\Sem7\ComputerVision\Project\part2\dataset\dataset\fivehundred\48.jpg,5,500_rupees,legacy,5_legacy_lenovo_s820_row_2013:10:14,train
C:\Users\bhave\OneDrive\Desktop\Sem7\ComputerVision\Project\part2\dataset\dataset\fivehundred\49.jpg,5,500_rupees,legacy,5_legacy_lenovo_s820_row_2013:10:14,train
C:\Users\bhave\OneDrive\Desktop\Sem7\ComputerVision\Project\part2\dataset\dataset\fivehundred\5.jpg,5,500_rupees,legacy,5_legacy_samsung_gt-s6802_2013:05:09,train
C:\Users\bhave\OneDrive\Desktop\Sem7\ComputerVision\Project\part2\dataset\dataset\fivehundred\50.jpg,5,500_rupees,legacy,5_legacy_lenovo_s820_row_2013:10:14,train
C:\Users\bhave\OneDrive\Desktop\Sem7\ComputerVision\Project\part2\dataset\dataset\fivehundred\51.jpg,5,500_rupees,legacy,5_legacy_lenovo_s820_row_2013:10:14,train
C:\Users\bhave\OneDrive\Desktop\Sem7\ComputerVision\Project\part2\dataset\dataset\fivehundred\52.jpg,5,500_rupees,legacy,5_legacy_lenovo_s820_row_2013:10:14,train
C:\Users\bhave\OneDrive\Desktop\Sem7\ComputerVision\Project\part2\dataset\dataset\fivehundred\53.jpg,5,500_rupees,legacy,5_legacy_lenovo_s820_row_2013:10:14,train
C:\Users\bhave\OneDrive\Desktop\Sem7\ComputerVision\Project\part2\dataset\dataset\fivehundred\54.jpg,5,500_rupees,legacy,5_legacy_lenovo_s820_row_2013:10:14,train
C:\Users\bhave\OneDrive\Desktop\Sem7\ComputerVision\Project\part2\dataset\dataset\fivehundred\55.jpg,5,500_rupees,legacy,5_legacy_lenovo_s820_row_2013:10:14,train
C:\Users\bhave\OneDrive\Desktop\Sem7\ComputerVision\Project\part2\dataset\dataset\fivehundred\56.jpg,5,500_rupees,legacy,5_legacy_lenovo_s820_row_2013:10:14,train
C:\Users\bhave\OneDrive\Desktop\Sem7\ComputerVision\Project\part2\dataset\dataset\fivehundred\57.jpg,5,500_rupees,legacy,5_legacy_lenovo_s820_row_2013:10:14,train
C:\Users\bhave\OneDrive\Desktop\Sem7\ComputerVision\Project\part2\dataset\dataset\fivehundred\58.jpg,5,500_rupees,legacy,5_legacy_lenovo_s820_row_2013:10:14,train
C:\Users\bhave\OneDrive\Desktop\Sem7\ComputerVision\Project\part2\dataset\dataset\fivehundred\59.jpg,5,500_rupees,legacy,5_legacy_lenovo_s820_row_2013:10:14,train
C:\Users\bhave\OneDrive\Desktop\Sem7\ComputerVision\Project\part2\dataset\dataset\fivehundred\6.jpg,5,500_rupees,legacy,5_legacy_samsung_gt-s6802_2013:05:09,train
C:\Users\bhave\OneDrive\Desktop\Sem7\ComputerVision\Project\part2\dataset\dataset\fivehundred\60.jpg,5,500_rupees,legacy,5_legacy_lenovo_s820_row_2013:10:14,train
C:\Users\bhave\OneDrive\Desktop\Sem7\ComputerVision\Project\part2\dataset\dataset\fivehundred\7.jpg,5,500_rupees,legacy,5_legacy_samsung_gt-s6802_2013:05:09,train
C:\Users\bhave\OneDrive\Desktop\Sem7\ComputerVision\Project\part2\dataset\dataset\fivehundred\8.jpg,5,500_rupees,legacy,5_legacy_samsung_gt-s6802_2013:05:09,train
C:\Users\bhave\OneDrive\Desktop\Sem7\ComputerVision\Project\part2\dataset\dataset\fivehundred\9.jpg,5,500_rupees,legacy,5_legacy_samsung_gt-s6802_2013:05:09,train
